"File Path: C:\Users\Administrator\Desktop\User Data Files\Colgate Group\Paul\7_29 Testing\Test Run 71 07-29-25 12 22 17 PM\DAQ- Crosshead, … - (Timed).csv   "
"Test: Hysteresis"
"Test Run: Test Run 71"
"Date: 7/29/2025 12:20:18 PM"
""
""
"_Cycle","Crosshead ","Load ","Time ","Cycle Channel "
"_Cycle","mm","kN","sec","count"
"1","1.24223448801786","0.00511343050003052","0.100000001490116","1"
"1","1.3425094075501","0.00643046188354492","0.200000002980232","1"
"1","1.44241168163717","0.00681760454177856","0.300000011920929","1"
"1","1.54236052185297","0.00779096031188965","0.400000005960464","1"
"1","1.6423559281975","0.00833933162689209","0.5","1"
"1","1.74235133454204","0.00956005096435547","0.600000023841858","1"
"1","1.84234674088657","0.0101167030334473","0.699999988079071","1"
"1","1.94238871335983","0.0112081842422485","0.800000011920929","1"
"1","2.04233755357563","0.0119450569152832","0.899999976158142","1"
"1","2.14228639379144","0.013196216583252","1","1"
"1","2.2423283662647","0.0141461086273193","1.10000002384186","1"
"1","2.34237033873796","0.0149923372268677","1.20000004768372","1"
"1","2.44231917895377","0.0162228336334229","1.29999995231628","1"
"1","2.5423145852983","0.0173773975372314","1.39999997615814","1"
"1","2.64235655777156","0.0186027240753174","1.5","1"
"1","2.7423519641161","0.0198435459136963","1.60000002384186","1"
"1","2.8423008043319","0.0211211853027344","1.70000004768372","1"
"1","2.94234277680516","0.0225471801757813","1.79999995231628","1"
"1","3.0423381831497","0.0240186920166016","1.89999997615814","1"
"1","3.14233358949423","0.0253479747772217","2","1"
"1","3.24232899583876","0.0266712417602539","2.09999990463257","1"
"1","3.34232440218329","0.0282136478424072","2.20000004768372","1"
"1","3.44231980852783","0.0299929485321045","2.29999995231628","1"
"1","3.54236178100109","0.0317377910614014","2.40000009536743","1"
"1","3.64235718734562","0.0333874549865723","2.5","1"
"1","3.74230602756143","0.0352061500549316","2.59999990463257","1"
"1","3.84230143390596","0.0366958961486816","2.70000004768372","1"
"1","3.94229684025049","0.0386499290466309","2.79999995231628","1"
"1","4.04229247942567","0.0402196083068848","2.90000009536743","1"
"1","4.14233421906829","0.042435302734375","3","1"
"1","4.2423764243722","0.0441349639892578","3.09999990463257","1"
"1","4.34232503175735","0.0463116111755371","3.20000004768372","1"
"1","4.44232067093253","0.048664421081543","3.29999995231628","1"
"1","4.54236241057515","0.0505848426818848","3.40000009536743","1"
"1","4.6423114836216","0.0524569854736328","3.5","1"
"1","4.74230665713549","0.0549193077087402","3.59999990463257","1"
"1","4.84230229631066","0.056848560333252","3.70000004768372","1"
"1","4.94234403595328","0.0593051528930664","3.79999995231628","1"
"1","5.04233967512846","0.0612996406555176","3.90000009536743","1"
"1","5.14233484864235","0.0639347648620606","4","1"
"1","5.24233048781753","0.0661087875366211","4.09999990463257","1"
"1","5.34232566133142","0.0686063690185547","4.19999980926514","1"
"1","5.44232130050659","0.0712214508056641","4.30000019073486","1"
"1","5.54231647402048","0.0734348831176758","4.40000009536743","1"
"1","5.64231211319566","0.076055061340332","4.5","1"
"1","5.74235385283828","0.078474494934082","4.59999990463257","1"
"1","5.8204592205584","0.0801172103881836","4.69999980926514","1"
"1","5.71748334914446","0.0734330291748047","4.80000019073486","1"
"1","5.61767397448421","0.0669965057373047","4.90000009536743","1"
"1","5.51772536709905","0.0614240684509277","5","1"
"1","5.41772972792387","0.0563934516906738","5.09999990463257","1"
"1","5.31773455440998","0.0513788909912109","5.19999980926514","1"
"1","5.2177389152348","0.0460318031311035","5.30000019073486","1"
"1","5.11769717559218","0.0417729454040527","5.40000009536743","1"
"1","5.01770153641701","0.0372190322875977","5.5","1"
"1","4.91779949516058","0.0331925163269043","5.59999990463257","1"
"1","4.81775728985667","0.0294552574157715","5.69999980926514","1"
"1","4.71766898408532","0.0255049667358398","5.80000019073486","1"
"1","4.61771991103888","0.0223262023925781","5.90000009536743","1"
"1","4.51777130365372","0.019681583404541","6","1"
"1","4.41772909834981","0.0166854419708252","6.09999990463257","1"
"1","4.31773392483592","0.0140118379592896","6.19999980926514","1"
"1","4.21778485178947","0.0117762508392334","6.30000019073486","1"
"1","4.11774311214685","0.00914900302886963","6.40000009536743","1"
"1","4.01770090684295","0.00717275285720825","6.5","1"
"1","3.91770573332906","0.00552835512161255","6.59999990463257","1"
"2","3.86088457889855","0.00485714244842529","6.69999980926514","2"
"2","3.96204460412264","0.00829790210723877","6.80000019073486","2"
"2","4.06171381473541","0.0115666017532349","6.90000009536743","2"
"2","4.16175602003932","0.0148958787918091","7","2"
"2","4.26175119355321","0.0181745948791504","7.09999990463257","2"
"2","4.36169980093837","0.0213618812561035","7.19999980926514","2"
"2","4.46174200624228","0.0252855606079102","7.30000019073486","2"
"2","4.56178421154618","0.0290134410858154","7.40000009536743","2"
"2","4.66173281893134","0.0327686805725098","7.5","2"
"2","4.76172845810652","0.0364650497436523","7.59999990463257","2"
"2","4.86172363162041","0.0402170257568359","7.69999980926514","2"
"2","4.96171927079558","0.0439031600952148","7.80000019073486","2"
"2","5.06171444430947","0.0480087127685547","7.90000009536743","2"
"2","5.16171008348465","0.0515886993408203","8","2"
"2","5.26170525699854","0.0555771217346191","8.10000038146973","2"
"2","5.36174746230245","0.0595725746154785","8.19999980926514","2"
"2","5.46174263581634","0.0631992378234863","8.30000019073486","2"
"2","5.56169170886278","0.067221794128418","8.39999961853027","2"
"2","5.6617334485054","0.0708424072265625","8.5","2"
"2","5.76172908768058","0.074678596496582","8.60000038146973","2"
"2","5.86172426119447","0.0781998901367188","8.69999980926514","2"
"2","5.93293691053987","0.080544303894043","8.80000019073486","2"
"2","5.82935521379113","0.0736026306152344","8.89999961853027","2"
"2","5.72949927300215","0.0678492584228516","9","2"
"2","5.62950409948826","0.0617817916870117","9.10000038146973","2"
"2","5.52950846031308","0.0566420135498047","9.19999980926514","2"
"2","5.42955985292792","0.0510618171691895","9.30000019073486","2"
"2","5.32956421375275","0.0461225242614746","9.39999961853027","2"
"2","5.22952247411013","0.0415647430419922","9.5","2"
"2","5.12952683493495","0.0370012702941895","9.60000038146973","2"
"2","5.02953166142106","0.0329195289611816","9.69999980926514","2"
"2","4.92953602224588","0.029220495223999","9.80000019073486","2"
"2","4.82954084873199","0.0254264507293701","9.89999961853027","2"
"2","4.72949864342809","0.0222349548339844","10","2"
"2","4.62955003604293","0.0184925384521484","10.1000003814697","2"
"2","4.52960096299648","0.0158948793411255","10.1999998092651","2"
"2","4.42951265722513","0.0132030210494995","10.3000001907349","2"
"2","4.32951701804996","0.010776255607605","10.3999996185303","2"
"2","4.2295684106648","0.00804576301574707","10.5","2"
"2","4.12952620536089","0.00659027576446533","10.6000003814697","2"
"3","4.02976386249065","0.00450541830062866","10.6999998092651","3"
"3","4.0909624658525","0.00691543674468994","10.8000001907349","3"
"3","4.19109780341387","0.0104113035202026","10.8999996185303","3"
"3","4.29095327854156","0.0136969919204712","11","3"
"3","4.39090235158801","0.0170141010284424","11.1000003814697","3"
"3","4.4908975251019","0.0210863056182861","11.1999998092651","3"
"3","4.59089316427708","0.024325777053833","11.3000001907349","3"
"3","4.6909349039197","0.0279063110351562","11.3999996185303","3"
"3","4.7909771092236","0.0318548774719238","11.5","3"
"3","4.89092571660876","0.0359833641052246","11.6000003814697","3"
"3","4.99092135578394","0.0400243339538574","11.6999998092651","3"
"3","5.09091652929783","0.0437435417175293","11.8000001907349","3"
"3","5.19086560234427","0.0480914459228516","11.8999996185303","3"
"3","5.29090734198689","0.0518952903747559","12","3"
"3","5.3909495472908","0.0559479446411133","12.1000003814697","3"
"3","5.49089815467596","0.0601087875366211","12.1999998092651","3"
"3","5.59089379385114","0.0641626358032227","12.3000001907349","3"
"3","5.69098209962249","0.0681428756713867","12.3999996185303","3"
"3","5.79093117266893","0.0719316177368164","12.5","3"
"3","5.89087978005409","0.0762396087646484","12.6000003814697","3"
"3","5.990921985358","0.0797684478759766","12.6999998092651","3"
"3","5.98062900826335","0.0782548141479492","12.8000001907349","3"
"3","5.88179798796773","0.0719954986572266","12.8999996185303","3"
"3","5.78189548105001","0.0656553115844727","13","3"
"3","5.68194687366486","0.0602792854309082","13.1000003814697","3"
"3","5.58190466836095","0.0547527122497559","13.1999998092651","3"
"3","5.48190949484706","0.049739143371582","13.3000001907349","3"
"3","5.38196042180061","0.0453412971496582","13.3999996185303","3"
"3","5.28196524828672","0.0404127197265625","13.5","3"
"3","5.18192304298282","0.0361101799011231","13.6000003814697","3"
"3","5.08192786946893","0.0320782127380371","13.6999998092651","3"
"3","4.98197879642248","0.0280323257446289","13.8000001907349","3"
"3","4.88193705677986","0.02436256980896","13.8999996185303","3"
"3","4.78189485147595","0.0208334274291992","14","3"
"3","4.6819462440908","0.0177376594543457","14.1000003814697","3"
"3","4.58195060491562","0.0147936458587646","14.1999998092651","3"
"3","4.48195543140173","0.0122679853439331","14.3000001907349","3"
"3","4.38191322609782","0.01011266040802","14.3999996185303","3"
"3","4.28191805258393","0.00744516277313232","14.5","3"
"3","4.18196897953749","0.00527239227294922","14.6000003814697","3"
"4","4.14470955729485","0.00519800901412964","14.6999998092651","4"
"4","4.24810498952866","0.00887158107757568","14.8000001907349","4"
"4","4.34796046465635","0.0124721746444702","14.8999996185303","4"
"4","4.44795610383153","0.0157620086669922","15","4"
"4","4.54795127734542","0.0195486907958984","15.1000003814697","4"
"4","4.64790035039186","0.0229258098602295","15.1999998092651","4"
"4","4.74789552390575","0.0266125373840332","15.3000001907349","4"
"4","4.84793772920966","0.0305845851898193","15.3999996185303","4"
"4","4.94793290272355","0.0345835609436035","15.5","4"
"4","5.04788197577","0.0386762504577637","15.6000003814697","4"
"4","5.14787714928389","0.0427228126525879","15.6999998092651","4"
"4","5.24791935458779","0.0466035995483398","15.8000001907349","4"
"4","5.34791452810168","0.0509361763000488","15.8999996185303","4"
"4","5.44791016727686","0.0553055114746094","16","4"
"4","5.54790534079075","0.0592879333496094","16.1000003814697","4"
"4","5.64790097996593","0.063430965423584","16.2000007629395","4"
"4","5.74794271960855","0.0680077133178711","16.2999992370605","4"
"4","5.84793835878372","0.0718843002319336","16.3999996185303","4"
"4","5.94793353229761","0.0760646514892578","16.5","4"
"4","6.04792917147279","0.0799617614746094","16.6000003814697","4"
"4","6.00862037390471","0.0768088226318359","16.7000007629395","4"
"4","5.90843847021461","0.0707151489257812","16.7999992370605","4"
"4","5.80848986282945","0.0647450408935547","16.8999996185303","4"
"4","5.708540789783","0.0589938049316406","17","4"
"4","5.60854561626911","0.0540489501953125","17.1000003814697","4"
"4","5.5085034109652","0.0488155860900879","17.2000007629395","4"
"4","5.40850823745131","0.0440928077697754","17.2999992370605","4"
"4","5.30855916440487","0.0392556381225586","17.3999996185303","4"
"4","5.20856399089098","0.0351030654907227","17.5","4"
"4","5.10852178558707","0.0310707149505615","17.6000003814697","4"
"4","5.00852661207318","0.0268475532531738","17.7000007629395","4"
"4","4.90857753902674","0.0233212051391602","17.7999992370605","4"
"4","4.80853579938412","0.0200793418884277","17.8999996185303","4"
"4","4.70849359408021","0.0168827457427979","18","4"
"4","4.60854498669505","0.0140398855209351","18.1000003814697","4"
"4","4.50854934751987","0.0114498300552368","18.2000007629395","4"
"4","4.40850760787725","0.00890719985961914","18.2999992370605","4"
"4","4.30851196870208","0.00690698432922363","18.3999996185303","4"
"4","4.20856336131692","0.00509804582595825","18.5","4"
"5","4.23604203388095","0.00643032217025757","18.6000003814697","5"
"5","4.33445395901799","0.00946305274963379","18.7000007629395","5"
"5","4.43435600027442","0.0133128480911255","18.7999992370605","5"
"5","4.5343516394496","0.0168603458404541","18.8999996185303","5"
"5","4.63434681296349","0.0201110973358154","19","5"
"5","4.73429588600993","0.0241545295715332","19.1000003814697","5"
"5","4.83433762565255","0.0276929187774658","19.2000007629395","5"
"5","4.93433326482773","0.031908971786499","19.2999992370605","5"
"5","5.03428187221289","0.0356443824768066","19.3999996185303","5"
"5","5.13432407751679","0.0397898101806641","19.5","5"
"5","5.23431925103068","0.0442588653564453","19.6000003814697","5"
"5","5.33431489020586","0.0482438545227051","19.7000007629395","5"
"5","5.43431052938104","0.0524619064331055","19.7999992370605","5"
"5","5.53430570289493","0.0567563285827637","19.8999996185303","5"
"5","5.6343013420701","0.0609288787841797","20","5"
"5","5.73434308171272","0.0653218078613281","20.1000003814697","5"
"5","5.83438528701663","0.0695529327392578","20.2000007629395","5"
"5","5.93438046053052","0.0733137588500977","20.2999992370605","5"
"5","6.03432953357697","0.0775008926391602","20.3999996185303","5"
"5","6.13008625805378","0.0817972564697266","20.5","5"
"5","6.03810185566545","0.0757407684326172","20.6000003814697","5"
"5","5.93843264505267","0.069816047668457","20.7000007629395","5"
"5","5.83853013813496","0.0636063728332519","20.7999992370605","5"
"5","5.73853496462107","0.0584037284851074","20.8999996185303","5"
"5","5.63853932544589","0.0525374412536621","21","5"
"5","5.53849758580327","0.0479131278991699","21.1000003814697","5"
"5","5.43854851275682","0.0430929183959961","21.2000007629395","5"
"5","5.33855333924294","0.038439697265625","21.2999992370605","5"
"5","5.23855770006776","0.0343088302612305","21.3999996185303","5"
"5","5.13856252655387","0.0303204307556152","21.5","5"
"5","5.03852032124996","0.0259779376983643","21.6000003814697","5"
"5","4.93852514773607","0.0226821994781494","21.7000007629395","5"
"5","4.8385295085609","0.0195663185119629","21.7999992370605","5"
"5","4.73853433504701","0.0165593395233154","21.8999996185303","5"
"5","4.63853869587183","0.0134890918731689","22","5"
"5","4.53859008848667","0.0106648073196411","22.1000003814697","5"
"5","4.43854788318276","0.00871183586120606","22.2000007629395","5"
"5","4.33850614354014","0.00635455417633057","22.2999992370605","5"
"6","4.24708006903529","0.00470596837997436","22.3999996185303","6"
"6","4.32923762127757","0.00753421020507813","22.5","6"
"6","4.42918622866273","0.0112161560058594","22.6000003814697","6"
"6","4.52918186783791","0.0148342437744141","22.7000007629395","6"
"6","4.62913047522306","0.0182707138061523","22.7999992370605","6"
"6","4.72912611439824","0.0216873226165771","22.8999996185303","6"
"6","4.82912128791213","0.0256298770904541","23","6"
"6","4.92911692708731","0.0296368732452393","23.1000003814697","6"
"6","5.0291121006012","0.0339049987792969","23.2000007629395","6"
"6","5.12910773977637","0.0377109909057617","23.2999992370605","6"
"6","5.22910291329026","0.0418161811828613","23.3999996185303","6"
"6","5.32914511859417","0.0459018630981445","23.5","6"
"6","5.42909372597933","0.0505416793823242","23.6000003814697","6"
"6","5.5290893651545","0.0542425193786621","23.7000007629395","6"
"6","5.62913157045841","0.0588155288696289","23.7999992370605","6"
"6","5.7291267439723","0.0628708190917969","23.8999996185303","6"
"6","5.82916894927621","0.0672025833129883","24","6"
"6","5.9291641227901","0.0717031784057617","24.1000003814697","6"
"6","6.02911319583654","0.0757046356201172","24.2000007629395","6"
"6","6.12915493547916","0.0798796234130859","24.2999992370605","6"
"6","6.10186252743006","0.0777137756347656","24.3999996185303","6"
"6","6.0020531527698","0.0713648529052734","24.5","6"
"6","5.90215111151338","0.0652507705688477","24.6000003814697","6"
"6","5.80210890620947","0.0597352981567383","24.7000007629395","6"
"6","5.70211373269558","0.0541102447509766","24.7999992370605","6"
"6","5.60216465964913","0.0492871131896973","24.8999996185303","6"
"6","5.50212292000651","0.044420768737793","25","6"
"6","5.40212728083134","0.0396868133544922","25.1000003814697","6"
"6","5.30217867344618","0.0353196907043457","25.2000007629395","6"
"6","5.20213646814227","0.0312584552764893","25.2999992370605","6"
"6","5.10209472849965","0.0271522789001465","25.3999996185303","6"
"6","5.00214565545321","0.0236981029510498","25.5","6"
"6","4.90215048193932","0.020575080871582","25.6000003814697","6"
"6","4.80215484276414","0.0171116199493408","25.7000007629395","6"
"6","4.70211310312152","0.0141432657241821","25.7999992370605","6"
"6","4.60216403007507","0.011399847984314","25.8999996185303","6"
"6","4.50216885656118","0.00856290531158447","26","6"
"6","4.40208008512855","0.0067115478515625","26.1000003814697","6"
"7","4.31447336450219","0.00513673782348633","26.2000007629395","7"
"7","4.39993757754564","0.00782720899581909","26.2999992370605","7"
"7","4.49979351833463","0.011676833152771","26.3999996185303","7"
"7","4.59978869184852","0.0151676959991455","26.5","7"
"7","4.69973776489496","0.0187459716796875","26.6000003814697","7"
"7","4.79973293840885","0.0228764324188232","26.7000007629395","7"
"7","4.89972857758403","0.026274528503418","26.7999992370605","7"
"7","4.99977031722665","0.0304669990539551","26.8999996185303","7"
"7","5.09971939027309","0.0345177421569824","27","7"
"7","5.19966799765825","0.0383797454833984","27.1000003814697","7"
"7","5.29975676909089","0.0426562194824219","27.2000007629395","7"
"7","5.39975194260478","0.0467510261535645","27.2999992370605","7"
"7","5.4996544495225","0.0512613868713379","27.3999996185303","7"
"7","5.59969618916512","0.0556474914550781","27.5","7"
"7","5.69978496059775","0.0601887741088867","27.6000003814697","7"
"7","5.79973356798291","0.0641548385620117","27.7000007629395","7"
"7","5.89972920715809","0.0684437103271484","27.7999992370605","7"
"7","5.99972438067198","0.0727447509765625","27.8999996185303","7"
"7","6.09972001984715","0.0772255096435547","28","7"
"7","6.1874664388597","0.080685417175293","28.1000003814697","7"
"7","6.08756393194199","0.0748493499755859","28.2000007629395","7"
"7","5.98789472132921","0.0683760147094727","28.2999992370605","7"
"7","5.88794564828277","0.0627115173339844","28.3999996185303","7"
"7","5.78795047476888","0.0572889442443848","28.5","7"
"7","5.6879548355937","0.0520669593811035","28.6000003814697","7"
"7","5.58791309595108","0.0471683044433594","28.7000007629395","7"
"7","5.4879174567759","0.0421691780090332","28.7999992370605","7"
"7","5.38792228326201","0.0378249359130859","28.8999996185303","7"
"7","5.28792664408684","0.0335655860900879","29","7"
"7","5.18793147057295","0.029643087387085","29.1000003814697","7"
"7","5.08793583139777","0.0259343547821045","29.2000007629395","7"
"7","4.98798722401261","0.0220427646636963","29.2999992370605","7"
"7","4.88794501870871","0.0188301982879639","29.3999996185303","7"
"7","4.78790327906609","0.0155704689025879","29.5","7"
"7","4.68795420601964","0.0128269948959351","29.6000003814697","7"
"7","4.58795903250575","0.0103310060501099","29.7000007629395","7"
"7","4.48796339333057","0.00803260135650635","29.7999992370605","7"
"7","4.38792165368795","0.00598745775222778","29.8999996185303","7"
"8","4.35750838369131","0.00577831602096558","30","8"
"8","4.4602514244616","0.00892780113220215","30.1000003814697","8"
"8","4.56020049750805","0.012329794883728","30.2000007629395","8"
"8","4.66014910489321","0.0163005619049072","30.2999992370605","8"
"8","4.76014474406838","0.0197920818328857","30.3999996185303","8"
"8","4.86013991758227","0.0232747344970703","30.5","8"
"8","4.96008899062872","0.0275229301452637","30.6000003814697","8"
"8","5.06008416414261","0.0317406158447266","30.7000007629395","8"
"8","5.16007980331779","0.0357192230224609","30.7999992370605","8"
"8","5.26012154296041","0.0397371520996094","30.8999996185303","8"
"8","5.36016374826431","0.0437343368530273","31","8"
"8","5.46011235564947","0.0482201118469238","31.1000003814697","8"
"8","5.56010799482465","0.0524633522033691","31.2000007629395","8"
"8","5.66010316833854","0.0568975105285645","31.2999992370605","8"
"8","5.76014537364244","0.0613165512084961","31.3999996185303","8"
"8","5.86014054715633","0.0657985992431641","31.5","8"
"8","5.96008962020278","0.0700244293212891","31.6000003814697","8"
"8","6.06017792597413","0.0742850036621094","31.7000007629395","8"
"8","6.16017356514931","0.0780939025878906","31.7999992370605","8"
"8","6.20041368529201","0.0800646133422852","31.8999996185303","8"
"8","6.09944062307477","0.0735799331665039","32","8"
"8","5.99953811615705","0.0675593032836914","32.0999984741211","8"
"8","5.89954294264317","0.0618386192321777","32.2000007629395","8"
"8","5.79950073733926","0.056359676361084","32.2999992370605","8"
"8","5.6995521299541","0.0511277618408203","32.4000015258789","8"
"8","5.59955649077892","0.046187816619873","32.5","8"
"8","5.4995147511363","0.0416469116210937","32.5999984741211","8"
"8","5.39951911196113","0.0369665985107422","32.7000007629395","8"
"8","5.29957050457597","0.0324261436462402","32.7999992370605","8"
"8","5.19952829927206","0.0288871364593506","32.9000015258789","8"
"8","5.09953312575817","0.0246390609741211","33","8"
"8","4.99953748658299","0.0212009525299072","33.0999984741211","8"
"8","4.89958887919784","0.018201322555542","33.2000007629395","8"
"8","4.79954667389393","0.0152078542709351","33.2999992370605","8"
"8","4.69955150038004","0.0124069185256958","33.4000015258789","8"
"8","4.59955586120486","0.0095566873550415","33.5","8"
"8","4.49956068769097","0.00767666482925415","33.5999984741211","8"
"8","4.39947191625834","0.00533105230331421","33.7000007629395","8"
"9","4.41721687093377","0.00611837673187256","33.7999992370605","9"
"9","4.51544253155589","0.0102511434555054","33.9000015258789","9"
"9","4.61539113894105","0.0133630142211914","34","9"
"9","4.7153402119875","0.0173284168243408","34.0999984741211","9"
"9","4.81528881937265","0.0205698795318604","34.2000007629395","9"
"9","4.91533102467656","0.0246851272583008","34.2999992370605","9"
"9","5.01537276431918","0.0284213581085205","34.4000015258789","9"
"9","5.11532183736563","0.0324977340698242","34.5","9"
"9","5.21527044475079","0.0370474281311035","34.5999984741211","9"
"9","5.31531265005469","0.0407859497070312","34.7000007629395","9"
"9","5.41530782356858","0.0449404220581055","34.7999992370605","9"
"9","5.51530346274376","0.0494667663574219","34.9000015258789","9"
"9","5.61534520238638","0.0537516212463379","35","9"
"9","5.71534084156156","0.058287166595459","35.0999984741211","9"
"9","5.81533601507545","0.0627088432312012","35.2000007629395","9"
"9","5.91533165425062","0.0667566223144531","35.2999992370605","9"
"9","6.01532682776451","0.0711310043334961","35.4000015258789","9"
"9","6.11532246693969","0.0755625686645508","35.5","9"
"9","6.21531764045358","0.0797162094116211","35.5999984741211","9"
"9","6.18383334949613","0.0772726669311523","35.7000007629395","9"
"9","6.08383817598224","0.0712115325927734","35.7999992370605","9"
"9","5.98393566906452","0.065090950012207","35.9000015258789","9"
"9","5.88394049555063","0.0592255363464355","36","9"
"9","5.78394485637546","0.0541376075744629","36.0999984741211","9"
"9","5.68394968286157","0.0491256904602051","36.2000007629395","9"
"9","5.58390747755766","0.0441411437988281","36.2999992370605","9"
"9","5.48391230404377","0.0393693733215332","36.4000015258789","9"
"9","5.38396323099732","0.0351443862915039","36.5","9"
"9","5.28396805748343","0.0306670436859131","36.5999984741211","9"
"9","5.18392585217953","0.0271769180297852","36.7000007629395","9"
"9","5.08393067866564","0.0234347019195557","36.7999992370605","9"
"9","4.98398160561919","0.0198209934234619","36.9000015258789","9"
"9","4.88393986597657","0.01670361328125","37","9"
"9","4.78389766067266","0.0139693717956543","37.0999984741211","9"
"9","4.68394905328751","0.0113422269821167","37.2000007629395","9"
"9","4.58399998024106","0.00822506904602051","37.2999992370605","9"
"9","4.48395824059844","0.00646766376495361","37.4000015258789","9"
"10","4.38400916755199","0.00458816194534302","37.5","10"
"10","4.44027129560709","0.0067597918510437","37.5999984741211","10"
"10","4.54026646912098","0.00994384956359863","37.7000007629395","10"
"10","4.64016897603869","0.0136144914627075","37.7999992370605","10"
"10","4.74007101729512","0.0173821277618408","37.9000015258789","10"
"10","4.84011322259903","0.0211240825653076","38","10"
"10","4.94015496224165","0.0245138568878174","38.0999984741211","10"
"10","5.0401040352881","0.0288733959197998","38.2000007629395","10"
"10","5.14009920880198","0.0325410499572754","38.2999992370605","10"
"10","5.24009484797716","0.0369488525390625","38.4000015258789","10"
"10","5.34013658761978","0.0410471115112305","38.5","10"
"10","5.44013222679496","0.0453087997436523","38.5999984741211","10"
"10","5.54008083418012","0.0494605331420898","38.7000007629395","10"
"10","5.64012303948402","0.0539071273803711","38.7999992370605","10"
"10","5.74011821299791","0.0582812042236328","38.9000015258789","10"
"10","5.84016041830182","0.0624970741271973","39","10"
"10","5.94015559181571","0.0666927795410156","39.0999984741211","10"
"10","6.04010466486216","0.071421989440918","39.2000007629395","10"
"10","6.14014640450478","0.0754751358032227","39.2999992370605","10"
"10","6.24014204367995","0.0800841293334961","39.4000015258789","10"
"10","6.18117861449718","0.0765133438110352","39.5","10"
"10","6.0810437425971","0.0698064193725586","39.5999984741211","10"
"10","5.98114123567939","0.0642845153808594","39.7000007629395","10"
"10","5.8811460621655","0.058659423828125","39.7999992370605","10"
"10","5.78115042299032","0.0533059730529785","39.9000015258789","10"
"10","5.68115524947643","0.0480631408691406","40","10"
"10","5.58111304417253","0.0432114295959473","40.0999984741211","10"
"10","5.48107130452991","0.0386506500244141","40.2000007629395","10"
"10","5.38116879761219","0.0343116340637207","40.2999992370605","10"
"10","5.2811736240983","0.0302218246459961","40.4000015258789","10"
"10","5.18113141879439","0.0263626708984375","40.5","10"
"10","5.0811362452805","0.0227788372039795","40.5999984741211","10"
"10","4.98114060610533","0.0188419017791748","40.7000007629395","10"
"10","4.88114543259144","0.0159341039657593","40.7999992370605","10"
"10","4.78110322728753","0.0129588871002197","40.9000015258789","10"
"10","4.68115415424109","0.010274920463562","41","10"
"10","4.5811589807272","0.00813782691955567","41.0999984741211","10"
"10","4.48116334155202","0.00539786243438721","41.2000007629395","10"
"11","4.42844117060304","0.00474942445755005","41.2999992370605","11"
"11","4.53081214800477","0.00848361396789551","41.4000015258789","11"
"11","4.63057449087501","0.0123452577590942","41.5","11"
"11","4.73052356392145","0.01575745677948","41.5999984741211","11"
"11","4.83051873743534","0.0195694141387939","41.7000007629395","11"
"11","4.93051437661052","0.0236018695831299","41.7999992370605","11"
"11","5.03050955012441","0.0274204883575439","41.9000015258789","11"
"11","5.13050518929958","0.0311619491577148","42","11"
"11","5.2305469289422","0.0352408561706543","42.0999984741211","11"
"11","5.33054256811738","0.0395056571960449","42.2000007629395","11"
"11","5.43049117550254","0.043730396270752","42.2999992370605","11"
"11","5.53048681467772","0.0479940795898438","42.4000015258789","11"
"11","5.63052855432034","0.052332820892334","42.5","11"
"11","5.73052419349551","0.0570561370849609","42.5999984741211","11"
"11","5.83056593313813","0.0613823280334473","42.7000007629395","11"
"11","5.93056157231331","0.0655670394897461","42.7999992370605","11"
"11","6.03051017969847","0.0699627990722656","42.9000015258789","11"
"11","6.13055238500237","0.0741836624145508","43","11"
"11","6.23050099238753","0.0784390029907227","43.0999984741211","11"
"11","6.24959636479616","0.0790899200439453","43.2000007629395","11"
"11","6.1509981751442","0.0725814437866211","43.2999992370605","11"
"11","6.05109613388777","0.0663530883789063","43.4000015258789","11"
"11","5.95110049471259","0.0612685241699219","43.5","11"
"11","5.8511053211987","0.0555952606201172","43.5999984741211","11"
"11","5.75115671381354","0.0504877166748047","43.7000007629395","11"
"11","5.65116107463837","0.0454205780029297","43.7999992370605","11"
"11","5.55111886933446","0.0408606262207031","43.9000015258789","11"
"11","5.45112369582057","0.0361624336242676","44","11"
"11","5.35112805664539","0.0321617050170898","44.0999984741211","11"
"11","5.2511328831315","0.0279266128540039","44.2000007629395","11"
"11","5.15113724395633","0.0243334159851074","44.2999992370605","11"
"11","5.05114207044244","0.0206538753509521","44.4000015258789","11"
"11","4.95114643126726","0.0173907814025879","44.5","11"
"11","4.85115125775337","0.0139900875091553","44.5999984741211","11"
"11","4.75110905244946","0.0113724584579468","44.7000007629395","11"
"11","4.65111387893558","0.00918803787231445","44.7999992370605","11"
"11","4.55116480588913","0.00688588762283325","44.9000015258789","11"
"12","4.45484882220626","0.00472572660446167","45","12"
"12","4.53127780929208","0.00748006772994995","45.0999984741211","12"
"12","4.63141268119216","0.0109306335449219","45.2000007629395","12"
"12","4.73131518810987","0.0146171417236328","45.2999992370605","12"
"12","4.83131036162376","0.0180304927825928","45.4000015258789","12"
"12","4.93130600079894","0.0222216930389404","45.5","12"
"12","5.03130117431283","0.0262465686798096","45.5999984741211","12"
"12","5.13129681348801","0.0302271957397461","45.7000007629395","12"
"12","5.23133855313063","0.0340568771362305","45.7999992370605","12"
"12","5.3313341923058","0.0382879257202148","45.9000015258789","12"
"12","5.43132936581969","0.0429553451538086","46","12"
"12","5.53127843886614","0.0470491905212402","46.0999984741211","12"
"12","5.63132017850876","0.0514548263549805","46.2000007629395","12"
"12","5.73131581768394","0.0558565177917481","46.2999992370605","12"
"12","5.83135755732656","0.0602912368774414","46.4000015258789","12"
"12","5.93135319650173","0.0644679107666016","46.5","12"
"12","6.03130180388689","0.0688508605957031","46.5999984741211","12"
"12","6.1313440091908","0.0733593368530273","46.7000007629395","12"
"12","6.23129261657596","0.077829704284668","46.7999992370605","12"
"12","6.3156858086586","0.0810586929321289","46.9000015258789","12"
"12","6.21443288400769","0.075098258972168","47","12"
"12","6.1147166416049","0.0689300842285156","47.0999984741211","12"
"12","6.01472146809101","0.0632265510559082","47.2000007629395","12"
"12","5.91472582891583","0.0577568473815918","47.2999992370605","12"
"12","5.81473065540195","0.0524086723327637","47.4000015258789","12"
"12","5.71478204801679","0.0475113906860352","47.5","12"
"12","5.61473984271288","0.0426911544799805","47.5999984741211","12"
"12","5.51469763740897","0.0375812606811523","47.7000007629395","12"
"12","5.41470246389508","0.0334703483581543","47.7999992370605","12"
"12","5.31475339084864","0.0297506542205811","47.9000015258789","12"
"12","5.21475821733475","0.0262803153991699","48","12"
"12","5.11471601203084","0.0219798259735107","48.0999984741211","12"
"12","5.01472083851695","0.0189605674743652","48.2000007629395","12"
"12","4.9147717654705","0.0155847454071045","48.2999992370605","12"
"12","4.81473002582788","0.0126797885894775","48.4000015258789","12"
"12","4.71468782052398","0.0101176280975342","48.5","12"
"12","4.61473921313882","0.0077348895072937","48.5999984741211","12"
"12","4.51474357396364","0.00556156253814697","48.7000007629395","12"
"13","4.48381854221225","0.00517823171615601","48.7999992370605","13"
"13","4.58660814911127","0.00876066207885742","48.9000015258789","13"
"13","4.68660378828645","0.0123315582275391","49","13"
"13","4.78655239567161","0.0163811225891113","49.0999984741211","13"
"13","4.88650146871805","0.0198092346191406","49.2000007629395","13"
"13","4.98654320836067","0.0238587512969971","49.2999992370605","13"
"13","5.08653884753585","0.0278940048217773","49.4000015258789","13"
"13","5.18648745492101","0.032052864074707","49.5","13"
"13","5.28648309409618","0.0357254829406738","49.5999984741211","13"
"13","5.3865248337388","0.0403978843688965","49.7000007629395","13"
"13","5.48652047291398","0.0442263298034668","49.7999992370605","13"
"13","5.58651564642787","0.0484802322387695","49.9000015258789","13"
"13","5.68655785173178","0.0526953506469727","50","13"
"13","5.78655302524567","0.0573171539306641","50.0999984741211","13"
"13","5.88650209829211","0.0616459121704102","50.2000007629395","13"
"13","5.98654383793473","0.0659470901489258","50.2999992370605","13"
"13","6.08653947710991","0.0706395568847656","50.4000015258789","13"
"13","6.1865346506238","0.0749365005493164","50.5","13"
"13","6.28653028979897","0.0791784286499023","50.5999984741211","13"
"13","6.26030890271068","0.0771648101806641","50.7000007629395","13"
"13","6.16063922643661","0.0713001556396484","50.7999992370605","13"
"13","6.06073718518019","0.0651622314453125","50.9000015258789","13"
"13","5.96074154600501","0.0594757347106934","51","13"
"13","5.86069980636239","0.0537944679260254","51.0999984741211","13"
"13","5.76075073331594","0.0486967506408691","51.2000007629395","13"
"13","5.66075555980206","0.0436665916442871","51.2999992370605","13"
"13","5.56071335449815","0.039369499206543","51.4000015258789","13"
"13","5.46071818098426","0.0346644058227539","51.5","13"
"13","5.36076910793781","0.0307596282958984","51.5999984741211","13"
"13","5.26072736829519","0.0266941375732422","51.7000007629395","13"
"13","5.16073172912002","0.0228463306427002","51.7999992370605","13"
"13","5.06073655560613","0.0194267082214355","51.9000015258789","13"
"13","4.96074091643095","0.0165890522003174","52","13"
"13","4.86074574291706","0.0135810308456421","52.0999984741211","13"
"13","4.76075010374188","0.0109231109619141","52.2000007629395","13"
"13","4.66075493022799","0.0081862325668335","52.2999992370605","13"
"13","4.56075929105282","0.00624006366729736","52.4000015258789","13"
"14","4.48270048946142","0.00459224128723145","52.5","14"
"14","4.57389326766133","0.00750131702423096","52.5999984741211","14"
"14","4.67360951006413","0.0116022996902466","52.7000007629395","14"
"14","4.77351155132055","0.0149459447860718","52.7999992370605","14"
"14","4.87350719049573","0.0186597270965576","52.9000015258789","14"
"14","4.97350236400962","0.0223288230895996","53","14"
"14","5.07354456931353","0.0265270233154297","53.0999984741211","14"
"14","5.17349317669868","0.0301888847351074","53.2000007629395","14"
"14","5.27344224974513","0.0345783615112305","53.2999992370605","14"
"14","5.37353055551648","0.0387230339050293","53.4000015258789","14"
"14","5.47352619469166","0.0430717544555664","53.5","14"
"14","5.57347480207682","0.0470905723571777","53.5999984741211","14"
"14","5.67356357350945","0.0515189781188965","53.7000007629395","14"
"14","5.77355874702334","0.0557528686523438","53.7999992370605","14"
"14","5.87355438619852","0.0602643623352051","53.9000015258789","14"
"14","5.97350299358368","0.0650985336303711","54","14"
"14","6.07354519888759","0.0692469329833984","54.0999984741211","14"
"14","6.17354037240148","0.0737740097045898","54.2000007629395","14"
"14","6.27348944544792","0.0780078048706055","54.2999992370605","14"
"14","6.32583908736706","0.0804087066650391","54.4000015258789","14"
"14","6.22323527932167","0.0734908828735352","54.5","14"
"14","6.12333323806524","0.0677978973388672","54.5999984741211","14"
"14","6.02329103276134","0.0620416946411133","54.7000007629395","14"
"14","5.92334242537618","0.0564981422424316","54.7999992370605","14"
"14","5.823346786201","0.0508525810241699","54.9000015258789","14"
"14","5.72335161268711","0.0464109725952148","55","14"
"14","5.6233094073832","0.0416033897399902","55.0999984741211","14"
"14","5.52331423386931","0.0371809158325195","55.2000007629395","14"
"14","5.42331859469414","0.0326201858520508","55.2999992370605","14"
"14","5.32332342118025","0.028425443649292","55.4000015258789","14"
"14","5.22332778200507","0.0250145797729492","55.5","14"
"14","5.12328604236245","0.0209033260345459","55.5999984741211","14"
"14","5.02333696931601","0.0178819961547852","55.7000007629395","14"
"14","4.92338836193085","0.0147287921905518","55.7999992370605","14"
"14","4.82334615662694","0.0119804124832153","55.9000015258789","14"
"14","4.72330441698432","0.00928717231750488","56","14"
"14","4.62330877780914","0.00731817245483398","56.0999984741211","14"
"14","4.52340673655272","0.00483755826950073","56.2000007629395","14"
"15","4.5648580417037","0.00639485311508179","56.2999992370605","15"
"15","4.66406159102917","0.0103920698165894","56.4000015258789","15"
"15","4.76396363228559","0.0136643953323364","56.5","15"
"15","4.86391270533204","0.0173324565887451","56.5999984741211","15"
"15","4.96390787884593","0.0211972198486328","56.7000007629395","15"
"15","5.06390351802111","0.0252335071563721","56.7999992370605","15"
"15","5.163898691535","0.0292258529663086","56.9000015258789","15"
"15","5.26389433071017","0.033176342010498","57","15"
"15","5.36393607035279","0.0373873710632324","57.0999984741211","15"
"15","5.46393170952797","0.0413809432983398","57.2000007629395","15"
"15","5.56388031691313","0.045942569732666","57.2999992370605","15"
"15","5.66392252221704","0.0504392967224121","57.4000015258789","15"
"15","5.76391769573092","0.0549749412536621","57.5","15"
"15","5.86395990103483","0.0593603401184082","57.5999984741211","15"
"15","5.96390850841999","0.0635388832092285","57.7000007629395","15"
"15","6.0639507137239","0.0682585906982422","57.7999992370605","15"
"15","6.16394588723779","0.0723401336669922","57.9000015258789","15"
"15","6.26389496028423","0.0771001205444336","58","15"
"15","6.35732337832451","0.0809245986938477","58.0999984741211","15"
"15","6.26207841560245","0.0751095199584961","58.2000007629395","15"
"15","6.1624557711184","0.0692245178222656","58.2999992370605","15"
"15","6.06255326420069","0.063292911529541","58.4000015258789","15"
"15","5.9625580906868","0.0579154472351074","58.5","15"
"15","5.86251588538289","0.0525005340576172","58.5999984741211","15"
"15","5.762520711869","0.047645938873291","58.7000007629395","15"
"15","5.66257163882256","0.0422021141052246","58.7999992370605","15"
"15","5.56252989917994","0.0376119995117188","58.9000015258789","15"
"15","5.46253426000476","0.0337081642150879","59","15"
"15","5.36253908649087","0.0296022453308105","59.0999984741211","15"
"15","5.26254344731569","0.0253901176452637","59.2000007629395","15"
"15","5.16250170767307","0.021995491027832","59.2999992370605","15"
"15","5.06255263462663","0.0187329959869385","59.4000015258789","15"
"15","4.96255746111274","0.015604884147644","59.5","15"
"15","4.86251525580883","0.0127274141311646","59.5999984741211","15"
"15","4.76256664842367","0.010283501625061","59.7000007629395","15"
"15","4.66252444311976","0.00726980113983154","59.7999992370605","15"
"15","4.56257583573461","0.00525837802886963","59.9000015258789","15"
"15","4.55484446138144","0.00503091955184937","59.9090003967285","15"
