"File Path: C:\Users\Administrator\Desktop\User Data Files\Colgate Group\Paul\8_12Testing\Test Run 163 08-12-25 10 16 09 AM\DAQ- Crosshead, … - (Timed).csv   "
"Test: Tensile_2400N"
"Test Run: Test Run 163"
"Date: 8/12/2025 10:13:30 AM"
""
""
"Crosshead ","Load ","Time "
"mm","kN","sec"
"0.004517724391917","0.00109493339061737","0.100000001490116"
"0.00973406622506445","0.00144821584224701","0.200000002980232"
"0.0148106846609153","0.00172001612186432","0.300000011920929"
"0.019840728782583","0.00159473025798798","0.400000005960464"
"0.024824197680573","0.00203758358955383","0.5"
"0.0299008152069291","0.0025878894329071","0.600000023841858"
"0.0349774345522746","0.00223981595039368","0.699999988079071"
"0.0399143282265868","0.00260299015045166","0.800000011920929"
"0.0448512255388778","0.0027888240814209","0.899999976158142"
"0.0498346926178783","0.00293854832649231","1"
"0.0549113101442344","0.00327854347229004","1.10000002384186"
"0.0599413542659022","0.00363414406776428","1.20000004768372"
"0.0648782515781932","0.00353259038925171","1.29999995231628"
"0.0698617222951725","0.00327847266197205","1.39999997615814"
"0.0748451857361943","0.00406254196166992","1.5"
"0.079921810538508","0.00392802095413208","1.60000002384186"
"0.0849518546601757","0.00427030611038208","1.70000004768372"
"0.0898887446965091","0.00408345937728882","1.79999995231628"
"0.0948722154134884","0.00436146593093872","1.89999997615814"
"0.0999022595351562","0.00414460325241089","2"
"0.104885730252136","0.00479044818878174","2.09999990463257"
"0.109915774373803","0.00504307270050049","2.20000004768372"
"0.114899245090783","0.00493696451187134","2.29999995231628"
"0.119882708531804","0.0049216799736023","2.40000009536743"
"0.124912752653472","0.00489416885375977","2.5"
"0.12994279677514","0.00534142208099365","2.59999990463257"
"0.134879694087431","0.00527235126495361","2.70000004768372"
"0.139816591399722","0.00537924003601074","2.79999995231628"
"0.14489320165012","0.00544163513183594","2.90000009536743"
"0.149969826452434","0.00561023759841919","3"
"0.154953289893456","0.00560827732086182","3.09999990463257"
"0.159890187205747","0.00591626119613648","3.20000004768372"
"0.164873665198684","0.00612508726119995","3.29999995231628"
"0.169857128639705","0.00606772518157959","3.40000009536743"
"0.174933738890104","0.00649882507324219","3.5"
"0.179963783011772","0.00647463798522949","3.59999990463257"
"0.184900680324063","0.0064840784072876","3.70000004768372"
"0.189884158317","0.00664939117431641","3.79999995231628"
"0.194914202438667","0.00673812484741211","3.90000009536743"
"0.199897665879689","0.00683329057693481","4"
"0.204881129320711","0.00703611660003662","4.09999990463257"
"0.209864607313648","0.007075035572052","4.19999980926514"
"0.214894651435316","0.00729358768463135","4.30000019073486"
"0.219924695556983","0.00727231407165527","4.40000009536743"
"0.225001305807382","0.00765977764129639","4.5"
"0.229891636990942","0.00781118059158325","4.59999990463257"
"0.234828519751318","0.00798025226593018","4.69999980926514"
"0.239905144553632","0.00794516372680664","4.80000019073486"
"0.244935188675299","0.00807816410064697","4.90000009536743"
"0.249918666668236","0.00836651039123535","5"
"0.254855549428612","0.00821261596679687","5.09999990463257"
"0.259839027421549","0.0087430009841919","5.19999980926514"
"0.264869071543217","0.00860398197174072","5.30000019073486"
"0.269945681793615","0.0090051851272583","5.40000009536743"
"0.274929159786552","0.00932816600799561","5.5"
"0.279866042546928","0.00931448364257812","5.59999990463257"
"0.284849520539865","0.00941475486755371","5.69999980926514"
"0.289926130790263","0.00972179222106934","5.80000019073486"
"0.2949096087832","0.00944402503967285","5.90000009536743"
"0.299846491543576","0.00999321556091309","6"
"0.304876535665244","0.0100558700561523","6.09999990463257"
"0.309906579786912","0.010367133140564","6.19999980926514"
"0.314936623908579","0.0105688152313232","6.30000019073486"
"0.319966668030247","0.0105298500061035","6.40000009536743"
"0.324856984661892","0.0107186975479126","6.5"
"0.329793896526098","0.0113208618164062","6.59999990463257"
"0.334917072905228","0.0114112586975098","6.69999980926514"
"0.339947117026895","0.0117774076461792","6.80000019073486"
"0.344930595019832","0.011762583732605","6.90000009536743"
"0.349867477780208","0.0118255472183228","7"
"0.354850955773145","0.0117318649291992","7.09999990463257"
"0.359880999894813","0.012055344581604","7.19999980926514"
"0.36491104401648","0.0122808265686035","7.30000019073486"
"0.369894522009417","0.0127559776306152","7.40000009536743"
"0.374878000002354","0.0131473798751831","7.5"
"0.379908044124022","0.0128751773834229","7.59999990463257"
"0.38493808824569","0.0134550142288208","7.69999980926514"
"0.389921537134796","0.0134326686859131","7.80000019073486"
"0.394858448999003","0.0138541078567505","7.90000009536743"
"0.399841897888109","0.0141768407821655","8"
"0.404918537242338","0.0143394727706909","8.10000038146973"
"0.409901986131445","0.0143298177719116","8.19999980926514"
"0.414932030253112","0.014586332321167","8.30000019073486"
"0.419868942117319","0.0146724538803101","8.39999961853027"
"0.424805824877694","0.0149251708984375","8.5"
"0.429929030360654","0.0150905513763428","8.60000038146973"
"0.434959074482322","0.0153373336791992","8.69999980926514"
"0.439895957242697","0.0156111860275269","8.80000019073486"
"0.444879435235634","0.0160412616729736","8.89999961853027"
"0.449862913228571","0.0162708034515381","9"
"0.454892957350239","0.0164815158843994","9.10000038146973"
"0.459923001471907","0.01656178855896","9.19999980926514"
"0.464906450361013","0.0167460880279541","9.30000019073486"
"0.46988992835395","0.0169910488128662","9.39999961853027"
"0.474919972475618","0.0173006649017334","9.5"
"0.479950016597286","0.0175351943969727","9.60000038146973"
"0.484886899357662","0.017452657699585","9.69999980926514"
"0.489870377350599","0.018047025680542","9.80000019073486"
"0.494853826239705","0.0184247531890869","9.89999961853027"
"0.499930465593934","0.0184500179290771","10"
"0.504960480611771","0.0189957046508789","10.1000003814697"
"0.509897421579808","0.0197087135314941","10.1999998092651"
"0.514880870468915","0.0194230213165283","10.3000001907349"
"0.519864319358021","0.0199123420715332","10.3999996185303"
"0.524894392583519","0.020013801574707","10.5"
"0.529971031937748","0.0205254459381104","10.6000003814697"
"0.534907914698124","0.0209707221984863","10.6999998092651"
"0.53989136358723","0.0210118350982666","10.8000001907349"
"0.544921436812729","0.0209297676086426","10.8999996185303"
"0.549904885701835","0.0210923938751221","11"
"0.554888334590942","0.0221232013702393","11.1000003814697"
"0.559871841687709","0.0219080352783203","11.1999998092651"
"0.564855290576816","0.0222497520446777","11.3000001907349"
"0.569931929931045","0.0227534255981445","11.3999996185303"
"0.574961944948882","0.0229829292297363","11.5"
"0.579898827709258","0.0232339630126953","11.6000003814697"
"0.584835768677294","0.0236333141326904","11.6999998092651"
"0.589865783695132","0.0237654781341553","11.8000001907349"
"0.594942423049361","0.0239659957885742","11.8999996185303"
"0.599925871938467","0.0247859630584717","12"
"0.604909320827574","0.0250071868896484","12.1000003814697"
"0.60984626179561","0.0254135303497314","12.1999998092651"
"0.614876276813447","0.0258406600952148","12.3000001907349"
"0.619952916167676","0.025931941986084","12.3999996185303"
"0.624936365056783","0.0261877098083496","12.5"
"0.629873247817159","0.0265477867126465","12.6000003814697"
"0.634856754913926","0.0270177307128906","12.6999998092651"
"0.639933336060494","0.0273866443634033","12.8000001907349"
"0.644916843157262","0.0279109687805176","12.8999996185303"
"0.649900292046368","0.0281018600463867","13"
"0.654883740935475","0.0283138484954834","13.1000003814697"
"0.659913814160973","0.0287737045288086","13.1999998092651"
"0.66494382917881","0.0293391265869141","13.3000001907349"
"0.669973902404308","0.0298483753204346","13.3999996185303"
"0.674864219035953","0.029635196685791","13.5"
"0.679801101796329","0.0303275604248047","13.6000003814697"
"0.684877741150558","0.0305708141326904","13.6999998092651"
"0.689954322297126","0.0308952693939209","13.8000001907349"
"0.694937829393893","0.0312761268615723","13.8999996185303"
"0.699874712154269","0.0315749416351318","14"
"0.704858161043376","0.0319609432220459","14.1000003814697"
"0.709888234268874","0.0324684600830078","14.1999998092651"
"0.714918249286711","0.0328767433166504","14.3000001907349"
"0.719901756383479","0.0336093864440918","14.3999996185303"
"0.724885205272585","0.0330067443847656","14.5"
"0.729915220290422","0.0339384727478027","14.6000003814697"
"0.73489872738719","0.0342205963134766","14.6999998092651"
"0.739928742405027","0.0346780738830566","14.8000001907349"
"0.744865683373064","0.0350586891174316","14.8999996185303"
"0.74984913226217","0.035611213684082","15"
"0.754925713408738","0.0358962516784668","15.1000003814697"
"0.759955786634237","0.0363588180541992","15.1999998092651"
"0.764939235523343","0.0372920684814453","15.3000001907349"
"0.76987617649138","0.0372870674133301","15.3999996185303"
"0.774813059251755","0.037745548248291","15.5"
"0.779889640398324","0.0382882461547852","15.6000003814697"
"0.784966279752553","0.0383723945617676","15.6999998092651"
"0.789856596384197","0.0384589004516602","15.8000001907349"
"0.794886669609696","0.0390930557250977","15.8999996185303"
"0.799916684627533","0.0394658432006836","16"
"0.804853567387909","0.0397994995117188","16.1000003814697"
"0.809930206742138","0.0404847984313965","16.2000007629395"
"0.814913655631244","0.0408749160766602","16.2999992370605"
"0.81985053839162","0.0414407272338867","16.3999996185303"
"0.824927177745849","0.0417724914550781","16.5"
"0.829957250971347","0.0422639770507812","16.6000003814697"
"0.834894133731723","0.0427045135498047","16.7000007629395"
"0.839877582620829","0.0429094314575195","16.7999992370605"
"0.844861089717597","0.04343505859375","16.8999996185303"
"0.849937670864165","0.0440459823608398","17"
"0.854967744089663","0.0446007537841797","17.1000003814697"
"0.859904626850039","0.0449571990966797","17.2000007629395"
"0.864841509610415","0.0453724021911621","17.2999992370605"
"0.869871582835913","0.0459068717956543","17.3999996185303"
"0.87490159785375","0.0461372108459473","17.5"
"0.879978237207979","0.046877311706543","17.6000003814697"
"0.884915119968355","0.0471223754882812","17.7000007629395"
"0.88985200272873","0.0474505996704102","17.7999992370605"
"0.894882075954229","0.0477904205322266","17.8999996185303"
"0.899912090972066","0.0482637367248535","18"
"0.904895539861172","0.0486631622314453","18.1000003814697"
"0.90987904695794","0.0492420692443848","18.2000007629395"
"0.914909061975777","0.0497304229736328","18.2999992370605"
"0.919892569072545","0.0505416107177734","18.3999996185303"
"0.924969150219113","0.0511362342834473","18.5"
"0.929906091187149","0.0509684944152832","18.6000003814697"
"0.934842973947525","0.0513408508300781","18.7000007629395"
"0.939872988965362","0.0519706916809082","18.7999992370605"
"0.944949628319591","0.0526463203430176","18.8999996185303"
"0.949933077208698","0.0530715141296387","19"
"0.954916584305465","0.0536753578186035","19.1000003814697"
"0.959853467065841","0.0541536254882813","19.2000007629395"
"0.964836915954947","0.0546362800598145","19.2999992370605"
"0.969913555309176","0.0550624885559082","19.3999996185303"
"0.974943570327014","0.055483268737793","19.5"
"0.979880453087389","0.0559998512268066","19.6000003814697"
"0.984863960184157","0.0561075592041016","19.7000007629395"
"0.989940599538386","0.0569860992431641","19.7999992370605"
"0.994923990219831","0.0572949333190918","19.8999996185303"
"0.999907497316599","0.0576005439758301","20"
"1.00489100441337","0.0584770622253418","20.1000003814697"
"1.00987439509481","0.0588296432495117","20.2000007629395"
"1.01495103444904","0.0590293350219727","20.2999992370605"
"1.01993454154581","0.0596620864868164","20.3999996185303"
"1.02487148251384","0.0602536811828613","20.5"
"1.02980830706656","0.0603368186950684","20.6000003814697"
"1.03488494642079","0.0607604560852051","20.7000007629395"
"1.03996158577502","0.0619075927734375","20.7999992370605"
"1.04494497645646","0.0622735786437988","20.8999996185303"
"1.0498819174245","0.0624486656188965","21"
"1.05486542452127","0.0630032768249512","21.1000003814697"
"1.05984881520271","0.0635629234313965","21.2000007629395"
"1.06492545455694","0.0638287696838379","21.2999992370605"
"1.06995552778244","0.0645733032226563","21.3999996185303"
"1.07489246875048","0.0648690032958984","21.5"
"1.07987585943192","0.0653382949829102","21.6000003814697"
"1.08495249878615","0.0657086639404297","21.7000007629395"
"1.08988943975419","0.0663376159667969","21.7999992370605"
"1.09487283043563","0.0666986770629883","21.8999996185303"
"1.0998563375324","0.0669214935302734","22"
"1.1048864107579","0.0680458831787109","22.1000003814697"
"1.10996305011213","0.0683056335449219","22.2000007629395"
"1.11494644079357","0.0685324172973633","22.2999992370605"
"1.11988338176161","0.0691398620605469","22.3999996185303"
"1.12482020631433","0.0695813064575195","22.5"
"1.12985027953982","0.0701025848388672","22.6000003814697"
"1.13492691889405","0.0704469223022461","22.7000007629395"
"1.13991042599082","0.0709591522216797","22.7999992370605"
"1.14484725054353","0.0715041198730469","22.8999996185303"
"1.14987732376903","0.07242919921875","23"
"1.15490739699453","0.0727761993408203","23.1000003814697"
"1.15993747022003","0.0729326248168945","23.2000007629395"
"1.16492086090147","0.0734980697631836","23.2999992370605"
"1.16985780186951","0.0736539840698242","23.3999996185303"
"1.17488787509501","0.0744745025634766","23.5"
"1.17996439803392","0.074820686340332","23.6000003814697"
"1.18494790513068","0.0756369705200195","23.7000007629395"
"1.18983827996999","0.0761235427856445","23.7999992370605"
"1.19486823678017","0.0767557678222656","23.8999996185303"
"1.19989831000566","0.0771386260986328","24"
"1.20492838323116","0.0775175857543945","24.1000003814697"
"1.20991189032793","0.0781416091918945","24.2000007629395"
"1.21484871488065","0.0783758316040039","24.2999992370605"
"1.21983222197741","0.0791245040893555","24.3999996185303"
"1.22490886133164","0.0796703872680664","24.5"
"1.22998538427055","0.0798311386108398","24.6000003814697"
"1.23492232523859","0.08021826171875","24.7000007629395"
"1.23985926620662","0.0808865737915039","24.7999992370605"
"1.2448892230168","0.0810250015258789","24.8999996185303"
"1.2499192962423","0.0823529357910156","25"
"1.25494936946779","0.0821757049560547","25.1000003814697"
"1.25988619402051","0.0826512985229492","25.2000007629395"
"1.26486970111728","0.0835519332885742","25.2999992370605"
"1.26989977434278","0.084009162902832","25.3999996185303"
"1.27492984756827","0.0842561874389648","25.5"
"1.27991323824972","0.0855948181152344","25.6000003814697"
"1.28485017921776","0.085468391418457","25.7000007629395"
"1.28988025244325","0.086009033203125","25.7999992370605"
"1.29495689179748","0.0864879684448242","25.8999996185303"
"1.29994028247893","0.0866949462890625","26"
"1.3049237895757","0.087560188293457","26.1000003814697"
"1.30986061412841","0.0885468215942383","26.2000007629395"
"1.31484412122518","0.0890296859741211","26.2999992370605"
"1.31992076057941","0.0895322341918945","26.3999996185303"
"1.32495083380491","0.0900785675048828","26.5"
"1.32988765835762","0.0904397277832031","26.6000003814697"
"1.33487116545439","0.0906279144287109","26.7000007629395"
"1.33990123867989","0.0913672637939453","26.7999992370605"
"1.34493119549006","0.0917222213745117","26.8999996185303"
"1.34991470258683","0.0921071243286133","27"
"1.3548982096836","0.0925690689086914","27.1000003814697"
"1.35983503423631","0.0935105133056641","27.2000007629395"
"1.36491167359054","0.0937047805786133","27.2999992370605"
"1.36998831294477","0.0944277877807617","27.3999996185303"
"1.37487868778408","0.0954947052001953","27.5"
"1.37981551233679","0.0955096817016602","27.6000003814697"
"1.38489215169102","0.0959409790039062","27.7000007629395"
"1.38992222491652","0.0963787155151367","27.7999992370605"
"1.39495229814202","0.0968917922973633","27.8999996185303"
"1.39988912269473","0.0976645584106445","28"
"1.4048726297915","0.0978292388916016","28.1000003814697"
"1.40985602047294","0.0983333129882813","28.2000007629395"
"1.41493265982717","0.0993388671875","28.2999992370605"
"1.41996273305267","0.099778678894043","28.3999996185303"
"1.42485310789198","0.100243232727051","28.5"
"1.42983649857342","0.100578773498535","28.6000003814697"
"1.43491313792765","0.101006034851074","28.7000007629395"
"1.43989664502442","0.101693214416504","28.7999992370605"
"1.44488003570586","0.101830093383789","28.8999996185303"
"1.44986354280263","0.102707344055176","29"
"1.45489361602813","0.10333731842041","29.1000003814697"
"1.45992368925363","0.103860702514648","29.2000007629395"
"1.4649536460638","0.104249588012695","29.2999992370605"
"1.46989058703184","0.104551666259766","29.3999996185303"
"1.47478084545583","0.105509437561035","29.5"
"1.47990405093879","0.105698135375977","29.6000003814697"
"1.48498069029301","0.106853843688965","29.7000007629395"
"1.48991763126105","0.106868499755859","29.7999992370605"
"1.4949010219425","0.107357635498047","29.8999996185303"
"1.49983796291053","0.107848655700684","30"
"1.50486803613603","0.108359298706055","30.1000003814697"
"1.50994467549026","0.108995513916016","30.2000007629395"
"1.51492806617171","0.109739875793457","30.2999992370605"
"1.51986500713974","0.110028785705566","30.3999996185303"
"1.52489508036524","0.110587944030762","30.5"
"1.52992503717542","0.111179237365723","30.6000003814697"
"1.53490854427218","0.111545211791992","30.7000007629395"
"1.53984548524022","0.112053298950195","30.7999992370605"
"1.5448754420504","0.112716003417969","30.8999996185303"
"1.5499055152759","0.11351293182373","31"
"1.55493558850139","0.11404174041748","31.1000003814697"
"1.55996566172689","0.114557579040527","31.2000007629395"
"1.56490248627961","0.114421104431152","31.2999992370605"
"1.56983942724764","0.115232894897461","31.3999996185303"
"1.57491606660187","0.115942108154297","31.5"
"1.57994602341205","0.11631224822998","31.6000003814697"
"1.58492953050882","0.117223236083984","31.7000007629395"
"1.58986647147685","0.117150146484375","31.7999992370605"
"1.59489642828703","0.117798454284668","31.8999996185303"
"1.5998799353838","0.118526954650879","32"
"1.60495657473803","0.118645637512207","32.0999984741211"
"1.60994008183479","0.119320022583008","32.2000007629395"
"1.61487690638751","0.120092002868652","32.2999992370605"
"1.61990697961301","0.120769500732422","32.4000015258789"
"1.6249370528385","0.121015968322754","32.5"
"1.62992044351995","0.122095924377441","32.5999984741211"
"1.63485738448799","0.122292762756348","32.7000007629395"
"1.63988745771348","0.122587417602539","32.7999992370605"
"1.64491753093898","0.12371159362793","32.9000015258789"
"1.64994748774916","0.12385221862793","33"
"1.65493099484593","0.124579154968262","33.0999984741211"
"1.65986793581396","0.124871971130371","33.2000007629395"
"1.66485132649541","0.125910041809082","33.2999992370605"
"1.66992796584964","0.126323738098145","33.4000015258789"
"1.67495803907514","0.126637588500977","33.5"
"1.67994142975658","0.127488182067871","33.5999984741211"
"1.68487837072462","0.127648513793945","33.7000007629395"
"1.68990844395012","0.12801953125","33.7999992370605"
"1.69493851717561","0.128437789916992","33.9000015258789"
"1.69992190785706","0.129511276245117","34"
"1.7048588488251","0.129813323974609","34.0999984741211"
"1.7098889220506","0.130086578369141","34.2000007629395"
"1.71491887886077","0.131133941650391","34.2999992370605"
"1.71994895208627","0.131747360229492","34.4000015258789"
"1.72488589305431","0.131736358642578","34.5"
"1.72982271760702","0.132649627685547","34.5999984741211"
"1.73485279083252","0.133532150268555","34.7000007629395"
"1.73992943018675","0.133564270019531","34.7999992370605"
"1.74491293728352","0.134400390625","34.9000015258789"
"1.74994289409369","0.134630676269531","35"
"1.754833268933","0.135797210693359","35.0999984741211"
"1.7598633421585","0.135997177124023","35.2000007629395"
"1.7649398650974","0.136509796142578","35.2999992370605"
"1.7699699383229","0.136866653442383","35.4000015258789"
"1.77486031316221","0.137936782836914","35.5"
"1.77984370384365","0.138371780395508","35.5999984741211"
"1.78492034319788","0.138876174926758","35.7000007629395"
"1.78990385029465","0.139330093383789","35.7999992370605"
"1.79493392352015","0.139608627319336","35.9000015258789"
"1.79987074807286","0.140390747070313","36"
"1.80490082129836","0.140928268432617","36.0999984741211"
"1.80993089452386","0.141282135009766","36.2000007629395"
"1.81496085133404","0.141814514160156","36.2999992370605"
"1.81989779230207","0.142470123291016","36.4000015258789"
"1.82483473327011","0.143198547363281","36.5"
"1.82986469008029","0.143933135986328","36.5999984741211"
"1.83494132943451","0.144203155517578","36.7000007629395"
"1.83992483653128","0.144879959106445","36.7999992370605"
"1.84490834362805","0.145335800170898","36.9000015258789"
"1.84984516818076","0.145772415161133","37"
"1.85487524140626","0.146148956298828","37.0999984741211"
"1.85995188076049","0.146977828979492","37.2000007629395"
"1.86493527144194","0.148095321655273","37.2999992370605"
"1.86987221240997","0.147885543823242","37.4000015258789"
"1.87490228563547","0.148360656738281","37.5"
"1.87993235886097","0.148819458007813","37.5999984741211"
"1.88491574954242","0.14974169921875","37.7000007629395"
"1.88989925663918","0.150534729003906","37.7999992370605"
"1.8948360811919","0.150965042114258","37.9000015258789"
"1.89991272054613","0.151681701660156","38"
"1.90494279377162","0.151791122436523","38.0999984741211"
"1.90997286699712","0.152817901611328","38.2000007629395"
"1.91490969154984","0.153159149169922","38.2999992370605"
"1.91980006638914","0.153948577880859","38.4000015258789"
"1.92487670574337","0.154484497070313","38.5"
"1.9299533450976","0.155004333496094","38.5999984741211"
"1.93489016965032","0.155385040283203","38.7000007629395"
"1.93987367674708","0.156025726318359","38.7999992370605"
"1.94490374997258","0.156715515136719","38.9000015258789"
"1.9498405745253","0.15740087890625","39"
"1.95496389642358","0.157967163085938","39.0999984741211"
"1.9599471706897","0.158669326782227","39.2000007629395"
"1.96483754552901","0.158998992919922","39.2999992370605"
"1.96986761875451","0.15953889465332","39.4000015258789"
"1.97494425810874","0.160043884277344","39.5"
"1.9799277652055","0.16076399230957","39.5999984741211"
"1.98486470617354","0.161479614257813","39.7000007629395"
"1.98984798043966","0.161922607421875","39.7999992370605"
"1.99492461979389","0.162252593994141","39.9000015258789"
"1.99995469301939","0.162798553466797","40"
"2.00493820011616","0.163756484985352","40.0999984741211"
"2.00982857495546","0.163866333007813","40.2000007629395"
"2.01485864818096","0.164573089599609","40.2999992370605"
"2.01988872140646","0.165407699584961","40.4000015258789"
"2.02496512793005","0.166149795532227","40.5"
"2.02994863502681","0.166272918701172","40.5999984741211"
"2.03483900986612","0.166989700317383","40.7000007629395"
"2.03986908309162","0.167395858764648","40.7999992370605"
"2.04489915631711","0.167920852661133","40.9000015258789"
"2.04988266341388","0.169086517333984","41"
"2.05491273663938","0.169312423706055","41.0999984741211"
"2.0598960109055","0.170087249755859","41.2000007629395"
"2.06487951800227","0.170796951293945","41.2999992370605"
"2.0699561573565","0.171061752319336","41.4000015258789"
"2.07489309832454","0.171241241455078","41.5"
"2.07983003929257","0.172373474121094","41.5999984741211"
"2.08486011251807","0.172620849609375","41.7000007629395"
"2.08993651904166","0.173162811279297","41.7999992370605"
"2.09496659226716","0.173921096801758","41.9000015258789"
"2.09995009936392","0.174724533081055","42"
"2.10484047420323","0.175235977172852","42.0999984741211"
"2.1098239813","0.176085372924805","42.2000007629395"
"2.11490062065423","0.176439331054688","42.2999992370605"
"2.11993069387972","0.177196563720703","42.4000015258789"
"2.12486740201712","0.177541244506836","42.5"
"2.12989747524261","0.177947906494141","42.5999984741211"
"2.13488098233938","0.178550140380859","42.7000007629395"
"2.13991105556488","0.17934553527832","42.7999992370605"
"2.14494112879038","0.179948501586914","42.9000015258789"
"2.14987806975842","0.180435592651367","43"
"2.15486134402454","0.18110758972168","43.0999984741211"
"2.15989141725004","0.181706909179688","43.2000007629395"
"2.16492149047554","0.182536285400391","43.2999992370605"
"2.1699049975723","0.183126770019531","43.4000015258789"
"2.17484193854034","0.183235275268555","43.5"
"2.17987201176584","0.18428857421875","43.5999984741211"
"2.18494865112007","0.184799957275391","43.7000007629395"
"2.18993192538619","0.185298919677734","43.7999992370605"
"2.19491543248296","0.185963455200195","43.9000015258789"
"2.19985237345099","0.186475082397461","44"
"2.20483588054776","0.187223327636719","44.0999984741211"
"2.20991251990199","0.187375076293945","44.2000007629395"
"2.21498915925622","0.188473052978516","44.2999992370605"
"2.21987953409553","0.188869506835938","44.4000015258789"
"2.22486280836165","0.189675674438477","44.5"
"2.22989288158715","0.189523696899414","44.5999984741211"
"2.23492295481265","0.190243896484375","44.7000007629395"
"2.23990646190941","0.191114181518555","44.7999992370605"
"2.24488996900618","0.191663192749023","44.9000015258789"
"2.24987347610295","0.192225814819336","45"
"2.25495011545718","0.192553588867188","45.0999984741211"
"2.2599333897233","0.193052185058594","45.2000007629395"
"2.26487033069134","0.193881958007812","45.2999992370605"
"2.26985383778811","0.194749313354492","45.4000015258789"
"2.27483734488487","0.195236221313477","45.5"
"2.27996055036783","0.195557235717773","45.5999984741211"
"2.2849440574646","0.196436538696289","45.7000007629395"
"2.28988076560199","0.196995254516602","45.7999992370605"
"2.29486427269876","0.197564483642578","45.9000015258789"
"2.29989434592426","0.19827360534668","46"
"2.30492441914976","0.19877897644043","46.0999984741211"
"2.30995449237525","0.199457809448242","46.2000007629395"
"2.31484486721456","0.199708831787109","46.2999992370605"
"2.31987494044006","0.200520004272461","46.4000015258789"
"2.32495134696364","0.201501434326172","46.5"
"2.32988828793168","0.201701416015625","46.5999984741211"
"2.33487179502845","0.202268814086914","46.7000007629395"
"2.33985530212522","0.202652984619141","46.7999992370605"
"2.34488537535071","0.203619781494141","46.9000015258789"
"2.34996201470494","0.20407502746582","47"
"2.35494552180171","0.204672927856445","47.0999984741211"
"2.3598822299391","0.204915176391602","47.2000007629395"
"2.36481917090714","0.205577911376953","47.2999992370605"
"2.36989581026137","0.206567993164062","47.4000015258789"
"2.3749724496156","0.206847747802734","47.5"
"2.37995595671237","0.207293258666992","47.5999984741211"
"2.3848928976804","0.208314239501953","47.7000007629395"
"2.38987617194653","0.208649765014648","47.7999992370605"
"2.39490624517202","0.209159957885742","47.9000015258789"
"2.39993631839752","0.21027131652832","48"
"2.40491982549429","0.210506546020508","48.0999984741211"
"2.40985676646233","0.210805847167969","48.2000007629395"
"2.41488683968782","0.211545944213867","48.2999992370605"
"2.41991691291332","0.212322875976562","48.4000015258789"
"2.42494675330818","0.212290283203125","48.5"
"2.42983712814748","0.213232421875","48.5999984741211"
"2.43486720137298","0.213728591918945","48.7000007629395"
"2.43994384072721","0.214437484741211","48.7999992370605"
"2.44492734782398","0.214828002929688","48.9000015258789"
"2.44995742104948","0.215264938354492","49"
"2.45484756305814","0.216016784667969","49.0999984741211"
"2.45983107015491","0.216767883300781","49.2000007629395"
"2.46490770950913","0.217207641601563","49.2999992370605"
"2.46998434886336","0.217752349853516","49.4000015258789"
"2.4749212898314","0.218723617553711","49.5"
"2.47985823079944","0.219011383056641","49.5999984741211"
"2.48488830402493","0.219342330932617","49.7000007629395"
"2.48991837725043","0.220024810791016","49.7999992370605"
"2.49490165151656","0.220513412475586","49.9000015258789"
"2.49988515861332","0.221450454711914","50"
"2.50482209958136","0.221958389282227","50.0999984741211"
"2.50989873893559","0.222389434814453","50.2000007629395"
"2.51497537828982","0.222893981933594","50.2999992370605"
"2.51991231925786","0.223787689208984","50.4000015258789"
"2.52484902739525","0.22395783996582","50.5"
"2.52987910062075","0.224639602661133","50.5999984741211"
"2.53490917384624","0.225199295043945","50.7000007629395"
"2.53993924707174","0.225893646240234","50.7999992370605"
"2.54492275416851","0.226307312011719","50.9000015258789"
"2.54985969513655","0.226817977905273","51"
"2.55484320223331","0.227556228637695","51.0999984741211"
"2.5599196087569","0.227954193115234","51.2000007629395"
"2.5649496819824","0.228364105224609","51.2999992370605"
"2.56988662295043","0.229300796508789","51.4000015258789"
"2.5748701300472","0.229738204956055","51.5"
"2.5799002032727","0.230307434082031","51.5999984741211"
"2.5849302764982","0.231175872802734","51.7000007629395"
"2.58991378359497","0.231790328979492","51.7999992370605"
"2.59489705786109","0.231945297241211","51.9000015258789"
"2.59988056495786","0.2327724609375","52"
"2.60491063818336","0.23271516418457","52.0999984741211"
"2.60994071140885","0.233580535888672","52.2000007629395"
"2.61487765237689","0.234154983520508","52.2999992370605"
"2.61981459334493","0.234792236328125","52.4000015258789"
"2.62489099986851","0.235303131103516","52.5"
"2.62996763922274","0.23556462097168","52.5999984741211"
"2.63495114631951","0.236290740966797","52.7000007629395"
"2.63993465341628","0.236651870727539","52.7999992370605"
"2.64487159438431","0.237482086181641","52.9000015258789"
"2.64985510148108","0.237998672485352","53"
"2.65493174083531","0.238750854492187","53.0999984741211"
"2.65991501510143","0.238747406005859","53.2000007629395"
"2.6648985221982","0.239390914916992","53.2999992370605"
"2.66988202929497","0.240051651000977","53.4000015258789"
"2.67491210252047","0.240502288818359","53.5"
"2.67994217574596","0.240909591674805","53.5999984741211"
"2.684879116714","0.241561431884766","53.7000007629395"
"2.68986239098012","0.241819061279297","53.7999992370605"
"2.69489246420562","0.242610366821289","53.9000015258789"
"2.69992253743112","0.242763305664063","54"
"2.70495261065662","0.243284942626953","54.0999984741211"
"2.70988955162466","0.244192916870117","54.2000007629395"
"2.71482649259269","0.24415608215332","54.2999992370605"
"2.71990313194692","0.245255218505859","54.4000015258789"
"2.72497977130115","0.245449310302734","54.5"
"2.72991647943854","0.246008087158203","54.5999984741211"
"2.73485342040658","0.246513732910156","54.7000007629395"
"2.73988349363208","0.24686408996582","54.7999992370605"
"2.74486700072885","0.247335372924805","54.9000015258789"
"2.74994364008307","0.247506195068359","55"
"2.75492714717984","0.248296661376953","55.0999984741211"
"2.75986385531723","0.248642990112305","55.2000007629395"
"2.76489392854273","0.249188415527344","55.2999992370605"
"2.76992400176823","0.249774749755859","55.4000015258789"
"2.774907508865","0.250255813598633","55.5"
"2.77989101596177","0.251049743652344","55.5999984741211"
"2.78487452305853","0.251788803100586","55.7000007629395"
"2.78990459628403","0.251957336425781","55.7999992370605"
"2.79493443667889","0.252473571777344","55.9000015258789"
"2.79991794377565","0.252962158203125","56"
"2.80485488474369","0.253330276489258","56.0999984741211"
"2.80983839184046","0.2536064453125","56.2000007629395"
"2.81486846506596","0.254173751831055","56.2999992370605"
"2.81999167054892","0.254623626708984","56.4000015258789"
"2.82492861151695","0.254981872558594","56.5"
"2.82986531965435","0.256045562744141","56.5999984741211"
"2.83489539287984","0.256307281494141","56.7000007629395"
"2.83987889997661","0.256710784912109","56.7999992370605"
"2.84490897320211","0.257494384765625","56.9000015258789"
"2.84989248029888","0.257384307861328","57"
"2.85487598739564","0.25762060546875","57.0999984741211"
"2.8599058277905","0.258393646240234","57.2000007629395"
"2.864935901016","0.258937683105469","57.2999992370605"
"2.86991940811276","0.259411315917969","57.4000015258789"
"2.8748563490808","0.259607543945312","57.5"
"2.87983985617757","0.259929443359375","57.5999984741211"
"2.8849164955318","0.260775817871094","57.7000007629395"
"2.8899465687573","0.261350158691406","57.7999992370605"
"2.89492984302342","0.261579559326172","57.9000015258789"
"2.89986678399146","0.261907379150391","58"
"2.90485029108822","0.262310241699219","58.0999984741211"
"2.90992693044245","0.262660461425781","58.2000007629395"
"2.91495700366795","0.263481353759766","58.2999992370605"
"2.91989394463599","0.263672637939453","58.4000015258789"
"2.92487721890211","0.263993347167969","58.5"
"2.92986072599888","0.264388519287109","58.5999984741211"
"2.93493736535311","0.264972686767578","58.7000007629395"
"2.93992087244987","0.265160064697266","58.7999992370605"
"2.94490437954664","0.265961517333984","58.9000015258789"
"2.94988788664341","0.266288818359375","59"
"2.95491795986891","0.266671966552734","59.0999984741211"
"2.95994780026376","0.266774200439453","59.2000007629395"
"2.9648847412318","0.267109436035156","59.2999992370605"
"2.96982168219984","0.267881927490234","59.4000015258789"
"2.97485175542533","0.267611175537109","59.5"
"2.97992839477956","0.268598724365234","59.5999984741211"
"2.98495846800506","0.269094024658203","59.7000007629395"
"2.9898954089731","0.269542266845703","59.7999992370605"
"2.99487868323922","0.269494323730469","59.9000015258789"
"2.99986219033599","0.269592010498047","60"
"3.00493882969022","0.270379119873047","60.0999984741211"
"3.00996890291572","0.270870635986328","60.2000007629395"
"3.01490584388375","0.270879791259766","60.2999992370605"
"3.01988935098052","0.271320526123047","60.4000015258789"
"3.02491942420602","0.271959930419922","60.5"
"3.02990269847214","0.271578369140625","60.5999984741211"
"3.03488620556891","0.272239166259766","60.7000007629395"
"3.03986971266568","0.272541076660156","60.7999992370605"
"3.04485321976244","0.273186187744141","60.9000015258789"
"3.04992985911667","0.273801391601563","61"
"3.05495993234217","0.273674377441406","61.0999984741211"
"3.05989664047956","0.274032806396484","61.2000007629395"
"3.0648335814476","0.274141143798828","61.2999992370605"
"3.0698636546731","0.274307434082031","61.4000015258789"
"3.07494029402733","0.274859893798828","61.5"
"3.0799238011241","0.275031097412109","61.5999984741211"
"3.08490730822086","0.275545684814453","61.7000007629395"
"3.08989081531763","0.275758361816406","61.7999992370605"
"3.09487408958375","0.276157775878906","61.9000015258789"
"3.09995072893798","0.276104309082031","62"
"3.10498080216348","0.276464508056641","62.0999984741211"
"3.10987117700279","0.276908599853516","62.2000007629395"
"3.11485468409956","0.276828979492187","62.2999992370605"
"3.11993132345378","0.277334747314453","62.4000015258789"
"3.12491483055055","0.277671478271484","62.5"
"3.12989810481668","0.278179443359375","62.5999984741211"
"3.13488161191344","0.278536590576172","62.7000007629395"
"3.13991168513894","0.278556274414062","62.7999992370605"
"3.14494175836444","0.279095520019531","62.9000015258789"
"3.14992526546121","0.279262298583984","63"
"3.15486220642924","0.279555053710938","63.0999984741211"
"3.15984548069537","0.279487274169922","63.2000007629395"
"3.16487555392087","0.279670288085938","63.2999992370605"
"3.16999875940382","0.279692840576172","63.4000015258789"
"3.17493570037186","0.280051422119141","63.5"
"3.1798726413399","0.279941314697266","63.5999984741211"
"3.18485614843667","0.2805634765625","63.7000007629395"
"3.18988622166216","0.280674011230469","63.7999992370605"
"3.19491606205702","0.281339233398438","63.9000015258789"
"3.19994613528252","0.281451019287109","64"
"3.20488307625055","0.281181365966797","64.0999984741211"
"3.20986658334732","0.28162548828125","64.1999969482422"
"3.21494322270155","0.281994750976563","64.3000030517578"
"3.21992672979832","0.281852844238281","64.4000015258789"
"3.22486343793571","0.282142425537109","64.5"
"3.22984694503248","0.282282257080078","64.5999984741211"
"3.23492358438671","0.282078399658203","64.6999969482422"
"3.2399536576122","0.2825625","64.8000030517578"
"3.24493716470897","0.282333068847656","64.9000015258789"
"3.24987410567701","0.282438873291016","65"
"3.25481104664505","0.282524719238281","65.0999984741211"
"3.25988745316863","0.282913726806641","65.1999969482422"
"3.26496409252286","0.282547180175781","65.3000030517578"
"3.2699010334909","0.282559844970703","65.4000015258789"
"3.27488454058766","0.283112426757813","65.5"
"3.27986804768443","0.282712860107422","65.5999984741211"
"3.28489812090993","0.282764617919922","65.6999969482422"
"3.28992819413543","0.283203582763672","65.8000030517578"
"3.29491146840155","0.283156616210938","65.9000015258789"
"3.29984840936959","0.282983551025391","66"
"3.30487848259509","0.283156768798828","66.0999984741211"
"3.30995512194932","0.282757781982422","66.1999969482422"
"3.31493862904608","0.282971954345703","66.3000030517578"
"3.31982900388539","0.283084320068359","66.4000015258789"
"3.32485907711089","0.283139801025391","66.5"
"3.32993548363447","0.283077606201172","66.5999984741211"
"3.33491899073124","0.283219177246094","66.6999969482422"
"3.33990249782801","0.283368133544922","66.8000030517578"
"3.34483943879604","0.283516876220703","66.9000015258789"
"3.34982294589281","0.283432281494141","67"
"3.35494615137577","0.283788726806641","67.0999984741211"
"3.35997622460127","0.283444396972656","67.1999969482422"
"3.36491293273866","0.283702209472656","67.3000030517578"
"3.3698498737067","0.283364044189453","67.4000015258789"
"3.3748799469322","0.283189697265625","67.5"
"3.37991002015769","0.283323364257813","67.5999984741211"
"3.38489352725446","0.283213775634766","67.6999969482422"
"3.38987703435123","0.283072082519531","67.8000030517578"
"3.39486030861735","0.283257659912109","67.9000015258789"
"3.39993694797158","0.282920593261719","68"
"3.40492045506835","0.283214904785156","68.0999984741211"
"3.40990396216512","0.282488555908203","68.1999969482422"
"3.41484090313315","0.282324981689453","68.3000030517578"
"3.41982441022992","0.282293640136719","68.4000015258789"
"3.42494761571288","0.282626922607422","68.5"
"3.42997745610774","0.282421661376953","68.5999984741211"
"3.43491439707577","0.28215283203125","68.6999969482422"
"3.43989790417254","0.281641784667969","68.8000030517578"
"3.44483484514058","0.281929260253906","68.9000015258789"
"3.44991148449481","0.281662567138672","69"
"3.45498812384903","0.281526489257812","69.0999984741211"
"3.4598782658577","0.281527526855469","69.1999969482422"
"3.46486177295446","0.281294128417969","69.3000030517578"
"3.46993841230869","0.281095703125","69.4000015258789"
"3.47492191940546","0.281001434326172","69.5"
"3.47990542650223","0.280333160400391","69.5999984741211"
"3.484888933599","0.280337554931641","69.6999969482422"
"3.48987244069576","0.280162719726562","69.8000030517578"
"3.49490228109062","0.279694488525391","69.9000015258789"
"3.49997892044485","0.279486785888672","70"
"3.50486929528415","0.278708160400391","70.0999984741211"
"3.50985280238092","0.279294006347656","70.1999969482422"
"3.51488287560642","0.279144378662109","70.3000030517578"
"3.51995951496065","0.27892431640625","70.4000015258789"
"3.52494302205741","0.278629425048828","70.5"
"3.52987973019481","0.278356719970703","70.5999984741211"
"3.53486323729157","0.277817840576172","70.6999969482422"
"3.53989331051707","0.277855499267578","70.8000030517578"
"3.54492338374257","0.277299682617188","70.9000015258789"
"3.54995345696807","0.277092987060547","71"
"3.55489039793611","0.277259643554688","71.0999984741211"
"3.55987367220223","0.277093841552734","71.1999969482422"
"3.56490374542773","0.276896942138672","71.3000030517578"
"3.56993381865323","0.276822418212891","71.4000015258789"
"3.57487075962126","0.276362243652344","71.5"
"3.57985426671803","0.276706298828125","71.5999984741211"
"3.58493090607226","0.276392852783203","71.6999969482422"
"3.58991441316903","0.276283081054688","71.8000030517578"
"3.59494425356388","0.276002166748047","71.9000015258789"
"3.59988119453192","0.276409851074219","72"
"3.60481813549995","0.275764038085938","72.0999984741211"
"3.60989477485418","0.276105163574219","72.1999969482422"
"3.61497141420841","0.275654205322266","72.3000030517578"
"3.61990835517645","0.275713043212891","72.4000015258789"
"3.62489186227322","0.275428680419922","72.5"
"3.62987513653934","0.275059967041016","72.5999984741211"
"3.63490520976484","0.275026458740234","72.6999969482422"
"3.63993528299034","0.274686248779297","72.8000030517578"
"3.6449187900871","0.274406158447266","72.9000015258789"
"3.64985573105514","0.274244842529297","73"
"3.65488580428064","0.2738662109375","73.0999984741211"
"3.65996244363487","0.273630645751953","73.1999969482422"
"3.66494571790099","0.273142486572266","73.3000030517578"
"3.66988265886903","0.272964111328125","73.4000015258789"
"3.6748661659658","0.272939636230469","73.5"
"3.67989623919129","0.272211242675781","73.5999984741211"
"3.68492631241679","0.271889434814453","73.6999969482422"
"3.68990981951356","0.271352813720703","73.8000030517578"
"3.69484652765095","0.271011962890625","73.9000015258789"
"3.69983003474772","0.271077789306641","74"
"3.70490667410195","0.270406372070312","74.0999984741211"
"3.70998331345618","0.270519256591797","74.1999969482422"
"3.71492025442421","0.270250640869141","74.3000030517578"
"3.71985719539225","0.269429504394531","74.4000015258789"
"3.72488726861775","0.269985778808594","74.5"
"3.72987054288387","0.269224822998047","74.5999984741211"
"3.7349471822381","0.268852081298828","74.6999969482422"
"3.73993068933487","0.268611358642578","74.8000030517578"
"3.74486763030291","0.2684423828125","74.9000015258789"
"3.7498977035284","0.268051422119141","75"
"3.75497434288263","0.267609832763672","75.0999984741211"
"3.75991128385067","0.267579315185547","75.1999969482422"
"3.76484799198806","0.267102325439453","75.3000030517578"
"3.76987806521356","0.267140380859375","75.4000015258789"
"3.77495470456779","0.266949127197266","75.5"
"3.77993821166456","0.26639208984375","75.5999984741211"
"3.78492171876132","0.266231750488281","75.6999969482422"
"3.78985865972936","0.26611669921875","75.8000030517578"
"3.79484193399549","0.266076904296875","75.9000015258789"
"3.79991857334971","0.265998046875","76"
"3.80494864657521","0.265740386962891","76.0999984741211"
"3.80988558754325","0.265019653320313","76.1999969482422"
"3.81486909464002","0.265202270507813","76.3000030517578"
"3.81989916786551","0.265263000488281","76.4000015258789"
"3.82492924109101","0.264682434082031","76.5"
"3.82991251535714","0.264224670410156","76.5999984741211"
"3.8348960224539","0.263718841552734","76.6999969482422"
"3.83987952955067","0.263396728515625","76.8000030517578"
"3.84490960277617","0.263380126953125","76.9000015258789"
"3.8499862421304","0.262611724853516","77"
"3.85492318309844","0.262046447753906","77.0999984741211"
"3.8598133251071","0.262307159423828","77.1999969482422"
"3.86488996446133","0.262015045166016","77.3000030517578"
"3.86992003768682","0.2620029296875","77.4000015258789"
"3.87495011091232","0.261648864746094","77.5"
"3.87988705188036","0.261094055175781","77.5999984741211"
"3.88487055897713","0.261016265869141","77.6999969482422"
"3.88985406607389","0.261080230712891","77.8000030517578"
"3.89493070542812","0.260644104003906","77.9000015258789"
"3.89996054582298","0.260481384277344","78"
"3.90489748679101","0.260052276611328","78.0999984741211"
"3.90988122671843","0.260131439208984","78.1999969482422"
"3.91491083428264","0.259609344482422","78.3000030517578"
"3.91994090750813","0.259565734863281","78.4000015258789"
"3.9249244146049","0.259254455566406","78.5"
"3.92986135557294","0.259098510742187","78.5999984741211"
"3.93489142879844","0.258865997314453","78.6999969482422"
"3.93992150202394","0.258695739746094","78.8000030517578"
"3.94495157524943","0.258719268798828","78.9000015258789"
"3.94988851621747","0.258473022460938","79"
"3.95482545718551","0.258314025878906","79.0999984741211"
"3.95985553041101","0.257931091308594","79.1999969482422"
"3.96497873589396","0.257781219482422","79.3000030517578"
"3.96996224299073","0.257642333984375","79.4000015258789"
"3.97489918395877","0.257754333496094","79.5"
"3.97988222539425","0.257514190673828","79.5999984741211"
"3.98486573249102","0.257164184570312","79.6999969482422"
"3.98994237184525","0.256995330810547","79.8000030517578"
"3.99492587894201","0.256183410644531","79.9000015258789"
"3.99986281991005","0.256219635009766","80"
"4.00489289313555","0.256012542724609","80.0999984741211"
"4.00992296636105","0.255787338256836","80.1999969482422"
"4.01490647345781","0.255711654663086","80.3000030517578"
"4.01984341442585","0.255697814941406","80.4000015258789"
"4.02487348765135","0.255594253540039","80.5"
"4.02990356087685","0.255273071289063","80.5999984741211"
"4.03493363410234","0.254931564331055","80.6999969482422"
"4.03996370732784","0.255205825805664","80.8000030517578"
"4.04485361650586","0.254756851196289","80.9000015258789"
"4.04983712360263","0.254882186889648","81"
"4.05491376295686","0.254925552368164","81.0999984741211"
"4.05994383618236","0.255134735107422","81.1999969482422"
"4.06492734327912","0.254382507324219","81.3000030517578"
"4.06986428424716","0.254660949707031","81.4000015258789"
"4.07484779134393","0.254759078979492","81.5"
"4.07992443069816","0.254533096313477","81.5999984741211"
"4.08495450392365","0.25467854309082","81.6999969482422"
"4.08989144489169","0.254445816040039","81.8000030517578"
"4.09487495198846","0.254487976074219","81.9000015258789"
"4.09985845908523","0.254499816894531","82"
"4.10493509843946","0.254216491699219","82.0999984741211"
"4.10991860553622","0.254156967163086","82.1999969482422"
"4.11485508084297","0.254251724243164","82.3000030517578"
"4.11983858793974","0.254091506958008","82.4000015258789"
"4.12491522729397","0.254167114257813","82.5"
"4.12994530051947","0.253813018798828","82.5999984741211"
"4.13492880761623","0.254075424194336","82.6999969482422"
"4.13986574858427","0.253981857299805","82.8000030517578"
"4.14484925568104","0.253943588256836","82.9000015258789"
"4.14992589503527","0.253507904052734","83"
"4.1550025343895","0.253550506591797","83.0999984741211"
"4.1598929092288","0.253735275268555","83.1999969482422"
"4.16487641632557","0.253589630126953","83.3000030517578"
"4.16990648955107","0.254050277709961","83.4000015258789"
"4.17488999664783","0.250824752807617","83.5"
"4.17991960421205","0.249388442993164","83.5999984741211"
"4.18485654518008","0.249532653808594","83.6999969482422"
"4.18988661840558","0.249012924194336","83.8000030517578"
"4.19491669163108","0.249127410888672","83.9000015258789"
"4.19994676485658","0.24876123046875","84"
"4.20493027195334","0.248937362670898","84.0999984741211"
"4.20986721292138","0.248745300292969","84.1999969482422"
"4.21485072001815","0.249036895751953","84.3000030517578"
"4.21992735937238","0.248685607910156","84.4000015258789"
"4.22495743259788","0.248531326293945","84.5"
"4.22989437356591","0.24923828125","84.5999984741211"
"4.23487788066268","0.248964569091797","84.6999969482422"
"4.23986138775945","0.249252792358398","84.8000030517578"
"4.24493802711368","0.249380737304688","84.9000015258789"
"4.24996763467789","0.249195190429688","85"
"4.25485800951719","0.249537506103516","85.0999984741211"
"4.25984151661396","0.24963525390625","85.1999969482422"
"4.26491815596819","0.249093795776367","85.3000030517578"
"4.26990166306496","0.249874053955078","85.4000015258789"
"4.27493173629045","0.250132263183594","85.5"
"4.27986867725849","0.250229095458984","85.5999984741211"
"4.28485218435526","0.250023101806641","85.6999969482422"
"4.28992882370949","0.250079650878906","85.8000030517578"
"4.29495889693499","0.250592575073242","85.9000015258789"
"4.29989583790302","0.250447326660156","86"
"4.30483277887106","0.250669006347656","86.0999984741211"
"4.30986285209656","0.250509475708008","86.1999969482422"
"4.3149390257895","0.250716567993164","86.3000030517578"
"4.319969099015","0.250492767333984","86.4000015258789"
"4.32490603998303","0.250874038696289","86.5"
"4.32984298095107","0.250654418945312","86.5999984741211"
"4.33487305417657","0.251104293823242","86.6999969482422"
"4.33990312740207","0.250742599487305","86.8000030517578"
"4.34493320062757","0.250977493286133","86.9000015258789"
"4.3498701415956","0.251298980712891","87"
"4.35485364869237","0.251457412719727","87.0999984741211"
"4.3599302880466","0.251605239868164","87.1999969482422"
"4.36491379514337","0.251682388305664","87.3000030517578"
"4.36989730224013","0.251605331420898","87.4000015258789"
"4.37483424320817","0.251645492553711","87.5"
"4.3799108825624","0.251493850708008","87.5999984741211"
"4.38494049012661","0.251571029663086","87.6999969482422"
"4.38997056335211","0.251778564453125","87.8000030517578"
"4.39486093819141","0.251477828979492","87.9000015258789"
"4.39979787915945","0.251769897460938","88"
"4.40487451851368","0.251684616088867","88.0999984741211"
"4.40995115786791","0.251067535400391","88.1999969482422"
"4.41488809883595","0.251033508300781","88.3000030517578"
"4.41987160593271","0.250941955566406","88.4000015258789"
"4.42485511302948","0.25088298034668","88.5"
"4.42988518625498","0.250446502685547","88.5999984741211"
"4.43496182560921","0.250210433959961","88.6999969482422"
"4.43994533270597","0.250207855224609","88.8000030517578"
"4.44488227367401","0.249721633911133","88.9000015258789"
"4.44986531510949","0.249717254638672","89"
"4.45494195446372","0.249772308349609","89.0999984741211"
"4.45992546156049","0.249314117431641","89.1999969482422"
"4.46486240252852","0.249419372558594","89.3000030517578"
"4.46984590962529","0.249102798461914","89.4000015258789"
"4.47492254897952","0.249292877197266","89.5"
"4.47995262220502","0.249011245727539","89.5999984741211"
"4.48493612930179","0.24907746887207","89.6999969482422"
"4.48987307026982","0.24922541809082","89.8000030517578"
"4.49481001123786","0.249153030395508","89.9000015258789"
"4.49988665059209","0.248701873779297","90"
"4.50496328994632","0.248955291748047","90.0999984741211"
"4.50990023091435","0.249096282958984","90.1999969482422"
"4.51488327234983","0.248911102294922","90.3000030517578"
"4.5198667794466","0.248756423950195","90.4000015258789"
"4.5248968526721","0.248787460327148","90.5"
"4.5299269258976","0.249057769775391","90.5999984741211"
"4.53491043299437","0.249423461914063","90.6999969482422"
"4.53989394009113","0.249065322875977","90.8000030517578"
"4.54492401331663","0.249057800292969","90.9000015258789"
"4.54995408654213","0.249077331542969","91"
"4.55489102751017","0.249075531005859","91.0999984741211"
"4.55987453460693","0.249853759765625","91.1999969482422"
"4.56481147557497","0.249222869873047","91.3000030517578"
"4.56993468105793","0.249825561523438","91.4000015258789"
"4.57496475428343","0.249929275512695","91.5"
"4.5799482613802","0.249282974243164","91.5999984741211"
"4.58488473668694","0.248864883422852","91.6999969482422"
"4.58982167765498","0.249092391967773","91.8000030517578"
"4.59489831700921","0.24911669921875","91.9000015258789"
"4.59997495636344","0.249513580322266","92"
"4.60486533120275","0.249218765258789","92.0999984741211"
"4.60984883829951","0.249100296020508","92.1999969482422"
"4.61492547765374","0.249513397216797","92.3000030517578"
"4.61990898475051","0.24945344543457","92.4000015258789"
"4.62489249184728","0.249384796142578","92.5"
"4.62992256507277","0.249716766357422","92.5999984741211"
"4.63485950604081","0.250020538330078","92.6999969482422"
"4.63988957926631","0.249872650146484","92.8000030517578"
"4.64496621862054","0.250242095947266","92.9000015258789"
"4.64990269392729","0.250681976318359","93"
"4.65483963489532","0.25061799621582","93.0999984741211"
"4.65986970812082","0.251208206176758","93.1999969482422"
"4.66494634747505","0.250941818237305","93.3000030517578"
"4.66997642070055","0.251117721557617","93.4000015258789"
"4.67491336166859","0.251148956298828","93.5"
"4.67985030263662","0.251911407470703","93.5999984741211"
"4.68488037586212","0.252207595825195","93.6999969482422"
"4.68991044908762","0.25214128112793","93.8000030517578"
"4.69498708844185","0.252291015625","93.9000015258789"
"4.69992402940989","0.252506820678711","94"
"4.70486097037792","0.252775421142578","94.0999984741211"
"4.70989104360342","0.253318618774414","94.1999969482422"
"4.71492111682892","0.253474639892578","94.3000030517578"
"4.71985759213567","0.253313369750977","94.4000015258789"
"4.72488766536117","0.25364453125","94.5"
"4.72991773858666","0.253796875","94.5999984741211"
"4.73490124568343","0.254218185424805","94.6999969482422"
"4.73997788503766","0.254183563232422","94.8000030517578"
"4.7449148260057","0.254346755981445","94.9000015258789"
"4.749805200845","0.254394226074219","95"
"4.75488184019923","0.251428070068359","95.0999984741211"
"4.75995847955346","0.250739669799805","95.1999969482422"
"4.76494198665023","0.250802673339844","95.3000030517578"
"4.769925493747","0.250299743652344","95.4000015258789"
"4.77486243471503","0.25031950378418","95.5"
"4.77984547615051","0.24995783996582","95.5999984741211"
"4.78492211550474","0.250700637817383","95.6999969482422"
"4.78995218873024","0.250809829711914","95.8000030517578"
"4.79484256356955","0.250817230224609","95.9000015258789"
"4.79987263679504","0.250925674438477","96"
"4.80490271002054","0.251083404541016","96.0999984741211"
"4.80993278324604","0.251580688476563","96.1999969482422"
"4.81486972421408","0.251603134155273","96.3000030517578"
"4.81985323131084","0.251612319946289","96.4000015258789"
"4.82488330453634","0.252024856567383","96.5"
"4.82995994389057","0.252235946655273","96.5999984741211"
"4.83494345098734","0.252410888671875","96.6999969482422"
"4.83988039195538","0.252488876342773","96.8000030517578"
"4.84481733292341","0.252874938964844","96.9000015258789"
"4.84989350661635","0.252768112182617","97"
"4.85497014597058","0.252708755493164","97.0999984741211"
"4.85990708693862","0.253060424804687","97.1999969482422"
"4.86489059403539","0.25307698059082","97.3000030517578"
"4.86987410113215","0.25354704284668","97.4000015258789"
"4.87485760822892","0.253766403198242","97.5"
"4.87993424758315","0.253786529541016","97.5999984741211"
"4.88496432080865","0.254193832397461","97.6999969482422"
"4.88985469564795","0.254369094848633","97.8000030517578"
"4.89488476887345","0.254214431762695","97.9000015258789"
"4.89996140822768","0.254477523803711","98"
"4.90489834919572","0.254324722290039","98.0999984741211"
"4.90983529016376","0.254708206176758","98.1999969482422"
"4.91486489772797","0.25442431640625","98.3000030517578"
"4.91989497095346","0.254577850341797","98.4000015258789"
"4.92497161030769","0.254767379760742","98.5"
"4.92990855127573","0.255040512084961","98.5999984741211"
"4.93484549224377","0.254996002197266","98.6999969482422"
"4.93982899934053","0.254943450927734","98.8000030517578"
"4.94485907256603","0.255068130493164","98.9000015258789"
"4.94998227804899","0.255416839599609","99"
"4.95491921901703","0.25560954284668","99.0999984741211"
"4.95985615998507","0.255300842285156","99.1999969482422"
"4.96488623321056","0.255690994262695","99.3000030517578"
"4.96991630643606","0.255661865234375","99.4000015258789"
"4.97489981353283","0.255678283691406","99.5"
"4.97992988675833","0.25576383972168","99.5999984741211"
"4.98486636206508","0.255333602905273","99.6999969482422"
"4.98989643529058","0.255622329711914","99.8000030517578"
"4.9949730746448","0.255630920410156","99.9000015258789"
"4.99991001561284","0.255459686279297","100"
"5.00484695658088","0.256330413818359","100.099998474121"
"5.00987702980638","0.256095336914062","100.199996948242"
"5.01490710303187","0.256165588378906","100.300003051758"
"5.01993717625737","0.256173583984375","100.400001525879"
"5.02492068335414","0.256129943847656","100.5"
"5.02985762432218","0.256466857910156","100.599998474121"
"5.03484113141894","0.256681121826172","100.699996948242"
"5.0399643369019","0.256532562255859","100.800003051758"
"5.04494784399867","0.256700866699219","100.900001525879"
"5.04988431930542","0.256485992431641","101"
"5.05486782640219","0.256921630859375","101.099998474121"
"5.05989789962769","0.256701873779297","101.199996948242"
"5.06492797285318","0.256470672607422","101.300003051758"
"5.06991147994995","0.256707092285156","101.400001525879"
"5.07489498704672","0.256597930908203","101.5"
"5.07987849414349","0.256469207763672","101.599998474121"
"5.08490856736898","0.256963562011719","101.699996948242"
"5.08993864059448","0.256792602539062","101.800003051758"
"5.09492214769125","0.257002716064453","101.900001525879"
"5.09981252253056","0.256983581542969","102"
"5.10484259575605","0.257191345214844","102.099998474121"
"5.10996580123901","0.257009033203125","102.199996948242"
"5.11494930833578","0.256817352294922","102.300003051758"
"5.11988578364253","0.256899993896484","102.400001525879"
"5.1248692907393","0.256968170166016","102.5"
"5.12985279783607","0.256836364746094","102.599998474121"
"5.13492943719029","0.257225860595703","102.699996948242"
"5.13995951041579","0.256881134033203","102.800003051758"
"5.14489645138383","0.256954071044922","102.900001525879"
"5.1498799584806","0.256731597900391","103"
"5.15491003170609","0.256338714599609","103.099998474121"
"5.15989353880286","0.256646179199219","103.199996948242"
"5.16487704589963","0.256538818359375","103.300003051758"
"5.1698605529964","0.256768157958984","103.400001525879"
"5.1748906262219","0.256782440185547","103.5"
"5.17992069944739","0.256717559814453","103.599998474121"
"5.1849503070116","0.256883178710938","103.699996948242"
"5.18988724797964","0.256919799804687","103.800003051758"
"5.19482418894768","0.257159301757812","103.900001525879"
"5.19990082830191","0.257033996582031","104"
"5.2049309015274","0.257288726806641","104.099998474121"
"5.20991440862417","0.256816680908203","104.199996948242"
"5.21485134959221","0.257104705810547","104.300003051758"
"5.21988142281771","0.257108245849609","104.400001525879"
"5.22491149604321","0.257304931640625","104.5"
"5.2299415692687","0.257674407958984","104.599998474121"
"5.23492507636547","0.257507965087891","104.699996948242"
"5.23986201733351","0.257482543945313","104.800003051758"
"5.24484552443027","0.257766204833984","104.900001525879"
"5.2499221637845","0.257812103271484","105"
"5.25490520521998","0.257344604492187","105.099998474121"
"5.25988871231675","0.257868377685547","105.199996948242"
"5.26487221941352","0.257571685791016","105.300003051758"
"5.26990229263902","0.258033172607422","105.400001525879"
"5.27493236586452","0.258094635009766","105.5"
"5.27996243909001","0.258041595458984","105.599998474121"
"5.28485281392932","0.258180786132812","105.699996948242"
"5.28983632102609","0.258105255126953","105.800003051758"
"5.29491296038032","0.258541656494141","105.900001525879"
"5.29998959973454","0.258013885498047","106"
"5.30492654070258","0.258023986816406","106.099998474121"
"5.30991004779935","0.258371124267578","106.199996948242"
"5.31489355489612","0.257997528076172","106.300003051758"
"5.3198765963316","0.258180206298828","106.400001525879"
"5.32490666955709","0.258084686279297","106.5"
"5.32989017665386","0.257829925537109","106.599998474121"
"5.33487368375063","0.257815704345703","106.699996948242"
"5.33990375697613","0.258248748779297","106.800003051758"
"5.34493383020163","0.258045074462891","106.900001525879"
"5.34991733729839","0.258337799072266","107"
"5.35485427826643","0.258141174316406","107.099998474121"
"5.35988435149193","0.258648620605469","107.199996948242"
"5.36491442471743","0.258252532958984","107.300003051758"
"5.36994449794292","0.25844580078125","107.400001525879"
"5.37492800503969","0.258654998779297","107.5"
"5.37986494600773","0.258254760742188","107.599998474121"
"5.38484798744321","0.258821258544922","107.699996948242"
"5.38992462679744","0.258732971191406","107.800003051758"
"5.39495470002294","0.258498382568359","107.900001525879"
"5.39989164099097","0.25886767578125","108"
"5.40482858195901","0.258587982177734","108.099998474121"
"5.40990522131324","0.258403228759766","108.199996948242"
"5.41488872841001","0.258545440673828","108.300003051758"
"5.4199188016355","0.259195343017578","108.400001525879"
"5.42490230873227","0.258734344482422","108.5"
"5.42983924970031","0.258775482177734","108.599998474121"
"5.43491588905454","0.258443634033203","108.699996948242"
"5.43994596228004","0.258990783691406","108.800003051758"
"5.44488290324807","0.258604400634766","108.900001525879"
"5.44986594468355","0.258304870605469","109"
"5.45489601790905","0.258119689941406","109.099998474121"
"5.45992609113455","0.258089019775391","109.199996948242"
"5.46495616436005","0.258137176513672","109.300003051758"
"5.46989310532808","0.258222229003906","109.400001525879"
"5.47483004629612","0.257969573974609","109.5"
"5.47986011952162","0.257504180908203","109.599998474121"
"5.48489019274712","0.257712707519531","109.699996948242"
"5.48996683210135","0.257671905517578","109.800003051758"
"5.49490377306938","0.257645294189453","109.900001525879"
"5.49988728016615","0.257793670654297","110"
"5.50491735339165","0.258100158691406","110.099998474121"
"5.50990086048841","0.257703796386719","110.199996948242"
"5.51488436758518","0.257256927490234","110.300003051758"
"5.51986740902066","0.257591705322266","110.400001525879"
"5.52489748224616","0.257808959960938","110.5"
"5.52992755547166","0.25774755859375","110.599998474121"
"5.53495762869716","0.257794555664063","110.699996948242"
"5.53989456966519","0.257837585449219","110.800003051758"
"5.54483151063323","0.258115203857422","110.900001525879"
"5.54986158385873","0.258467651367188","111"
"5.55493822321296","0.258273742675781","111.099998474121"
"5.55992173030972","0.258152740478516","111.199996948242"
"5.56490523740649","0.258216094970703","111.300003051758"
"5.56984217837453","0.258497650146484","111.400001525879"
"5.57487225160003","0.258631256103516","111.5"
"5.57994889095426","0.258851379394531","111.599998474121"
"5.58493239805102","0.258130889892578","111.699996948242"
"5.58986887335777","0.258669677734375","111.800003051758"
"5.59489894658327","0.258771545410156","111.900001525879"
"5.59992901980877","0.258790283203125","112"
"5.60491252690554","0.258911285400391","112.099998474121"
"5.6098960340023","0.259204895019531","112.199996948242"
"5.61487954109907","0.259273864746094","112.300003051758"
"5.61990961432457","0.25919189453125","112.400001525879"
"5.62493968755007","0.25972607421875","112.5"
"5.62992319464684","0.259835540771484","112.599998474121"
"5.63486013561487","0.259820037841797","112.699996948242"
"5.63984364271164","0.260040924072266","112.800003051758"
"5.64487371593714","0.259823852539062","112.900001525879"
"5.64995035529137","0.260365295410156","113"
"5.65493339672685","0.260529998779297","113.099998474121"
"5.65987033769488","0.260303009033203","113.199996948242"
"5.66485384479165","0.260619323730469","113.300003051758"
"5.66988391801715","0.260902221679688","113.400001525879"
"5.67491399124265","0.261152893066406","113.5"
"5.67994406446815","0.261377899169922","113.599998474121"
"5.68488100543618","0.261382659912109","113.699996948242"
"5.68986451253295","0.261580810546875","113.800003051758"
"5.69494115188718","0.261939605712891","113.900001525879"
"5.69992465898395","0.261611663818359","114"
"5.70486159995198","0.261859222412109","114.099998474121"
"5.70984510704875","0.262261260986328","114.199996948242"
"5.71487518027425","0.262670684814453","114.300003051758"
"5.71995135396719","0.262485626220703","114.400001525879"
"5.72493486106396","0.262401336669922","114.5"
"5.72987180203199","0.262787017822266","114.599998474121"
"5.73485530912876","0.262778991699219","114.699996948242"
"5.73988538235426","0.26284228515625","114.800003051758"
"5.74496202170849","0.263466918945312","114.900001525879"
"5.74989896267653","0.2631943359375","115"
"5.75488246977329","0.263183868408203","115.099998474121"
"5.75991254299879","0.26370849609375","115.199996948242"
"5.76489605009556","0.263356658935547","115.300003051758"
"5.76992612332106","0.264017791748047","115.400001525879"
"5.77490963041782","0.264083190917969","115.5"
"5.77984657138586","0.263836120605469","115.599998474121"
"5.78487617895007","0.264331359863281","115.699996948242"
"5.7899528183043","0.264183502197266","115.800003051758"
"5.79488975927234","0.264332855224609","115.900001525879"
"5.7998732663691","0.26428857421875","116"
"5.80485677346587","0.264440399169922","116.099998474121"
"5.8099334128201","0.264625274658203","116.199996948242"
"5.8149634860456","0.265076110839844","116.300003051758"
"5.81990042701364","0.265132354736328","116.400001525879"
"5.82483736798167","0.264890899658203","116.5"
"5.82982087507844","0.264788238525391","116.599998474121"
"5.83489751443267","0.265353363037109","116.699996948242"
"5.8399741537869","0.265347076416016","116.800003051758"
"5.84491109475493","0.265797332763672","116.900001525879"
"5.84984803572297","0.265858337402344","117"
"5.85487764328718","0.266057342529297","117.099998474121"
"5.85990771651268","0.265765014648437","117.199996948242"
"5.86489122360945","0.265840698242187","117.300003051758"
"5.86987473070621","0.265796875","117.400001525879"
"5.87490480393171","0.266077697753906","117.5"
"5.87988831102848","0.266099945068359","117.599998474121"
"5.88496495038271","0.265862640380859","117.699996948242"
"5.88990189135075","0.266248260498047","117.800003051758"
"5.89483883231878","0.265952423095703","117.900001525879"
"5.89986890554428","0.266177154541016","118"
"5.90494554489851","0.266473358154297","118.099998474121"
"5.90997561812401","0.266504760742187","118.199996948242"
"5.91491255909204","0.266711791992188","118.300003051758"
"5.91984903439879","0.266441772460938","118.400001525879"
"5.92483254149556","0.266635101318359","118.5"
"5.92990918084979","0.26673193359375","118.599998474121"
"5.93493925407529","0.266899627685547","118.699996948242"
"5.93987619504333","0.267033386230469","118.800003051758"
"5.94485970214009","0.267095733642578","118.900001525879"
"5.94993634149432","0.267016662597656","119"
"5.95491984859109","0.267310516357422","119.099998474121"
"5.95990335568786","0.267087768554688","119.199996948242"
"5.96488686278462","0.266959106445313","119.300003051758"
"5.96987036988139","0.267419097900391","119.400001525879"
"5.97494700923562","0.267358703613281","119.5"
"5.97993051633239","0.267675903320312","119.599998474121"
"5.98486699163914","0.267299621582031","119.699996948242"
"5.9898504987359","0.267270751953125","119.800003051758"
"5.9948805719614","0.267163055419922","119.900001525879"
"5.99995721131563","0.267502227783203","120"
"6.0049407184124","0.267235046386719","120.099998474121"
"6.00987765938044","0.267061401367187","120.199996948242"
"6.0148611664772","0.267281829833984","120.300003051758"
"6.01984467357397","0.267442413330078","120.400001525879"
"6.0249213129282","0.267331329345703","120.5"
"6.0299513861537","0.267542755126953","120.599998474121"
"6.03488832712173","0.267328186035156","120.699996948242"
"6.0398718342185","0.267270324707031","120.800003051758"
"6.04494847357273","0.267524780273438","120.900001525879"
"6.0499319806695","0.267905731201172","121"
"6.05486845597625","0.267735076904297","121.099998474121"
"6.05985196307302","0.267317047119141","121.199996948242"
"6.06488203629851","0.267437133789063","121.300003051758"
"6.06995867565274","0.267154083251953","121.400001525879"
"6.07494218274951","0.267219390869141","121.5"
"6.07987912371755","0.267359283447266","121.599998474121"
"6.08481606468558","0.267308288574219","121.699996948242"
"6.08984613791108","0.267208221435547","121.800003051758"
"6.09496934339404","0.267478759765625","121.900001525879"
"6.09995285049081","0.267543121337891","122"
"6.10488979145885","0.267444152832031","122.099998474121"
"6.10987329855561","0.267838195800781","122.199996948242"
"6.11490337178111","0.267432373046875","122.300003051758"
"6.11993344500661","0.267516754150391","122.400001525879"
"6.12491648644209","0.267665191650391","122.5"
"6.12985342741013","0.267734893798828","122.599998474121"
"6.13488350063562","0.267752380371094","122.699996948242"
"6.13996013998985","0.267644439697266","122.800003051758"
"6.14489708095789","0.267776702880859","122.900001525879"
"6.14988058805466","0.267599975585938","123"
"6.15486409515142","0.268045715332031","123.099998474121"
"6.15989416837692","0.268053955078125","123.199996948242"
"6.16492424160242","0.268040863037109","123.300003051758"
"6.16995431482792","0.268041931152344","123.400001525879"
"6.17484468966722","0.267878387451172","123.5"
"6.17982819676399","0.267717803955078","123.599998474121"
"6.18495140224695","0.268380554199219","123.699996948242"
"6.18993444368243","0.268393218994141","123.800003051758"
"6.1949179507792","0.268390289306641","123.900001525879"
"6.19985489174724","0.268293548583984","124"
"6.20488496497273","0.268658111572266","124.099998474121"
"6.20991503819823","0.268605163574219","124.199996948242"
"6.21494511142373","0.268804748535156","124.300003051758"
"6.21988205239177","0.268934478759766","124.400001525879"
"6.22491212561727","0.268973510742188","124.5"
"6.22989563271403","0.268953277587891","124.599998474121"
"6.23492570593953","0.26911474609375","124.699996948242"
"6.2399092130363","0.269100463867188","124.800003051758"
"6.2447995878756","0.268977203369141","124.900001525879"
"6.24987622722983","0.269225219726562","125"
"6.25495240092278","0.269015289306641","125.099998474121"
"6.25993590801954","0.269206268310547","125.199996948242"
"6.26491941511631","0.269140106201172","125.300003051758"
"6.26985635608435","0.268958190917969","125.400001525879"
"6.27483986318111","0.269166229248047","125.5"
"6.27991650253534","0.269338745117188","125.599998474121"
"6.28494657576084","0.269093902587891","125.699996948242"
"6.28988351672888","0.269136169433594","125.800003051758"
"6.29486702382565","0.268902282714844","125.900001525879"
"6.29989709705114","0.268923675537109","126"
"6.30492717027664","0.269114532470703","126.099998474121"
"6.30991067737341","0.268538604736328","126.199996948242"
"6.31489418447018","0.268768280029297","126.300003051758"
"6.31987722590566","0.268755065917969","126.400001525879"
"6.32490729913116","0.268413330078125","126.5"
"6.32993737235665","0.268585418701172","126.599998474121"
"6.33492087945342","0.268658020019531","126.699996948242"
"6.33985782042146","0.268234375","126.800003051758"
"6.34488789364696","0.268295715332031","126.900001525879"
"6.34996453300118","0.267817993164063","127"
"6.35494804009795","0.26752685546875","127.099998474121"
"6.35988498106599","0.268008361816406","127.199996948242"
"6.36486848816276","0.267798400878906","127.300003051758"
"6.36985199525952","0.267804626464844","127.400001525879"
"6.37492863461375","0.267748229980469","127.5"
"6.37995870783925","0.267835540771484","127.599998474121"
"6.38484908267856","0.267835815429687","127.699996948242"
"6.38987869024277","0.267690490722656","127.800003051758"
"6.39490876346827","0.267438446044922","127.900001525879"
"6.39989227056503","0.267654815673828","128"
"6.4048757776618","0.267077850341797","128.100006103516"
"6.40985928475857","0.266404113769531","128.199996948242"
"6.41488935798407","0.267202575683594","128.300003051758"
"6.41991943120956","0.266935821533203","128.399993896484"
"6.42494950443506","0.266371673583984","128.5"
"6.4298864454031","0.266645477294922","128.600006103516"
"6.43482338637114","0.266120208740234","128.699996948242"
"6.43990002572536","0.266595520019531","128.800003051758"
"6.44497666507959","0.265841979980469","128.899993896484"
"6.44996017217636","0.266139251708984","129"
"6.45489664748311","0.265492889404297","129.100006103516"
"6.45983358845115","0.265882110595703","129.199996948242"
"6.46486366167665","0.265490783691406","129.300003051758"
"6.46994030103087","0.265429412841797","129.399993896484"
"6.47492380812764","0.26497998046875","129.5"
"6.47990731522441","0.264345245361328","129.600006103516"
"6.48489082232118","0.263446105957031","129.699996948242"
"6.48992089554667","0.262998992919922","129.800003051758"
"6.49495096877217","0.262410980224609","129.899993896484"
"6.49984134361148","0.262372100830078","130"
"6.50487141683698","0.262353057861328","130.100006103516"
"6.50990149006248","0.262021423339844","130.199996948242"
"6.51493156328797","0.261723327636719","130.300003051758"
"6.51996163651347","0.261471069335938","130.399993896484"
"6.52489811182022","0.261031158447266","130.5"
"6.52983505278826","0.261128295898438","130.600006103516"
"6.53491169214249","0.260998168945313","130.699996948242"
"6.53994176536798","0.260926666259766","130.800003051758"
"6.54492527246475","0.260778717041016","130.899993896484"
"6.54986221343279","0.261057250976563","131"
"6.55484572052956","0.260403961181641","131.100006103516"
"6.55987579375505","0.260226013183594","131.199996948242"
"6.56495243310928","0.260035522460938","131.300003051758"
"6.56988937407732","0.244424133300781","131.399993896484"
"6.57487288117409","0.24311344909668","131.5"
"6.57990295439959","0.242556884765625","131.600006103516"
"6.58493302762508","0.242021545410156","131.699996948242"
"6.58991606906056","0.241799301147461","131.800003051758"
"6.5948530100286","0.241619979858398","131.899993896484"
"6.5998830832541","0.241453826904297","132"
"6.6049131564796","0.241286239624023","132.100006103516"
"6.6099432297051","0.241879287719727","132.199996948242"
"6.61492673680186","0.242006652832031","132.300003051758"
"6.6198636777699","0.241804626464844","132.399993896484"
"6.62484718486667","0.241883834838867","132.5"
"6.62987725809216","0.242059677124023","132.600006103516"
"6.63500046357512","0.241937088012695","132.699996948242"
"6.63993740454316","0.242359237670898","132.800003051758"
"6.6448743455112","0.242808563232422","132.899993896484"
"6.6499044187367","0.242673248291016","133"
"6.65488746017218","0.242540924072266","133.100006103516"
"6.65991753339767","0.242806503295898","133.199996948242"
"6.66490104049444","0.243069519042969","133.300003051758"
"6.66988454759121","0.243102615356445","133.399993896484"
"6.67491462081671","0.243457931518555","133.5"
"6.67994469404221","0.243870056152344","133.600006103516"
"6.68488163501024","0.243768661499023","133.699996948242"
"6.68981857597828","0.244009170532227","133.800003051758"
"6.69484864920378","0.244281661987305","133.899993896484"
"6.69992528855801","0.244464752197266","134"
"6.7049553617835","0.244450393676758","134.100006103516"
"6.70993886888027","0.24474723815918","134.199996948242"
"6.71487580984831","0.245154663085938","134.300003051758"
"6.71985931694508","0.245495590209961","134.399993896484"
"6.72493549063802","0.2452724609375","134.5"
"6.72996556386352","0.245379318237305","134.600006103516"
"6.73490250483155","0.245500869750977","134.699996948242"
"6.73983944579959","0.245964370727539","134.800003051758"
"6.74491608515382","0.245875137329102","134.899993896484"
"6.74989959225059","0.246623397827148","135"
"6.75492966547608","0.246342224121094","135.100006103516"
"6.75986660644412","0.245089508056641","135.199996948242"
"6.76489667966962","0.244854766845703","135.300003051758"
"6.76992675289512","0.24474919128418","135.399993896484"
"6.77495682612062","0.244673233032227","135.5"
"6.77989376708865","0.244568908691406","135.600006103516"
"6.78483070805669","0.244155532836914","135.699996948242"
"6.7898603156209","0.24437158203125","135.800003051758"
"6.79493695497513","0.243163208007812","135.899993896484"
"6.7999204620719","0.238222625732422","136"
"6.80490396916866","0.234770858764648","136.100006103516"
"6.80988747626543","0.233352645874023","136.199996948242"
"6.8148709833622","0.232799087524414","136.300003051758"
"6.81994762271643","0.232686920166016","136.399993896484"
"6.82493112981319","0.232462539672852","136.5"
"6.82986807078123","0.231786483764648","136.600006103516"
"6.83489814400673","0.231890884399414","136.699996948242"
"6.83992821723223","0.231998062133789","136.800003051758"
"6.84491172432899","0.23164453125","136.899993896484"
"6.84989523142576","0.232321685791016","137"
"6.85483170673251","0.23223405456543","137.100006103516"
"6.85986177995801","0.231951965332031","137.199996948242"
"6.86493841931224","0.232134033203125","137.300003051758"
"6.86996849253774","0.232106475830078","137.399993896484"
"6.87490543350577","0.231991622924805","137.5"
"6.87984237447381","0.232084884643555","137.600006103516"
"6.88398769125342","-0.000528545320034027","137.680999755859"
