"File Path: C:\Users\Administrator\Desktop\User Data Files\Colgate Group\Paul\Test Run 34 07-9-25 11 08 42 AM\DAQ- Crosshead, … - (Timed).csv   "
"Test: Tensile_2400N"
"Test Run: Test Run 34"
"Date: 7/9/2025 11:06:13 AM"
""
""
"Crosshead ","Load ","Time "
"mm","kN","sec"
"0.00442457576355082","0.00177977967262268","0.100000001490116"
"0.00968749191088136","0.00216269707679749","0.200000002980232"
"0.0148572589750984","0.00217398858070374","0.300000011920929"
"0.019840728782583","0.00200335121154785","0.400000005960464"
"0.024824197680573","0.00208339953422546","0.5"
"0.0297610931738745","0.00201034593582153","0.600000023841858"
"0.0348377107002307","0.0019031810760498","0.699999988079071"
"0.0399143282265868","0.00171617889404297","0.800000011920929"
"0.0448512255388778","0.00209819054603577","0.899999976158142"
"0.0498346926178783","0.00222513198852539","1"
"0.0548647367395461","0.00220221495628357","1.10000002384186"
"0.0598482074565254","0.00215085530281067","1.20000004768372"
"0.0648782515781932","0.00211105108261108","1.29999995231628"
"0.0698617222951725","0.00225149059295654","1.39999997615814"
"0.0748451857361943","0.00258961606025696","1.5"
"0.079875229857862","0.00247015452384949","1.60000002384186"
"0.0849052739795297","0.00247248339653015","1.70000004768372"
"0.0898887446965091","0.00254877662658691","1.79999995231628"
"0.0948256420088001","0.00286806511878967","1.89999997615814"
"0.0998556861304678","0.00302287530899048","2"
"0.104885730252136","0.00260906267166138","2.09999990463257"
"0.109915774373803","0.00334498167037964","2.20000004768372"
"0.114899245090783","0.00289556789398193","2.29999995231628"
"0.119836135127116","0.00315281009674072","2.40000009536743"
"0.124819605844095","0.00309688234329224","2.5"
"0.129896230646409","0.00302161264419556","2.59999990463257"
"0.134972840896808","0.00321866822242737","2.70000004768372"
"0.139863157528453","0.00320377635955811","2.79999995231628"
"0.14484663552139","0.0031849467754364","2.90000009536743"
"0.149876679643057","0.00304770350456238","3"
"0.154860143084079","0.00331695985794067","3.09999990463257"
"0.159890187205747","0.0030966477394104","3.20000004768372"
"0.164873665198684","0.00331605339050293","3.29999995231628"
"0.169857128639705","0.0036260256767273","3.40000009536743"
"0.174887172761373","0.00350507926940918","3.5"
"0.179963783011772","0.00366214942932129","3.59999990463257"
"0.184900680324063","0.00367110919952393","3.70000004768372"
"0.189791011507623","0.00349544906616211","3.79999995231628"
"0.194821055629291","0.00345214748382568","3.90000009536743"
"0.199897665879689","0.00377327156066895","4"
"0.204927710001357","0.00387010622024536","4.09999990463257"
"0.209911173442379","0.00416158771514893","4.19999980926514"
"0.21484807075467","0.00353161382675171","4.30000019073486"
"0.219831548747607","0.00368276071548462","4.40000009536743"
"0.224908158998005","0.00415281486511231","4.5"
"0.229938203119673","0.00413425779342651","4.59999990463257"
"0.234828519751318","0.00406310749053955","4.69999980926514"
"0.239858563872986","0.00427433633804321","4.80000019073486"
"0.244888622546569","0.00408889961242676","4.90000009536743"
"0.249872071435675","0.00405760049819946","5"
"0.254855549428612","0.0041023325920105","5.09999990463257"
"0.259839027421549","0.004281662940979","5.19999980926514"
"0.264822505414486","0.00414229249954224","5.30000019073486"
"0.269899115664884","0.00443819618225098","5.40000009536743"
"0.274929159786552","0.00474199199676514","5.5"
"0.279866042546928","0.00450090742111206","5.59999990463257"
"0.284802954411134","0.00483400392532349","5.69999980926514"
"0.289879564661533","0.00492300653457642","5.80000019073486"
"0.2949096087832","0.00481003570556641","5.90000009536743"
"0.299939652904868","0.00493116188049316","6"
"0.304876535665244","0.00506805276870728","6.09999990463257"
"0.30981344752945","0.00522439336776733","6.19999980926514"
"0.314890057779849","0.00540345668792725","6.30000019073486"
"0.319920101901516","0.0052435450553894","6.40000009536743"
"0.324903579894453","0.00520182466506958","6.5"
"0.32988702878356","0.00526293563842773","6.59999990463257"
"0.334870506776497","0.0054045033454895","6.69999980926514"
"0.339900550898165","0.00556759214401245","6.80000019073486"
"0.344930595019832","0.00552877187728882","6.90000009536743"
"0.349820911651477","0.00543771123886108","7"
"0.354850955773145","0.00547965145111084","7.09999990463257"
"0.359880999894813","0.00514084768295288","7.19999980926514"
"0.36491104401648","0.00542424869537354","7.30000019073486"
"0.369941088138148","0.00569925546646118","7.40000009536743"
"0.374878000002354","0.00556934118270874","7.5"
"0.37981488276273","0.00559918451309204","7.59999990463257"
"0.384891493013129","0.00579390335083008","7.69999980926514"
"0.389968132367358","0.00588895177841187","7.80000019073486"
"0.394905015127733","0.00595212411880493","7.90000009536743"
"0.39988849312067","0.00598114633560181","8"
"0.404871942009777","0.0059282341003418","8.10000038146973"
"0.409855420002714","0.00587881088256836","8.19999980926514"
"0.414885464124382","0.00621403312683106","8.30000019073486"
"0.419915508246049","0.00627603912353516","8.39999961853027"
"0.424805824877694","0.00596479272842407","8.5"
"0.429882435128093","0.00642030572891235","8.60000038146973"
"0.434912479249761","0.0065816535949707","8.69999980926514"
"0.439895957242697","0.00643289184570313","8.80000019073486"
"0.444832869106904","0.00627767658233643","8.89999961853027"
"0.44981631799601","0.00638676357269287","9"
"0.454892957350239","0.00642097616195679","9.10000038146973"
"0.459923001471907","0.0065378041267395","9.19999980926514"
"0.464906450361013","0.00657356834411621","9.30000019073486"
"0.46984336222522","0.00701985883712769","9.39999961853027"
"0.474826811114326","0.00663812589645386","9.5"
"0.479903450468555","0.00674058818817139","9.60000038146973"
"0.484933494590223","0.00672166442871094","9.69999980926514"
"0.489870377350599","0.00675202226638794","9.80000019073486"
"0.494853826239705","0.00700824785232544","9.89999961853027"
"0.499883899465203","0.0070621166229248","10"
"0.50486734835431","0.0072443995475769","10.1000003814697"
"0.509897421579808","0.00772123765945435","10.1999998092651"
"0.514880870468915","0.00749608182907105","10.3000001907349"
"0.519864319358021","0.00783651542663574","10.3999996185303"
"0.524894392583519","0.00765641307830811","10.5"
"0.529924407601357","0.00783545541763306","10.6000003814697"
"0.534861348569393","0.00790238237380981","10.6999998092651"
"0.5398447974585","0.00790775442123413","10.8000001907349"
"0.544874812476337","0.00801133728027344","10.8999996185303"
"0.549904885701835","0.00792671394348145","11"
"0.554934900719672","0.00839527320861816","11.1000003814697"
"0.559871841687709","0.00789987802505493","11.1999998092651"
"0.564808724448085","0.00826445579528809","11.3000001907349"
"0.569838739465922","0.00846188831329346","11.3999996185303"
"0.57486881269142","0.00861257171630859","11.5"
"0.579945393837988","0.00883203220367432","11.6000003814697"
"0.584882334806025","0.00887289333343506","11.6999998092651"
"0.589819217566401","0.00934573268890381","11.8000001907349"
"0.59489585692063","0.00934659099578857","11.8999996185303"
"0.599925871938467","0.00882750701904297","12"
"0.604862754698843","0.00926123046875","12.1000003814697"
"0.609892827924341","0.00947765827178955","12.1999998092651"
"0.614876276813447","0.00947436428070068","12.3000001907349"
"0.619859725702554","0.0096198787689209","12.3999996185303"
"0.624982931185514","0.00973514461517334","12.5"
"0.629873247817159","0.00950358009338379","12.6000003814697"
"0.634810130577534","0.0101520938873291","12.6999998092651"
"0.639886769931763","0.00969990634918213","12.8000001907349"
"0.644916843157262","0.00992219924926758","12.8999996185303"
"0.649900292046368","0.00987083625793457","13"
"0.654883740935475","0.0101465892791748","13.1000003814697"
"0.659820681903511","0.0103156385421753","13.1999998092651"
"0.664850696921349","0.0104290428161621","13.3000001907349"
"0.669927336275578","0.0107233180999756","13.3999996185303"
"0.674910785164684","0.0105482263565063","13.5"
"0.67984766792506","0.0108840608596802","13.6000003814697"
"0.684877741150558","0.0112423210144043","13.6999998092651"
"0.689861190039665","0.0115250205993652","13.8000001907349"
"0.694891263265163","0.0112632188796997","13.8999996185303"
"0.699874712154269","0.0113039236068726","14"
"0.704858161043376","0.0114537515640259","14.1000003814697"
"0.709888234268874","0.0116804695129395","14.1999998092651"
"0.714918249286711","0.0117894449234009","14.3000001907349"
"0.719901756383479","0.0115727119445801","14.3999996185303"
"0.724885205272585","0.0118929653167725","14.5"
"0.72977552190423","0.0119112176895142","14.6000003814697"
"0.734852161258459","0.012390887260437","14.6999998092651"
"0.739975308533758","0.0120477342605591","14.8000001907349"
"0.744912249501795","0.0123348455429077","14.8999996185303"
"0.749895698390901","0.0127518634796143","15"
"0.754879147280008","0.0123782386779785","15.1000003814697"
"0.759862654376775","0.0125963792800903","15.1999998092651"
"0.764939235523343","0.0130420579910278","15.3000001907349"
"0.769922742620111","0.0129704933166504","15.3999996185303"
"0.774859625380486","0.0133075942993164","15.5"
"0.779889640398324","0.0132439270019531","15.6000003814697"
"0.784919713623822","0.0139383563995361","15.6999998092651"
"0.789903162512928","0.0138322906494141","15.8000001907349"
"0.794840045273304","0.0135352783203125","15.8999996185303"
"0.799870118498802","0.0138512649536133","16"
"0.804853567387909","0.0136613349914551","16.1000003814697"
"0.809930206742138","0.01451429271698","16.2000007629395"
"0.814913655631244","0.0141159753799438","16.2999992370605"
"0.81985053839162","0.0144631223678589","16.3999996185303"
"0.824834045488387","0.0143738250732422","16.5"
"0.829864060506225","0.0143871574401855","16.6000003814697"
"0.834940699860454","0.0150302696228027","16.7000007629395"
"0.83992414874956","0.0149993896484375","16.7999992370605"
"0.844814465381205","0.0151169424057007","16.8999996185303"
"0.849844538606703","0.015110089302063","17"
"0.854874553624541","0.0153676834106445","17.1000003814697"
"0.859904626850039","0.0156730375289917","17.2000007629395"
"0.864888075739145","0.0155921430587769","17.2999992370605"
"0.869871582835913","0.0160082054138184","17.3999996185303"
"0.874855031725019","0.0162372283935547","17.5"
"0.879931671079248","0.0160836219787598","17.6000003814697"
"0.884868553839624","0.0162630844116211","17.7000007629395"
"0.8898054366","0.0161316776275635","17.7999992370605"
"0.894835451617837","0.0165112724304199","17.8999996185303"
"0.899912090972066","0.0167083568572998","18"
"0.904942164197564","0.0166896514892578","18.1000003814697"
"0.909925613086671","0.0172394332885742","18.2000007629395"
"0.914815929718316","0.0172890720367432","18.2999992370605"
"0.919799378607422","0.0175224552154541","18.3999996185303"
"0.924876017961651","0.0177373580932617","18.5"
"0.92995265731588","0.0174520015716553","18.6000003814697"
"0.934889540076256","0.0179163455963135","18.7000007629395"
"0.939872988965362","0.0181427574157715","18.7999992370605"
"0.94485649606213","0.0181720294952393","18.8999996185303"
"0.949886511079967","0.0184149341583252","19"
"0.954869959969074","0.0186633319854736","19.1000003814697"
"0.959853467065841","0.0184378280639648","19.2000007629395"
"0.964836915954947","0.0186421966552734","19.2999992370605"
"0.969913555309176","0.018908863067627","19.3999996185303"
"0.974943570327014","0.0192163143157959","19.5"
"0.979880453087389","0.0192944164276123","19.6000003814697"
"0.984817394055426","0.0191310272216797","19.7000007629395"
"0.989847467280924","0.0196170768737793","19.7999992370605"
"0.994923990219831","0.0197697830200195","19.8999996185303"
"0.999907497316599","0.0200844841003418","20"
"1.00489100441337","0.0200030288696289","20.1000003814697"
"1.00987439509481","0.0201359844207764","20.2000007629395"
"1.01481133606285","0.0202551364898682","20.2999992370605"
"1.01988797541708","0.0206020374298096","20.3999996185303"
"1.02496461477131","0.0207749271392822","20.5"
"1.02985487319529","0.020534029006958","20.6000003814697"
"1.03483838029206","0.0213676338195801","20.7000007629395"
"1.03986845351756","0.0209017276763916","20.7999992370605"
"1.04489841032773","0.0213431968688965","20.8999996185303"
"1.0498819174245","0.0212219429016113","21"
"1.05486542452127","0.0214505214691162","21.1000003814697"
"1.05984881520271","0.0220062446594238","21.2000007629395"
"1.06492545455694","0.0219611148834229","21.2999992370605"
"1.06995552778244","0.0219811668395996","21.3999996185303"
"1.07484578620642","0.022176326751709","21.5"
"1.07982929330319","0.0226209316253662","21.6000003814697"
"1.08485936652869","0.0226921463012695","21.7000007629395"
"1.08993600588292","0.0228482131958008","21.7999992370605"
"1.09491939656436","0.0232298755645752","21.8999996185303"
"1.0998563375324","0.0229817962646484","22"
"1.10483984462917","0.0232354412078857","22.1000003814697"
"1.10982323531061","0.0235333099365234","22.2000007629395"
"1.11489987466484","0.0236720523834229","22.2999992370605"
"1.11992994789034","0.023479320526123","22.3999996185303"
"1.12486688885838","0.0237171077728272","22.5"
"1.12985027953982","0.0240866241455078","22.6000003814697"
"1.13492691889405","0.0243471927642822","22.7000007629395"
"1.13991042599082","0.0241794357299805","22.7999992370605"
"1.14484725054353","0.0245519237518311","22.8999996185303"
"1.1498307576403","0.0245284366607666","23"
"1.1548608308658","0.0248451671600342","23.1000003814697"
"1.15993747022003","0.0251556491851807","23.2000007629395"
"1.16492086090147","0.0249856548309326","23.2999992370605"
"1.16985780186951","0.025514533996582","23.3999996185303"
"1.17479462642223","0.025476993560791","23.5"
"1.17987126577646","0.0259705429077148","23.6000003814697"
"1.18494790513068","0.0255861301422119","23.7000007629395"
"1.18988484609872","0.0261385173797607","23.7999992370605"
"1.19486823678017","0.0265199203491211","23.8999996185303"
"1.19985174387693","0.0267853317260742","24"
"1.2048352509737","0.0263741817474365","24.1000003814697"
"1.20991189032793","0.0269321460723877","24.2000007629395"
"1.21489528100938","0.0273225040435791","24.2999992370605"
"1.21983222197741","0.0272726001739502","24.3999996185303"
"1.22486229520291","0.0274866561889648","24.5"
"1.22989225201309","0.0275871467590332","24.6000003814697"
"1.23492232523859","0.0276942176818848","24.7000007629395"
"1.23985926620662","0.0280942134857178","24.7999992370605"
"1.24484265688807","0.0279599323272705","24.8999996185303"
"1.24987273011357","0.028406177520752","25"
"1.25490280333906","0.0284892826080322","25.1000003814697"
"1.25988619402051","0.0289996128082275","25.2000007629395"
"1.26482313498855","0.0286379776000977","25.2999992370605"
"1.26980664208531","0.0290337352752686","25.3999996185303"
"1.27488328143954","0.0290098476409912","25.5"
"1.27995980437845","0.0293205432891846","25.6000003814697"
"1.28489674534649","0.0294396057128906","25.7000007629395"
"1.28983368631452","0.0295300426483154","25.7999992370605"
"1.2948636431247","0.0295909004211426","25.8999996185303"
"1.2998937163502","0.0298485679626465","26"
"1.30487722344697","0.0303331966400146","26.1000003814697"
"1.30990729667246","0.0303976516723633","26.2000007629395"
"1.31484412122518","0.0296845970153809","26.2999992370605"
"1.31987419445068","0.0306449565887451","26.3999996185303"
"1.32495083380491","0.030826639175415","26.5"
"1.32988765835762","0.0307390594482422","26.6000003814697"
"1.33482459932566","0.0310509624481201","26.7000007629395"
"1.33980810642242","0.031396936416626","26.7999992370605"
"1.34488462936133","0.0317457447052002","26.8999996185303"
"1.34996126871556","0.0319650955200195","27"
"1.3548982096836","0.032221435546875","27.1000003814697"
"1.35983503423631","0.0319905757904053","27.2000007629395"
"1.36481854133308","0.0321040802001953","27.2999992370605"
"1.36989518068731","0.0326456184387207","27.3999996185303"
"1.37497182004154","0.0329365844726563","27.5"
"1.37986207846552","0.0328438034057617","27.6000003814697"
"1.38484558556229","0.0330662498474121","27.7000007629395"
"1.38987565878779","0.0332748603820801","27.7999992370605"
"1.39490561559796","0.0334583892822266","27.8999996185303"
"1.39988912269473","0.0337193145751953","28"
"1.4048726297915","0.0339347534179687","28.1000003814697"
"1.40985602047294","0.0340467414855957","28.2000007629395"
"1.41488609369844","0.0340094223022461","28.2999992370605"
"1.41991616692394","0.034329963684082","28.3999996185303"
"1.42485310789198","0.0343084487915039","28.5"
"1.42983649857342","0.034279899597168","28.6000003814697"
"1.43486657179892","0.0350228652954102","28.7000007629395"
"1.43994321115315","0.0349104652404785","28.7999992370605"
"1.44492671824992","0.034902702331543","28.8999996185303"
"1.44991010893136","0.03561376953125","29"
"1.45480048377067","0.0354972534179687","29.1000003814697"
"1.45983044058084","0.0356498336791992","29.2000007629395"
"1.46490707993507","0.0359825553894043","29.2999992370605"
"1.46993715316057","0.0359108963012695","29.3999996185303"
"1.47487409412861","0.0359125938415527","29.5"
"1.47985748481005","0.0361418685913086","29.6000003814697"
"1.48488755803555","0.0366885719299316","29.7000007629395"
"1.48987106513232","0.0365442810058594","29.7999992370605"
"1.49485445581377","0.0367645034790039","29.8999996185303"
"1.49983796291053","0.0369452095031738","30"
"1.50486803613603","0.0374224052429199","30.1000003814697"
"1.50989810936153","0.0372416725158691","30.2000007629395"
"1.51492806617171","0.0376231079101563","30.2999992370605"
"1.51986500713974","0.0377550849914551","30.3999996185303"
"1.52480194810778","0.0378019714355469","30.5"
"1.52983190491796","0.0383373107910156","30.6000003814697"
"1.53495511040092","0.0385280570983887","30.7000007629395"
"1.53993861749768","0.0385219459533691","30.7999992370605"
"1.5448754420504","0.0390070457458496","30.8999996185303"
"1.54985894914716","0.0387817573547363","31"
"1.55484245624393","0.0389724655151367","31.1000003814697"
"1.55991909559816","0.0395884323120117","31.2000007629395"
"1.56494905240834","0.0395047645568848","31.2999992370605"
"1.56983942724764","0.0399637718200684","31.3999996185303"
"1.57486950047314","0.0396867294311523","31.5"
"1.57989945728332","0.0400801849365234","31.6000003814697"
"1.58488296438009","0.040447093963623","31.7000007629395"
"1.58986647147685","0.0408668670654297","31.7999992370605"
"1.5948498621583","0.0406242408752441","31.8999996185303"
"1.5998799353838","0.0408206672668457","32"
"1.60491000860929","0.0411007461547852","32.0999984741211"
"1.60994008183479","0.0413127365112305","32.2000007629395"
"1.61483034025878","0.0412294120788574","32.2999992370605"
"1.61981384735554","0.0416916275024414","32.4000015258789"
"1.62484392058104","0.0421756210327148","32.5"
"1.62992044351995","0.0421334800720215","32.5999984741211"
"1.63490395061672","0.0423791580200195","32.7000007629395"
"1.63984089158475","0.0421553726196289","32.7999992370605"
"1.6448242822662","0.0425410041809082","32.9000015258789"
"1.6498543554917","0.0425951156616211","33"
"1.65493099484593","0.0431936073303223","33.0999984741211"
"1.65991450194269","0.0429181251525879","33.2000007629395"
"1.66485132649541","0.0432286643981934","33.2999992370605"
"1.66988139972091","0.0433083648681641","33.4000015258789"
"1.67491147294641","0.0436684646606445","33.5"
"1.67989486362785","0.0438984413146973","33.5999984741211"
"1.68483180459589","0.0441685485839844","33.7000007629395"
"1.68986187782139","0.0443723983764648","33.7999992370605"
"1.69489195104688","0.0446876335144043","33.9000015258789"
"1.69992190785706","0.0447333335876465","34"
"1.70490541495383","0.0451519393920898","34.0999984741211"
"1.70984235592186","0.0455367279052734","34.2000007629395"
"1.71482574660331","0.0451770095825195","34.2999992370605"
"1.71985581982881","0.0452423515319824","34.4000015258789"
"1.72493245918304","0.0455658111572266","34.5"
"1.72991584986448","0.0459939765930176","34.5999984741211"
"1.73485279083252","0.0458421592712402","34.7000007629395"
"1.73988286405802","0.0464689750671387","34.7999992370605"
"1.74491293728352","0.0464558715820313","34.9000015258789"
"1.74989632796496","0.0467743721008301","35"
"1.75487983506173","0.0464107856750488","35.0999984741211"
"1.7598633421585","0.046769401550293","35.2000007629395"
"1.76484673283994","0.0471868171691895","35.2999992370605"
"1.7699699383229","0.0471941795349121","35.4000015258789"
"1.77490687929094","0.0474293785095215","35.5"
"1.77984370384365","0.0475466041564941","35.5999984741211"
"1.78487377706915","0.0481533241271973","35.7000007629395"
"1.78990385029465","0.0479076957702637","35.7999992370605"
"1.79493392352015","0.0481792526245117","35.9000015258789"
"1.79991731420159","0.0479413223266602","36"
"1.8048076890409","0.0486199073791504","36.0999984741211"
"1.8098377622664","0.0486465950012207","36.2000007629395"
"1.8149142852053","0.0487072219848633","36.2999992370605"
"1.8199443584308","0.0485824966430664","36.4000015258789"
"1.82488129939884","0.0492948112487793","36.5"
"1.82986469008029","0.0495792274475098","36.5999984741211"
"1.83484819717705","0.0494160614013672","36.7000007629395"
"1.83992483653128","0.0499024047851562","36.7999992370605"
"1.84490834362805","0.0500051689147949","36.9000015258789"
"1.84984516818076","0.050424560546875","37"
"1.85487524140626","0.0505820236206055","37.0999984741211"
"1.85990531463176","0.0504426422119141","37.2000007629395"
"1.86493527144194","0.0507591743469238","37.2999992370605"
"1.86987221240997","0.0509327011108398","37.4000015258789"
"1.87476258724928","0.0510066833496094","37.5"
"1.87983911018819","0.0513802795410156","37.5999984741211"
"1.88496231567115","0.05221630859375","37.7000007629395"
"1.88989925663918","0.0519006805419922","37.7999992370605"
"1.89488276373595","0.0517543754577637","37.9000015258789"
"1.8998661544174","0.0520127830505371","38"
"1.90484966151416","0.0525666427612305","38.0999984741211"
"1.90992630086839","0.0528464202880859","38.2000007629395"
"1.91490969154984","0.0529783058166504","38.2999992370605"
"1.91984663251787","0.0527216987609863","38.4000015258789"
"1.92487670574337","0.0530099906921387","38.5"
"1.92990666255355","0.0531542053222656","38.5999984741211"
"1.93489016965032","0.0531225242614746","38.7000007629395"
"1.93987367674708","0.0536913604736328","38.7999992370605"
"1.94485718384385","0.0538440437316895","38.9000015258789"
"1.9498405745253","0.0538374633789062","39"
"1.9549170974642","0.0538682975769043","39.0999984741211"
"1.9599471706897","0.0539140701293945","39.2000007629395"
"1.96488411165774","0.0548316764831543","39.2999992370605"
"1.96982105262578","0.0546048011779785","39.4000015258789"
"1.97485112585127","0.0546562423706055","39.5"
"1.9799277652055","0.0550474662780762","39.5999984741211"
"1.98491127230227","0.0553366661071777","39.7000007629395"
"1.98984798043966","0.0550436401367188","39.7999992370605"
"1.99483148753643","0.0557455749511719","39.9000015258789"
"1.99986156076193","0.0558340911865234","40"
"2.00489163398743","0.0559204444885254","40.0999984741211"
"2.00992170721292","0.0562378349304199","40.2000007629395"
"2.01485864818096","0.0560855903625488","40.2999992370605"
"2.01984192244709","0.0563601722717285","40.4000015258789"
"2.02491856180131","0.0565342254638672","40.5"
"2.02990206889808","0.0566980056762695","40.5999984741211"
"2.03483900986612","0.0568330612182617","40.7000007629395"
"2.03986908309162","0.0574489974975586","40.7999992370605"
"2.04485259018838","0.0572386817932129","40.9000015258789"
"2.04992922954261","0.0577451782226562","41"
"2.05495930276811","0.0578910942077637","41.0999984741211"
"2.05984944477677","0.0581046867370605","41.2000007629395"
"2.06478638574481","0.0580839881896973","41.2999992370605"
"2.06986302509904","0.0583191337585449","41.4000015258789"
"2.07493966445327","0.0583086090087891","41.5"
"2.07992317155004","0.058677906036377","41.5999984741211"
"2.08486011251807","0.0590026893615723","41.7000007629395"
"2.0898433867842","0.0592104377746582","41.7999992370605"
"2.09487346000969","0.059312385559082","41.9000015258789"
"2.09990353323519","0.0594760780334473","42"
"2.10484047420323","0.059742488861084","42.0999984741211"
"2.10987054742873","0.0600419387817383","42.2000007629395"
"2.11485405452549","0.0601189994812012","42.2999992370605"
"2.11993069387972","0.0602158126831055","42.4000015258789"
"2.12491396814585","0.0603656883239746","42.5"
"2.12980434298515","0.0604901962280273","42.5999984741211"
"2.13483441621065","0.0608961219787598","42.7000007629395"
"2.13991105556488","0.0611345977783203","42.7999992370605"
"2.14489456266165","0.0611409378051758","42.9000015258789"
"2.14992463588715","0.0614146537780762","43"
"2.15486134402454","0.0616003112792969","43.0999984741211"
"2.15979828499258","0.0614539604187012","43.2000007629395"
"2.16492149047554","0.0620998497009277","43.2999992370605"
"2.16995156370103","0.0621549873352051","43.4000015258789"
"2.17484193854034","0.062463062286377","43.5"
"2.17982544563711","0.0622468376159668","43.5999984741211"
"2.18485551886261","0.0626162452697754","43.7000007629395"
"2.18988535925746","0.0628390846252441","43.7999992370605"
"2.19491543248296","0.063235538482666","43.9000015258789"
"2.19985237345099","0.0630429039001465","44"
"2.20483588054776","0.0634026679992676","44.0999984741211"
"2.20991251990199","0.0636837387084961","44.2000007629395"
"2.21489602699876","0.0639952430725098","44.2999992370605"
"2.21987953409553","0.0638830451965332","44.4000015258789"
"2.22486280836165","0.0644960250854492","44.5"
"2.22984631545842","0.0643576126098633","44.5999984741211"
"2.23492295481265","0.0646347045898437","44.7000007629395"
"2.23995302803814","0.0647122421264648","44.7999992370605"
"2.24488996900618","0.0650995788574219","44.9000015258789"
"2.24982690997422","0.0652962417602539","45"
"2.25481018424034","0.065369270324707","45.0999984741211"
"2.25988682359457","0.0656144256591797","45.2000007629395"
"2.2649634629488","0.0656430130004883","45.2999992370605"
"2.26985383778811","0.0662205123901367","45.4000015258789"
"2.27483734488487","0.0659868850708008","45.5"
"2.2799139842391","0.0665796279907227","45.5999984741211"
"2.28489749133587","0.0665110015869141","45.7000007629395"
"2.28988076560199","0.0670486297607422","45.7999992370605"
"2.29486427269876","0.0670047760009766","45.9000015258789"
"2.29984777979553","0.0674310531616211","46"
"2.30492441914976","0.0674955215454102","46.0999984741211"
"2.30995449237525","0.0679752349853516","46.2000007629395"
"2.31489143334329","0.067921760559082","46.2999992370605"
"2.31978157535195","0.0679399719238281","46.4000015258789"
"2.32485821470618","0.068249885559082","46.5"
"2.32993485406041","0.0684147415161133","46.5999984741211"
"2.33491836115718","0.0689077606201172","46.7000007629395"
"2.33990186825395","0.0688563537597656","46.7999992370605"
"2.34483880922198","0.0689115829467773","46.9000015258789"
"2.34986888244748","0.0696883316040039","47"
"2.35494552180171","0.0689053192138672","47.0999984741211"
"2.35992879606783","0.0694547653198242","47.2000007629395"
"2.36486573703587","0.0696792831420898","47.2999992370605"
"2.36984924413264","0.0696495819091797","47.4000015258789"
"2.37487931735814","0.06998974609375","47.5"
"2.37990939058363","0.0703752670288086","47.5999984741211"
"2.3848928976804","0.0706716232299805","47.7000007629395"
"2.38982960581779","0.0704666976928711","47.7999992370605"
"2.39485967904329","0.0710202178955078","47.9000015258789"
"2.39988975226879","0.0714406585693359","48"
"2.40491982549429","0.0713756332397461","48.0999984741211"
"2.40985676646233","0.0719217300415039","48.2000007629395"
"2.41479370743036","0.0717122497558594","48.2999992370605"
"2.41987034678459","0.0721605224609375","48.4000015258789"
"2.42494675330818","0.0721360397338867","48.5"
"2.42988369427621","0.0726355361938477","48.5999984741211"
"2.43486720137298","0.0723959655761719","48.7000007629395"
"2.43985070846975","0.0727779693603516","48.7999992370605"
"2.44483421556652","0.0730385055541992","48.9000015258789"
"2.44991085492074","0.0733136520385742","49"
"2.45489436201751","0.0731236114501953","49.0999984741211"
"2.45983107015491","0.0738503494262695","49.2000007629395"
"2.4648611433804","0.0736973648071289","49.2999992370605"
"2.46993778273463","0.0740412445068359","49.4000015258789"
"2.4749212898314","0.074255500793457","49.5"
"2.47985823079944","0.0743155975341797","49.5999984741211"
"2.48479517176747","0.0746142654418945","49.7000007629395"
"2.48987157829106","0.0745923309326172","49.7999992370605"
"2.49494821764529","0.0747987060546875","49.9000015258789"
"2.49993172474205","0.0751819458007812","50"
"2.50486866571009","0.0752694625854492","50.0999984741211"
"2.50980560667813","0.0754700546264648","50.2000007629395"
"2.51488224603236","0.0759292755126953","50.2999992370605"
"2.51995888538659","0.0761846771240234","50.4000015258789"
"2.52489559352398","0.0763247451782227","50.5"
"2.52987910062075","0.0764764175415039","50.5999984741211"
"2.53486260771751","0.0765440444946289","50.7000007629395"
"2.53989268094301","0.0766080474853516","50.7999992370605"
"2.54492275416851","0.076765754699707","50.9000015258789"
"2.54990626126528","0.0771299438476563","51"
"2.55484320223331","0.0770179595947266","51.0999984741211"
"2.55987304262817","0.0774605484008789","51.2000007629395"
"2.5649496819824","0.0777307357788086","51.2999992370605"
"2.56988662295043","0.0777476043701172","51.4000015258789"
"2.57482356391847","0.0779248886108398","51.5"
"2.57985363714397","0.0783275604248047","51.5999984741211"
"2.5849302764982","0.0784233093261719","51.7000007629395"
"2.58991378359497","0.0789461669921875","51.7999992370605"
"2.59489705786109","0.0789508285522461","51.9000015258789"
"2.59983399882913","0.0790753631591797","52"
"2.60481750592589","0.07936328125","52.0999984741211"
"2.60989414528012","0.0794225769042969","52.2000007629395"
"2.61497078463435","0.0797067794799805","52.2999992370605"
"2.61990772560239","0.0801439666748047","52.4000015258789"
"2.62484443373978","0.0801986846923828","52.5"
"2.62987450696528","0.0802850875854492","52.5999984741211"
"2.63490458019078","0.0805705261230469","52.7000007629395"
"2.63988808728755","0.0806170196533203","52.7999992370605"
"2.64487159438431","0.0806947937011719","52.9000015258789"
"2.64985510148108","0.08087841796875","53"
"2.65488517470658","0.0810315704345703","53.0999984741211"
"2.65991501510143","0.0813906555175781","53.2000007629395"
"2.6648985221982","0.0812425155639648","53.2999992370605"
"2.66983546316624","0.0818447875976562","53.4000015258789"
"2.674818970263","0.0819901351928711","53.5"
"2.67994217574596","0.0821367340087891","53.5999984741211"
"2.68492568284273","0.0822280120849609","53.7000007629395"
"2.6899091899395","0.0826831130981445","53.7999992370605"
"2.69484589807689","0.0826900253295898","53.9000015258789"
"2.69982940517366","0.0829646301269531","54"
"2.70490604452789","0.0831857299804687","54.0999984741211"
"2.70993611775339","0.0837163238525391","54.2000007629395"
"2.71482649259269","0.0838161849975586","54.2999992370605"
"2.71985656581819","0.0834790115356445","54.4000015258789"
"2.72488640621305","0.0839833221435547","54.5"
"2.72991647943854","0.0841306838989258","54.5999984741211"
"2.73489998653531","0.0843783264160156","54.7000007629395"
"2.73983692750335","0.0848178176879883","54.7999992370605"
"2.74486700072885","0.0846075210571289","54.9000015258789"
"2.74989707395434","0.0852692184448242","55"
"2.75492714717984","0.0850302810668945","55.0999984741211"
"2.75986385531723","0.085406120300293","55.2000007629395"
"2.764847362414","0.0855919494628906","55.2999992370605"
"2.7698774356395","0.0857945327758789","55.4000015258789"
"2.77495407499373","0.0857008438110352","55.5"
"2.7799375820905","0.0860259170532227","55.5999984741211"
"2.78487452305853","0.0863216094970703","55.7000007629395"
"2.78981123119593","0.0867630844116211","55.7999992370605"
"2.79484130442142","0.0865703811645508","55.9000015258789"
"2.79991794377565","0.0869908905029297","56"
"2.80494801700115","0.0872289123535156","56.0999984741211"
"2.80983839184046","0.0872648086547852","56.2000007629395"
"2.81486846506596","0.0871828460693359","56.2999992370605"
"2.81989853829145","0.0877168197631836","56.4000015258789"
"2.82488181255758","0.0877839279174805","56.5"
"2.82986531965435","0.0882806015014648","56.5999984741211"
"2.83484882675111","0.0885241394042969","56.7000007629395"
"2.83987889997661","0.0887098846435547","56.7999992370605"
"2.84490897320211","0.0886104431152344","56.9000015258789"
"2.84993904642761","0.0891077728271484","57"
"2.85482942126691","0.0889791717529297","57.0999984741211"
"2.85981269553304","0.0895531845092774","57.2000007629395"
"2.86484276875854","0.0892909622192383","57.2999992370605"
"2.86991940811276","0.0896830749511719","57.4000015258789"
"2.87490291520953","0.0897287216186523","57.5"
"2.87983985617757","0.09008642578125","57.5999984741211"
"2.88486992940307","0.0900311508178711","57.7000007629395"
"2.88990000262856","0.090093635559082","57.7999992370605"
"2.89488327689469","0.0909115982055664","57.9000015258789"
"2.89991335012019","0.0906936798095703","58"
"2.90485029108822","0.0905501022338867","58.0999984741211"
"2.90988036431372","0.0909321823120117","58.2000007629395"
"2.91495700366795","0.0914571685791016","58.2999992370605"
"2.91989394463599","0.0917367401123047","58.4000015258789"
"2.92483065277338","0.0916008758544922","58.5"
"2.92986072599888","0.0921093826293945","58.5999984741211"
"2.93489079922438","0.0925030212402344","58.7000007629395"
"2.93992087244987","0.0927456512451172","58.7999992370605"
"2.94490437954664","0.0924045944213867","58.9000015258789"
"2.94984132051468","0.0927769088745117","59"
"2.95482482761145","0.0928517227172852","59.0999984741211"
"2.95990123413503","0.0936013031005859","59.2000007629395"
"2.96493130736053","0.0935134735107422","59.2999992370605"
"2.96986824832857","0.0935460739135742","59.4000015258789"
"2.97485175542533","0.0938242874145508","59.5"
"2.97988182865083","0.0939096908569336","59.5999984741211"
"2.9848653357476","0.0943099822998047","59.7000007629395"
"2.9898954089731","0.0943672485351563","59.7999992370605"
"2.99487868323922","0.0945126953125","59.9000015258789"
"2.99986219033599","0.0949981002807617","60"
"3.00489226356149","0.0947097549438477","60.0999984741211"
"3.00992233678699","0.0953965835571289","60.2000007629395"
"3.01490584388375","0.0959741821289063","60.2999992370605"
"3.01979621872306","0.0959489822387695","60.4000015258789"
"3.02482605911791","0.0957053833007813","60.5"
"3.02990269847214","0.0963390655517578","60.5999984741211"
"3.03493277169764","0.0963343124389648","60.7000007629395"
"3.03991627879441","0.0963032760620117","60.7999992370605"
"3.04485321976244","0.0966933670043945","60.9000015258789"
"3.04983672685921","0.0967253875732422","61"
"3.05491336621344","0.0970319061279297","61.0999984741211"
"3.0599432066083","0.0971424560546875","61.2000007629395"
"3.06488014757633","0.0972812347412109","61.2999992370605"
"3.0698636546731","0.0978100280761719","61.4000015258789"
"3.0748937278986","0.0977425994873047","61.5"
"3.07987723499537","0.0980513229370117","61.5999984741211"
"3.08486074209213","0.0981172332763672","61.7000007629395"
"3.08989081531763","0.098510009765625","61.7999992370605"
"3.09482752345502","0.0984844360351562","61.9000015258789"
"3.09990416280925","0.0988533782958984","62"
"3.10493423603475","0.0990634536743164","62.0999984741211"
"3.10987117700279","0.0993009490966797","62.2000007629395"
"3.11480811797082","0.0994023818969727","62.2999992370605"
"3.11983819119632","0.0997149429321289","62.4000015258789"
"3.12491483055055","0.0996953125","62.5"
"3.12994467094541","0.10017488861084","62.5999984741211"
"3.13488161191344","0.100251884460449","62.7000007629395"
"3.13981855288148","0.0998097839355469","62.7999992370605"
"3.14484862610698","0.100453247070313","62.9000015258789"
"3.14987869933248","0.100870429992676","63"
"3.1549553386867","0.101250854492188","63.0999984741211"
"3.15984548069537","0.101442237854004","63.2000007629395"
"3.16482898779213","0.101436309814453","63.2999992370605"
"3.16990562714636","0.10160823059082","63.4000015258789"
"3.17488913424313","0.101597732543945","63.5"
"3.1798726413399","0.10167741394043","63.5999984741211"
"3.18485614843667","0.10212914276123","63.7000007629395"
"3.18983965553343","0.102773696899414","63.7999992370605"
"3.19491606205702","0.102865844726563","63.9000015258789"
"3.19994613528252","0.103039161682129","64"
"3.20483651012182","0.102874435424805","64.0999984741211"
"3.20977345108986","0.102916069030762","64.1999969482422"
"3.21485009044409","0.10308521270752","64.3000030517578"
"3.21992672979832","0.103563453674316","64.4000015258789"
"3.22491023689508","0.103781036376953","64.5"
"3.22984694503248","0.104021064758301","64.5999984741211"
"3.23483045212924","0.104104187011719","64.6999969482422"
"3.23986052535474","0.104418518066406","64.8000030517578"
"3.24489059858024","0.104193115234375","64.9000015258789"
"3.24987410567701","0.104470680236816","65"
"3.25485761277378","0.104925338745117","65.0999984741211"
"3.2598408870399","0.105054412841797","65.1999969482422"
"3.26491752639413","0.105513442993164","65.3000030517578"
"3.26994759961963","0.105577041625977","65.4000015258789"
"3.27483797445893","0.105960754394531","65.5"
"3.27986804768443","0.105875747680664","65.5999984741211"
"3.28489812090993","0.105933074951172","65.6999969482422"
"3.2898816280067","0.106673149108887","65.8000030517578"
"3.29495803453028","0.106918334960938","65.9000015258789"
"3.29984840936959","0.106622817993164","66"
"3.30478535033762","0.106707298278809","66.0999984741211"
"3.30990855582058","0.10752360534668","66.1999969482422"
"3.31493862904608","0.107308456420898","66.3000030517578"
"3.31987557001412","0.107575828552246","66.4000015258789"
"3.32485907711089","0.107946487426758","66.5"
"3.32984235137701","0.108291931152344","66.5999984741211"
"3.33487242460251","0.108240394592285","66.6999969482422"
"3.33994906395674","0.108602966308594","66.8000030517578"
"3.34488600492477","0.108736457824707","66.9000015258789"
"3.34986951202154","0.109010879516602","67"
"3.35489958524704","0.109020126342773","67.0999984741211"
"3.35988285951316","0.109316345214844","67.1999969482422"
"3.36491293273866","0.10889672088623","67.3000030517578"
"3.3698498737067","0.109599403381348","67.4000015258789"
"3.37483338080347","0.109828407287598","67.5"
"3.37991002015769","0.109864555358887","67.5999984741211"
"3.38494009338319","0.110409545898438","67.6999969482422"
"3.38987703435123","0.110140235900879","67.8000030517578"
"3.39486030861735","0.110351600646973","67.9000015258789"
"3.39979724958539","0.11100365447998","68"
"3.40487388893962","0.110841583251953","68.0999984741211"
"3.40995052829385","0.111218780517578","68.1999969482422"
"3.41488746926188","0.11122989654541","68.3000030517578"
"3.41987097635865","0.111234214782715","68.4000015258789"
"3.42490104958415","0.111449813842773","68.5"
"3.42988432385027","0.111687347412109","68.5999984741211"
"3.43491439707577","0.112086395263672","68.6999969482422"
"3.43985133804381","0.112040519714355","68.8000030517578"
"3.44483484514058","0.112472450256348","68.9000015258789"
"3.44991148449481","0.112605102539063","69"
"3.4549415577203","0.112865859985352","69.0999984741211"
"3.4598782658577","0.11303205871582","69.1999969482422"
"3.46481520682573","0.113387092590332","69.3000030517578"
"3.46984528005123","0.113332885742188","69.4000015258789"
"3.47492191940546","0.113666435241699","69.5"
"3.47990542650223","0.113786186218262","69.5999984741211"
"3.484888933599","0.114055709838867","69.6999969482422"
"3.48982587456703","0.114281272888184","69.8000030517578"
"3.49485571496189","0.114331954956055","69.9000015258789"
"3.49988578818738","0.114716857910156","70"
"3.50491586141288","0.114841194152832","70.0999984741211"
"3.50985280238092","0.114736618041992","70.1999969482422"
"3.51483630947769","0.115210350036621","70.3000030517578"
"3.51986638270319","0.115232383728027","70.4000015258789"
"3.52489645592868","0.115779685974121","70.5"
"3.52987973019481","0.115706359863281","70.5999984741211"
"3.53486323729157","0.115784675598145","70.6999969482422"
"3.53984674438834","0.116397445678711","70.8000030517578"
"3.54487681761384","0.116202484130859","70.9000015258789"
"3.54990689083934","0.116760284423828","71"
"3.55484383180737","0.116935966491699","71.0999984741211"
"3.55978053994477","0.116560020446777","71.1999969482422"
"3.564857179299","0.116861320495605","71.3000030517578"
"3.56993381865323","0.117137619018555","71.4000015258789"
"3.57491732574999","0.117259300231934","71.5"
"3.57990083284676","0.11758716583252","71.5999984741211"
"3.5848377738148","0.1178232421875","71.6999969482422"
"3.58982128091156","0.117990478515625","71.8000030517578"
"3.59489768743515","0.1181357421875","71.9000015258789"
"3.59992776066065","0.118466423034668","72"
"3.60486470162868","0.118519287109375","72.0999984741211"
"3.60984820872545","0.118752075195313","72.1999969482422"
"3.61487828195095","0.118661415100098","72.3000030517578"
"3.61990835517645","0.119064910888672","72.4000015258789"
"3.62489186227322","0.119363098144531","72.5"
"3.62982857041061","0.119435592651367","72.5999984741211"
"3.63485864363611","0.119570182800293","72.6999969482422"
"3.63993528299034","0.120017227172852","72.8000030517578"
"3.6449187900871","0.11953116607666","72.9000015258789"
"3.64990229718387","0.120121337890625","73"
"3.65479267202318","0.120513977050781","73.0999984741211"
"3.65986907854676","0.12083065032959","73.1999969482422"
"3.66494571790099","0.120805778503418","73.3000030517578"
"3.66988265886903","0.120889511108398","73.4000015258789"
"3.6748661659658","0.120738349914551","73.5"
"3.67989623919129","0.121508728027344","73.5999984741211"
"3.68483318015933","0.121825538635254","73.6999969482422"
"3.68990981951356","0.121952270507813","73.8000030517578"
"3.69493989273906","0.121931114196777","73.9000015258789"
"3.69983003474772","0.122262878417969","74"
"3.70486010797322","0.122724853515625","74.0999984741211"
"3.70993674732745","0.122555549621582","74.1999969482422"
"3.71492025442421","0.122623474121094","74.3000030517578"
"3.71985719539225","0.122704544067383","74.4000015258789"
"3.72484070248902","0.122950225830078","74.5"
"3.72987054288387","0.12299405670166","74.5999984741211"
"3.7349471822381","0.123348762512207","74.6999969482422"
"3.73993068933487","0.123825523376465","74.8000030517578"
"3.74482106417418","0.123710777282715","74.9000015258789"
"3.74980457127094","0.123823623657227","75"
"3.75488121062517","0.123858406066895","75.0999984741211"
"3.7599578499794","0.12462190246582","75.1999969482422"
"3.76489455811679","0.124402267456055","75.3000030517578"
"3.76983149908483","0.124501831054687","75.4000015258789"
"3.77486157231033","0.125148147583008","75.5"
"3.77989164553583","0.125066963195801","75.5999984741211"
"3.78487515263259","0.125530601501465","75.6999969482422"
"3.78990522585809","0.12533967590332","75.8000030517578"
"3.79484193399549","0.125612457275391","75.9000015258789"
"3.79987200722098","0.125957656860352","76"
"3.80494864657521","0.126300628662109","76.0999984741211"
"3.80988558754325","0.125964752197266","76.1999969482422"
"3.81482252851129","0.126695854187012","76.3000030517578"
"3.81980603560805","0.126690727233887","76.4000015258789"
"3.82492924109101","0.127094429016113","76.5"
"3.82991251535714","0.126970977783203","76.5999984741211"
"3.8348960224539","0.127110107421875","76.6999969482422"
"3.83983296342194","0.127238739013672","76.8000030517578"
"3.84481647051871","0.127359474182129","76.9000015258789"
"3.84989310987294","0.127757118225098","77"
"3.85492318309844","0.127929580688477","77.0999984741211"
"3.85986012406647","0.127625816345215","77.1999969482422"
"3.8648433983326","0.128658462524414","77.3000030517578"
"3.86987347155809","0.128477478027344","77.4000015258789"
"3.87490354478359","0.128846572875977","77.5"
"3.87993361800909","0.128681777954102","77.5999984741211"
"3.88487055897713","0.128748687744141","77.6999969482422"
"3.88985406607389","0.128926666259766","77.8000030517578"
"3.89488390646875","0.129204833984375","77.9000015258789"
"3.89991397969425","0.129595581054687","78"
"3.90489748679101","0.129298263549805","78.0999984741211"
"3.90983419492841","0.129960708618164","78.1999969482422"
"3.91486426815391","0.129903518676758","78.3000030517578"
"3.91994090750813","0.129810028076172","78.4000015258789"
"3.9249244146049","0.13033268737793","78.5"
"3.92986135557294","0.130565841674805","78.5999984741211"
"3.93479829654098","0.130786666870117","78.6999969482422"
"3.93982836976647","0.131054061889648","78.8000030517578"
"3.9449050091207","0.130892807006836","78.9000015258789"
"3.9499350823462","0.131104080200195","79"
"3.95487202331424","0.13155256652832","79.0999984741211"
"3.95985553041101","0.131873764038086","79.1999969482422"
"3.9648856036365","0.131886337280273","79.3000030517578"
"3.96986911073327","0.131877059936523","79.4000015258789"
"3.97485261783004","0.131713043212891","79.5"
"3.97988222539425","0.132300643920898","79.5999984741211"
"3.98486573249102","0.132459320068359","79.6999969482422"
"3.98989580571651","0.132840591430664","79.8000030517578"
"3.99492587894201","0.132638473510742","79.9000015258789"
"3.99986281991005","0.133614334106445","80"
"4.00479976087809","0.133247817993164","80.0999984741211"
"4.00982983410358","0.133736251831055","80.1999969482422"
"4.01490647345781","0.133879913330078","80.3000030517578"
"4.01993654668331","0.133752807617187","80.4000015258789"
"4.02487348765135","0.134079788208008","80.5"
"4.02985699474812","0.134275192260742","80.5999984741211"
"4.03484050184488","0.134460830688477","80.6999969482422"
"4.03991714119911","0.134565093994141","80.8000030517578"
"4.04490064829588","0.134949478149414","80.9000015258789"
"4.04983712360263","0.135102920532227","81"
"4.05486719682813","0.135128143310547","81.0999984741211"
"4.05994383618236","0.135194473266602","81.1999969482422"
"4.06492734327912","0.135682708740234","81.3000030517578"
"4.06986428424716","0.135619888305664","81.4000015258789"
"4.07484779134393","0.135593719482422","81.5"
"4.07987786456943","0.136516754150391","81.5999984741211"
"4.08490793779492","0.136295669555664","81.6999969482422"
"4.08993801102042","0.136320739746094","81.8000030517578"
"4.09482838585973","0.136698852539062","81.9000015258789"
"4.0998118929565","0.136475082397461","82"
"4.10488853231072","0.137395233154297","82.0999984741211"
"4.10991860553622","0.137112152099609","82.1999969482422"
"4.1149016469717","0.137493774414062","82.3000030517578"
"4.11988515406847","0.137543685913086","82.4000015258789"
"4.12482209503651","0.137742126464844","82.5"
"4.129852168262","0.138001358032227","82.5999984741211"
"4.13492880761623","0.138048248291016","82.6999969482422"
"4.139912314713","0.138067993164063","82.8000030517578"
"4.14484925568104","0.138252288818359","82.9000015258789"
"4.14987932890654","0.138425872802734","83"
"4.15490940213203","0.138850738525391","83.0999984741211"
"4.1598929092288","0.138765502929688","83.1999969482422"
"4.16482985019684","0.138936325073242","83.3000030517578"
"4.16985992342234","0.138948257446289","83.4000015258789"
"4.17488999664783","0.139308364868164","83.5"
"4.17991960421205","0.139491973876953","83.5999984741211"
"4.18490311130881","0.139829772949219","83.6999969482422"
"4.18984005227685","0.139708282470703","83.8000030517578"
"4.19482355937362","0.140541458129883","83.9000015258789"
"4.19990019872785","0.140143493652344","84"
"4.20493027195334","0.140397552490234","84.0999984741211"
"4.20986721292138","0.140673721313477","84.1999969482422"
"4.21485072001815","0.140996337890625","84.3000030517578"
"4.21988079324365","0.141082412719727","84.4000015258789"
"4.22486430034041","0.141005386352539","84.5"
"4.22989437356591","0.141348159790039","84.5999984741211"
"4.23487788066268","0.141696044921875","84.6999969482422"
"4.23981482163072","0.142197113037109","84.8000030517578"
"4.24489146098495","0.141687454223633","84.9000015258789"
"4.24996763467789","0.142051696777344","85"
"4.25490457564592","0.142026962280273","85.0999984741211"
"4.25984151661396","0.142282287597656","85.1999969482422"
"4.26482502371073","0.142618072509766","85.3000030517578"
"4.26990166306496","0.142550216674805","85.4000015258789"
"4.27493173629045","0.143019729614258","85.5"
"4.27986867725849","0.143144088745117","85.5999984741211"
"4.28485218435526","0.143138458251953","85.6999969482422"
"4.28983569145203","0.143402084350586","85.8000030517578"
"4.29491233080626","0.14340461730957","85.9000015258789"
"4.29994240403175","0.143439498901367","86"
"4.30487934499979","0.144119430541992","86.0999984741211"
"4.30981628596783","0.143925277709961","86.1999969482422"
"4.31484589353204","0.144098846435547","86.3000030517578"
"4.31987596675754","0.144538269042969","86.4000015258789"
"4.3248594738543","0.144436340332031","86.5"
"4.3298895470798","0.144675094604492","86.5999984741211"
"4.33487305417657","0.145023696899414","86.6999969482422"
"4.33990312740207","0.145555526733398","86.8000030517578"
"4.34493320062757","0.145187454223633","86.9000015258789"
"4.3498701415956","0.145369262695313","87"
"4.35480708256364","0.145554748535156","87.0999984741211"
"4.35983715578914","0.145854797363281","87.1999969482422"
"4.36491379514337","0.146226593017578","87.3000030517578"
"4.36994386836886","0.146104125976562","87.4000015258789"
"4.3748808093369","0.146204772949219","87.5"
"4.37981728464365","0.146541397094727","87.5999984741211"
"4.38484735786915","0.146716003417969","87.6999969482422"
"4.38987743109465","0.146528381347656","87.8000030517578"
"4.39490750432014","0.14676481628418","87.9000015258789"
"4.39984444528818","0.146977203369141","88"
"4.40487451851368","0.147396820068359","88.0999984741211"
"4.40990459173918","0.147335983276367","88.1999969482422"
"4.41493466496468","0.147493194580078","88.3000030517578"
"4.41987160593271","0.147799652099609","88.4000015258789"
"4.42485511302948","0.148074798583984","88.5"
"4.42988518625498","0.147995727539063","88.5999984741211"
"4.43491525948048","0.148509750366211","88.6999969482422"
"4.43994533270597","0.148414566040039","88.8000030517578"
"4.44488227367401","0.148606689453125","88.9000015258789"
"4.44981874898076","0.149016311645508","89"
"4.45484882220626","0.14908967590332","89.0999984741211"
"4.45992546156049","0.149633941650391","89.1999969482422"
"4.46490896865726","0.149869644165039","89.3000030517578"
"4.46984590962529","0.148841461181641","89.4000015258789"
"4.47482941672206","0.149969375610352","89.5"
"4.47985948994756","0.149996871948242","89.5999984741211"
"4.48493612930179","0.150104751586914","89.6999969482422"
"4.48991963639855","0.150047927856445","89.8000030517578"
"4.49485657736659","0.150678863525391","89.9000015258789"
"4.49988665059209","0.150575408935547","90"
"4.50491672381759","0.150665939331055","90.0999984741211"
"4.50990023091435","0.150996551513672","90.1999969482422"
"4.51488327234983","0.151153213500977","90.3000030517578"
"4.51982021331787","0.151624740600586","90.4000015258789"
"4.5248968526721","0.151387130737305","90.5"
"4.5299269258976","0.151721893310547","90.5999984741211"
"4.53491043299437","0.151863586425781","90.6999969482422"
"4.5398473739624","0.151922470092773","90.8000030517578"
"4.54478431493044","0.152404098510742","90.9000015258789"
"4.54986095428467","0.152394119262695","91"
"4.55498415976763","0.152847564697266","91.0999984741211"
"4.55992110073566","0.152801864624023","91.1999969482422"
"4.5648580417037","0.15300651550293","91.3000030517578"
"4.5698881149292","0.153196243286133","91.4000015258789"
"4.57487162202597","0.153131469726562","91.5"
"4.57990169525146","0.153707611083984","91.5999984741211"
"4.58488473668694","0.153869659423828","91.6999969482422"
"4.58982167765498","0.153820724487305","91.8000030517578"
"4.59489831700921","0.154070663452148","91.9000015258789"
"4.59992839023471","0.154517715454102","92"
"4.60491189733148","0.154451263427734","92.0999984741211"
"4.60984883829951","0.154498687744141","92.1999969482422"
"4.61483234539628","0.154690734863281","92.3000030517578"
"4.61986241862178","0.154661392211914","92.4000015258789"
"4.62493905797601","0.155082901000977","92.5"
"4.62992256507277","0.155251815795898","92.5999984741211"
"4.63485950604081","0.155797943115234","92.6999969482422"
"4.63984301313758","0.155766754150391","92.8000030517578"
"4.64487308636308","0.155597290039063","92.9000015258789"
"4.64994926005602","0.155870162963867","93"
"4.65488620102406","0.156083755493164","93.0999984741211"
"4.65982314199209","0.156338439941406","93.1999969482422"
"4.66485321521759","0.156450759887695","93.3000030517578"
"4.66988328844309","0.156827133178711","93.4000015258789"
"4.67491336166859","0.156818206787109","93.5"
"4.67989686876535","0.156763656616211","93.5999984741211"
"4.68483380973339","0.15704118347168","93.6999969482422"
"4.68986388295889","0.157239151000977","93.8000030517578"
"4.69494052231312","0.157242370605469","93.9000015258789"
"4.69987746328115","0.157536544799805","94"
"4.70481440424919","0.157782989501953","94.0999984741211"
"4.70984447747469","0.157906356811523","94.1999969482422"
"4.71492111682892","0.15808366394043","94.3000030517578"
"4.71995072439313","0.158057312011719","94.4000015258789"
"4.72488766536117","0.158392608642578","94.5"
"4.7298246063292","0.158749694824219","94.5999984741211"
"4.73480811342597","0.158866928100586","94.6999969482422"
"4.73993131890893","0.158685607910156","94.8000030517578"
"4.7449148260057","0.158932586669922","94.9000015258789"
"4.74989833310246","0.159135925292969","95"
"4.75488184019923","0.159635650634766","95.0999984741211"
"4.759865347296","0.159647689819336","95.1999969482422"
"4.7648954205215","0.15997038269043","95.3000030517578"
"4.76987892761827","0.159943878173828","95.4000015258789"
"4.7748158685863","0.160349411010742","95.5"
"4.77984547615051","0.160283309936523","95.5999984741211"
"4.78492211550474","0.160423797607422","95.6999969482422"
"4.78995218873024","0.160538055419922","95.8000030517578"
"4.79488912969828","0.160202041625977","95.9000015258789"
"4.79977950453758","0.160965576171875","96"
"4.80485614389181","0.160956512451172","96.0999984741211"
"4.80993278324604","0.161594635009766","96.1999969482422"
"4.81486972421408","0.161394027709961","96.3000030517578"
"4.81989979743958","0.161397186279297","96.4000015258789"
"4.82488330453634","0.161688171386719","96.5"
"4.82982024550438","0.162014953613281","96.5999984741211"
"4.83494345098734","0.162364624023438","96.6999969482422"
"4.83992695808411","0.162140289306641","96.8000030517578"
"4.84481733292341","0.162185180664063","96.9000015258789"
"4.84984694048762","0.162488708496094","97"
"4.85487701371312","0.162420852661133","97.0999984741211"
"4.85990708693862","0.16287109375","97.1999969482422"
"4.86489059403539","0.163017639160156","97.3000030517578"
"4.86982753500342","0.163279922485352","97.4000015258789"
"4.87485760822892","0.163210861206055","97.5"
"4.87993424758315","0.16332502746582","97.5999984741211"
"4.88491775467992","0.163645950317383","97.6999969482422"
"4.88985469564795","0.163907440185547","97.8000030517578"
"4.89483820274472","0.16426057434082","97.9000015258789"
"4.89986827597022","0.164308319091797","98"
"4.90494491532445","0.164395477294922","98.0999984741211"
"4.90992842242122","0.164892440795898","98.1999969482422"
"4.91481833159924","0.1646650390625","98.3000030517578"
"4.91984840482473","0.164605285644531","98.4000015258789"
"4.92487847805023","0.164850692749023","98.5"
"4.92990855127573","0.165198928833008","98.5999984741211"
"4.93493862450123","0.165014465332031","98.6999969482422"
"4.93987556546926","0.165269653320313","98.8000030517578"
"4.94485907256603","0.165661727905273","98.9000015258789"
"4.94993571192026","0.165908950805664","99"
"4.95491921901703","0.166124267578125","99.0999984741211"
"4.95985615998507","0.166498107910156","99.1999969482422"
"4.96483966708183","0.166330993652344","99.3000030517578"
"4.96986974030733","0.166663848876953","99.4000015258789"
"4.97494637966156","0.166494033813477","99.5"
"4.97992988675833","0.166751495361328","99.5999984741211"
"4.98481979593635","0.166418426513672","99.6999969482422"
"4.98980330303311","0.167307418823242","99.8000030517578"
"4.99487994238734","0.167002212524414","99.9000015258789"
"4.99995658174157","0.167257797241211","100"
"5.00489352270961","0.167678466796875","100.099998474121"
"5.00987702980638","0.1678271484375","100.199996948242"
"5.01486053690314","0.167857070922852","100.300003051758"
"5.01989061012864","0.168448989868164","100.400001525879"
"5.02492068335414","0.168191528320313","100.5"
"5.02985762432218","0.16830451965332","100.599998474121"
"5.03484113141894","0.168395172119141","100.699996948242"
"5.03987120464444","0.168555923461914","100.800003051758"
"5.04490127786994","0.168886932373047","100.900001525879"
"5.04988431930542","0.168883102416992","101"
"5.05482126027346","0.169088851928711","101.099998474121"
"5.05985133349895","0.169677810668945","101.199996948242"
"5.06492797285318","0.169410827636719","101.300003051758"
"5.06991147994995","0.169866897583008","101.400001525879"
"5.07489498704672","0.17018994140625","101.5"
"5.07983192801476","0.169860305786133","101.599998474121"
"5.08481543511152","0.170267150878906","101.699996948242"
"5.08989207446575","0.170581832885742","101.800003051758"
"5.09496871381998","0.170735336303711","101.900001525879"
"5.09985908865929","0.171095458984375","102"
"5.10484259575605","0.170950790405273","102.099998474121"
"5.10987266898155","0.170828704833984","102.199996948242"
"5.11485571041703","0.171318603515625","102.300003051758"
"5.11988578364253","0.171292694091797","102.400001525879"
"5.1248692907393","0.171482696533203","102.5"
"5.12985279783607","0.171654205322266","102.599998474121"
"5.13488287106156","0.172049896240234","102.699996948242"
"5.13991294428706","0.171973388671875","102.800003051758"
"5.14489645138383","0.172184875488281","102.900001525879"
"5.14983339235187","0.172325073242188","103"
"5.15481689944863","0.172334350585937","103.099998474121"
"5.15989353880286","0.172885314941406","103.199996948242"
"5.16492361202836","0.173061706542969","103.300003051758"
"5.16990711912513","0.173131820678711","103.400001525879"
"5.17484406009316","0.173310928344727","103.5"
"5.17982756718993","0.17332763671875","103.599998474121"
"5.18490374088287","0.173345779418945","103.699996948242"
"5.18993381410837","0.173478363037109","103.800003051758"
"5.19487075507641","0.173543273925781","103.900001525879"
"5.19985426217318","0.173943222045898","104"
"5.20488433539867","0.174528472900391","104.099998474121"
"5.20991440862417","0.174050933837891","104.199996948242"
"5.21489791572094","0.174361892700195","104.300003051758"
"5.21983485668898","0.174594451904297","104.400001525879"
"5.22486492991447","-0.0127910623550415","104.5"
"5.22509776055813","0.000181761473417282","104.503997802734"
