"File Path: C:\Users\Administrator\Desktop\User Data Files\Colgate Group\Paul\BreakingLoad2\Test Run 83 07-23-25 12 25 12 PM\DAQ- Crosshead, … - (Timed).csv   "
"Test: Tensile_2400N"
"Test Run: Test Run 83"
"Date: 7/23/2025 12:22:42 PM"
""
""
"Crosshead ","Load ","Time "
"mm","kN","sec"
"0.00447115007773391","0.00113545858860016","0.100000001490116"
"0.00968749191088136","0.00128983533382416","0.200000002980232"
"0.0147641103467322","0.00149974989891052","0.300000011920929"
"0.0198873021872714","0.00173450112342834","0.400000005960464"
"0.024963921532617","0.00166167521476746","0.5"
"0.0299008152069291","0.00169783008098602","0.600000023841858"
"0.0348842841049191","0.00210068297386169","0.699999988079071"
"0.0399143282265868","0.00201782727241516","0.800000011920929"
"0.0449443723482545","0.00218033123016357","0.899999976158142"
"0.0499278430652339","0.00216553258895874","1"
"0.0549113101442344","0.00187258946895599","1.10000002384186"
"0.0598947808612138","0.00209338855743408","1.20000004768372"
"0.0649248249828815","0.00250001215934753","1.29999995231628"
"0.0699548691045493","0.00205945754051208","1.39999997615814"
"0.0748917664168403","0.00244435262680054","1.5"
"0.0798286564531736","0.00228110074996948","1.60000002384186"
"0.0848587005748414","0.00228599739074707","1.70000004768372"
"0.0899353181011975","0.00257068586349487","1.79999995231628"
"0.0949653622228652","0.00243272399902344","1.89999997615814"
"0.0999022595351562","0.00286152601242065","2"
"0.104885730252136","0.00239099884033203","2.09999990463257"
"0.109869200969115","0.00272294616699219","2.20000004768372"
"0.114945818495471","0.00302162170410156","2.29999995231628"
"0.119975862617139","0.00332424807548523","2.40000009536743"
"0.124866186524741","0.00316284275054932","2.5"
"0.129896230646409","0.00317120766639709","2.59999990463257"
"0.134926274768077","0.00296311569213867","2.70000004768372"
"0.139909738209099","0.00338911652565002","2.79999995231628"
"0.14489320165012","0.00337233972549438","2.90000009536743"
"0.149876679643057","0.0034583101272583","3"
"0.154906723764725","0.00345352506637573","3.09999990463257"
"0.159936767886393","0.00364293360710144","3.20000004768372"
"0.164966812008061","0.00386624526977539","3.29999995231628"
"0.169903709320351","0.00342461752891541","3.40000009536743"
"0.174840592080727","0.00364014720916748","3.5"
"0.179917216883041","0.00399211502075195","3.59999990463257"
"0.184993827133439","0.003760990858078","3.70000004768372"
"0.18993072444573","0.00388178372383118","3.79999995231628"
"0.194914202438667","0.00441587400436401","3.90000009536743"
"0.199851099750958","0.00434311103820801","4"
"0.204881129320711","0.00449594879150391","4.09999990463257"
"0.209957754123025","0.00443735933303833","4.19999980926514"
"0.214941217564046","0.0045084490776062","4.30000019073486"
"0.219878114876337","0.00424249315261841","4.40000009536743"
"0.224908158998005","0.00446083974838257","4.5"
"0.229938203119673","0.00465090560913086","4.59999990463257"
"0.23492168111261","0.00486271476745606","4.69999980926514"
"0.239858563872986","0.00491858673095703","4.80000019073486"
"0.244842027314007","0.00486120939254761","4.90000009536743"
"0.249918666668236","0.00497470617294312","5"
"0.254948710789904","0.00531430339813232","5.09999990463257"
"0.259932159679011","0.00503874015808106","5.19999980926514"
"0.264869071543217","0.00539767742156982","5.30000019073486"
"0.269852549536154","0.00519538307189941","5.40000009536743"
"0.274929159786552","0.00562731742858887","5.5"
"0.27995920390822","0.005945885181427","5.59999990463257"
"0.284942652797326","0.00552289342880249","5.69999980926514"
"0.289879564661533","0.00598188066482544","5.80000019073486"
"0.2949096087832","0.00621688365936279","5.90000009536743"
"0.299893086776137","0.00647115230560303","6"
"0.304923130897805","0.00609919404983521","6.09999990463257"
"0.309906579786912","0.0066867241859436","6.19999980926514"
"0.314843491651118","0.00651167821884155","6.30000019073486"
"0.319920101901516","0.00657387781143188","6.40000009536743"
"0.324996712151915","0.00697882986068726","6.5"
"0.329933624016121","0.00652973985671997","6.59999990463257"
"0.334870506776497","0.0072240514755249","6.69999980926514"
"0.339900550898165","0.0070752124786377","6.80000019073486"
"0.344930595019832","0.00724832344055176","6.90000009536743"
"0.3499606391415","0.00731235122680664","7"
"0.354897521901876","0.00756371831893921","7.09999990463257"
"0.359880999894813","0.00746193790435791","7.19999980926514"
"0.36486447788775","0.00772155666351318","7.30000019073486"
"0.369941088138148","0.00757043600082397","7.40000009536743"
"0.374971132259816","0.00802292537689209","7.5"
"0.379908044124022","0.00841450881958008","7.59999990463257"
"0.384844926884398","0.00809881114959717","7.69999980926514"
"0.389874971006066","0.00826506233215332","7.80000019073486"
"0.394905015127733","0.00829197788238525","7.90000009536743"
"0.399935059249401","0.00852134323120117","8"
"0.404918537242338","0.00855457305908203","8.10000038146973"
"0.409901986131445","0.00871232986450195","8.19999980926514"
"0.414932030253112","0.00886429119110107","8.30000019073486"
"0.41996207437478","0.00898449897766113","8.39999961853027"
"0.424898986238986","0.00911951637268066","8.5"
"0.429835868999362","0.00916023349761963","8.60000038146973"
"0.43486591312103","0.00974092960357666","8.69999980926514"
"0.439942523371428","0.00974678802490234","8.80000019073486"
"0.444972567493096","0.0101311149597168","8.89999961853027"
"0.449909479357302","0.0091676778793335","9"
"0.454846362117678","0.009987624168396","9.10000038146973"
"0.459829840110615","0.0101001901626587","9.19999980926514"
"0.464953045593575","0.0101754674911499","9.30000019073486"
"0.469936494482681","0.0102999305725098","9.39999961853027"
"0.474873406346887","0.0104023017883301","9.5"
"0.479903450468555","0.0108576078414917","9.60000038146973"
"0.484933494590223","0.011260383605957","9.69999980926514"
"0.489916943479329","0.0110404167175293","9.80000019073486"
"0.494900450576097","0.0114905233383179","9.89999961853027"
"0.499883899465203","0.0115805177688599","10"
"0.504913914483041","0.0118409156799316","10.1000003814697"
"0.509943987708539","0.0119277496337891","10.1999998092651"
"0.514974002726376","0.0115499305725098","10.3000001907349"
"0.519910943694413","0.0123878870010376","10.3999996185303"
"0.524847826454788","0.0123712186813354","10.5"
"0.529877841472626","0.0121877193450928","10.6000003814697"
"0.534954480826855","0.0126417446136475","10.6999998092651"
"0.539937929715961","0.0129487037658691","10.8000001907349"
"0.544874812476337","0.0130320453643799","10.8999996185303"
"0.549858319573104","0.0133221035003662","11"
"0.554888334590942","0.013591194152832","11.1000003814697"
"0.559964973945171","0.0134797143936157","11.1999998092651"
"0.564948422834277","0.0137008991241455","11.3000001907349"
"0.569885305594653","0.0135205154418945","11.3999996185303"
"0.574915378820151","0.0140897655487061","11.5"
"0.579945393837988","0.0139486789703369","11.6000003814697"
"0.584928900934756","0.0145866661071777","11.6999998092651"
"0.589912349823862","0.0146178169250488","11.8000001907349"
"0.594849232584238","0.0148968324661255","11.8999996185303"
"0.599925871938467","0.0148692569732666","12"
"0.604955945163965","0.0152125940322876","12.1000003814697"
"0.609939394053072","0.0154045219421387","12.1999998092651"
"0.614876276813447","0.015199896812439","12.3000001907349"
"0.619813159573823","0.0158659400939941","12.3999996185303"
"0.624889798928052","0.0157049617767334","12.5"
"0.629966438282281","0.0161644458770752","12.6000003814697"
"0.634949887171388","0.0162291393280029","12.6999998092651"
"0.639886769931763","0.0163229007720947","12.8000001907349"
"0.64487021882087","0.0168653221130371","12.8999996185303"
"0.649900292046368","0.016886661529541","13"
"0.654930307064205","0.0169876346588135","13.1000003814697"
"0.659913814160973","0.0173802490234375","13.1999998092651"
"0.664897263050079","0.0172292213439941","13.3000001907349"
"0.669927336275578","0.0176469135284424","13.3999996185303"
"0.674957351293415","0.0178538608551025","13.5"
"0.679940858390182","0.0184468154907227","13.6000003814697"
"0.684831175021827","0.0183680953979492","13.6999998092651"
"0.689861190039665","0.0187374649047852","13.8000001907349"
"0.694891263265163","0.0187293453216553","13.8999996185303"
"0.699921278283","0.0191924896240234","14"
"0.704951351508498","0.0192058811187744","14.1000003814697"
"0.709888234268874","0.0196062507629395","14.1999998092651"
"0.71482511702925","0.0196675491333008","14.3000001907349"
"0.719948322512209","0.0199627227783203","14.3999996185303"
"0.724978337530047","0.0203234558105469","14.5"
"0.729915220290422","0.0203897590637207","14.6000003814697"
"0.73489872738719","0.0209314460754395","14.6999998092651"
"0.739928742405027","0.0214125022888184","14.8000001907349"
"0.744912249501795","0.0212920074462891","14.8999996185303"
"0.749942264519632","0.0217801551818848","15"
"0.754925713408738","0.0215859184265137","15.1000003814697"
"0.759862654376775","0.0219388408660889","15.1999998092651"
"0.764892669394612","0.0221454010009766","15.3000001907349"
"0.769969308748841","0.0222992553710937","15.3999996185303"
"0.774906191509217","0.0226565608978271","15.5"
"0.779843074269593","0.0227691497802734","15.6000003814697"
"0.784873147495091","0.0230970115661621","15.6999998092651"
"0.789949728641659","0.0232669296264648","15.8000001907349"
"0.794979801867157","0.0235793476104736","15.8999996185303"
"0.799916684627533","0.0236961441040039","16"
"0.804853567387909","0.0241298294067383","16.1000003814697"
"0.809837074484676","0.0242413482666016","16.2000007629395"
"0.814913655631244","0.0246930656433105","16.2999992370605"
"0.819943728856742","0.0249035263061523","16.3999996185303"
"0.824927177745849","0.0249171714782715","16.5"
"0.829910626634955","0.0254035701751709","16.6000003814697"
"0.834894133731723","0.0259231281280518","16.7000007629395"
"0.83992414874956","0.025728401184082","16.7999992370605"
"0.844907655846328","0.0263229598999023","16.8999996185303"
"0.849844538606703","0.0263361339569092","17"
"0.854874553624541","0.0266345195770264","17.1000003814697"
"0.85995119297877","0.0269380779266357","17.2000007629395"
"0.864981266204268","0.0275575160980225","17.2999992370605"
"0.869918148964643","0.0272621364593506","17.3999996185303"
"0.874808465596288","0.0271830921173096","17.5"
"0.879885046742857","0.0282629280090332","17.6000003814697"
"0.884961686097085","0.0283140354156494","17.7000007629395"
"0.889898568857461","0.028613109588623","17.7999992370605"
"0.894928642082959","0.0288082370758057","17.8999996185303"
"0.899912090972066","0.0291057891845703","18"
"0.904848973732442","0.0291656970977783","18.1000003814697"
"0.909972179215401","0.0291891021728516","18.2000007629395"
"0.914955628104508","0.0298900833129883","18.2999992370605"
"0.919846002943814","0.0301576042175293","18.3999996185303"
"0.924876017961651","0.0306632328033447","18.5"
"0.929906091187149","0.0310279712677002","18.6000003814697"
"0.934936106204987","0.0309920349121094","18.7000007629395"
"0.939919555094093","0.0313685913085937","18.7999992370605"
"0.94485649606213","0.0317447128295898","18.8999996185303"
"0.949886511079967","0.0318179168701172","19"
"0.954963150434196","0.0319167327880859","19.1000003814697"
"0.959946599323303","0.0324656867980957","19.2000007629395"
"0.964883482083678","0.0327232818603516","19.2999992370605"
"0.969866989180446","0.0327412338256836","19.3999996185303"
"0.974897004198283","0.0328654861450195","19.5"
"0.979973585344851","0.0336037178039551","19.6000003814697"
"0.984957092441618","0.0336009330749512","19.7000007629395"
"0.989847467280924","0.0334987945556641","19.7999992370605"
"0.994877424091101","0.0340625457763672","19.8999996185303"
"0.999907497316599","0.0342411613464355","20"
"1.0049375705421","0.0346714363098145","20.1000003814697"
"1.0099676437676","0.0350732383728027","20.2000007629395"
"1.01490446832031","0.0351627388000488","20.2999992370605"
"1.01988797541708","0.0360470199584961","20.3999996185303"
"1.02496461477131","0.0355801849365234","20.5"
"1.02990143932402","0.0363215866088867","20.6000003814697"
"1.03488494642079","0.0364906845092773","20.7000007629395"
"1.03986845351756","0.0367146987915039","20.7999992370605"
"1.04489841032773","0.0371965560913086","20.8999996185303"
"1.04997504968196","0.0376294097900391","21"
"1.05495855677873","0.0373847351074219","21.1000003814697"
"1.05984881520271","0.0375521125793457","21.2000007629395"
"1.06483232229948","0.0380383987426758","21.2999992370605"
"1.06990896165371","0.0382051963806152","21.3999996185303"
"1.07498560100794","0.0391651992797852","21.5"
"1.07992242556065","0.0389782333374023","21.6000003814697"
"1.08490593265742","0.0395898284912109","21.7000007629395"
"1.08988943975419","0.0396436462402344","21.7999992370605"
"1.09491939656436","0.0402651405334473","21.8999996185303"
"1.09994946978986","0.0401773223876953","22"
"1.10493297688663","0.0408520011901855","22.1000003814697"
"1.10986980143934","0.0412936058044434","22.2000007629395"
"1.11489987466484","0.041200870513916","22.2999992370605"
"1.11997651401907","0.0417180862426758","22.3999996185303"
"1.12491345498711","0.042155632019043","22.5"
"1.12985027953982","0.0420663414001465","22.6000003814697"
"1.13488035276532","0.0427120704650879","22.7000007629395"
"1.13995699211955","0.0431953277587891","22.7999992370605"
"1.144940382801","0.0437618637084961","22.8999996185303"
"1.14992388989776","0.0439787254333496","23"
"1.1548608308658","0.0434377174377441","23.1000003814697"
"1.15984422154725","0.0441548233032227","23.2000007629395"
"1.16492086090147","0.044593578338623","23.2999992370605"
"1.1699975002557","0.0446114234924316","23.3999996185303"
"1.17488787509501","0.0451360321044922","23.5"
"1.17987126577646","0.0454858169555664","23.6000003814697"
"1.18490133900195","0.0460536842346191","23.7000007629395"
"1.18993141222745","0.0460741004943848","23.7999992370605"
"1.1949148029089","0.0463775215148926","23.8999996185303"
"1.19989831000566","0.0468450088500977","24"
"1.20488181710243","0.0471355247497559","24.1000003814697"
"1.20991189032793","0.0477991256713867","24.2000007629395"
"1.21494184713811","0.0479316787719727","24.2999992370605"
"1.21992535423487","0.047809383392334","24.3999996185303"
"1.22486229520291","0.0485127067565918","24.5"
"1.22984568588436","0.0487557258605957","24.6000003814697"
"1.23496889136732","0.04877392578125","24.7000007629395"
"1.23999896459281","0.0493403549194336","24.7999992370605"
"1.24493578914553","0.0498328895568848","24.8999996185303"
"1.24987273011357","0.0501094779968262","25"
"1.25485623721033","0.0498731689453125","25.1000003814697"
"1.25993287656456","0.0504804039001465","25.2000007629395"
"1.26500939950347","0.0509780578613281","25.2999992370605"
"1.26985320821404","0.0512477378845215","25.3999996185303"
"1.27488328143954","0.051267505645752","25.5"
"1.27995980437845","0.0518254776000977","25.6000003814697"
"1.28489674534649","0.0523492202758789","25.7000007629395"
"1.28992681857198","0.0524023857116699","25.7999992370605"
"1.29491020925343","0.0529119644165039","25.8999996185303"
"1.2998937163502","0.0532635459899902","26"
"1.3049237895757","0.0537180290222168","26.1000003814697"
"1.30995386280119","0.0540185813903809","26.2000007629395"
"1.31489068735391","0.0543516578674316","26.2999992370605"
"1.31982762832195","0.0547171401977539","26.3999996185303"
"1.32490426767617","0.0552865867614746","26.5"
"1.32998079061508","0.0550297698974609","26.6000003814697"
"1.33496429771185","0.0556190910339356","26.7000007629395"
"1.33990123867989","0.0557895164489746","26.7999992370605"
"1.34488462936133","0.0561613273620605","26.8999996185303"
"1.34991470258683","0.0565467071533203","27"
"1.35494477581233","0.0569563026428223","27.1000003814697"
"1.3599282829091","0.056994068145752","27.2000007629395"
"1.36491167359054","0.057787971496582","27.2999992370605"
"1.36984861455858","0.0576344108581543","27.3999996185303"
"1.37492525391281","0.0584217147827148","27.5"
"1.37990864459425","0.0584780731201172","27.6000003814697"
"1.38484558556229","0.0591039657592773","27.7000007629395"
"1.38987565878779","0.059215892791748","27.7999992370605"
"1.39490561559796","0.0594757804870606","27.8999996185303"
"1.39993568882346","0.0599277954101562","28"
"1.40496576204896","0.060264892578125","28.1000003814697"
"1.409902703017","0.0605654487609863","28.2000007629395"
"1.41483952756971","0.0604411544799805","28.2999992370605"
"1.41991616692394","0.0608859062194824","28.3999996185303"
"1.42499280627817","0.0618490524291992","28.5"
"1.42992963083088","0.0621346321105957","28.6000003814697"
"1.43491313792765","0.0620566787719727","28.7000007629395"
"1.43989664502442","0.0629435043334961","28.7999992370605"
"1.44488003570586","0.0631656723022461","28.8999996185303"
"1.44995667506009","0.0634085960388184","29"
"1.45494018215686","0.0636247138977051","29.1000003814697"
"1.45983044058084","0.0641894149780273","29.2000007629395"
"1.46490707993507","0.0643670196533203","29.2999992370605"
"1.46993715316057","0.0648055877685547","29.3999996185303"
"1.47492066025734","0.0650207443237305","29.5"
"1.47990405093879","0.0655486145019531","29.6000003814697"
"1.48488755803555","0.0659300537109375","29.7000007629395"
"1.48991763126105","0.0662538452148437","29.7999992370605"
"1.49494770448655","0.0664371643066406","29.8999996185303"
"1.49993109516799","0.0668540954589844","30"
"1.50486803613603","0.0671934432983398","30.1000003814697"
"1.50985142681748","0.0671101989746094","30.2000007629395"
"1.51492806617171","0.0678016815185547","30.2999992370605"
"1.5199581393972","0.0681070785522461","30.3999996185303"
"1.52494164649397","0.0688648071289062","30.5"
"1.52987847104669","0.0691104888916016","30.6000003814697"
"1.53486197814345","0.0687867965698242","30.7000007629395"
"1.53989205136895","0.0694714279174805","30.7999992370605"
"1.54492212459445","0.0700158538818359","30.8999996185303"
"1.5499055152759","0.0707422943115234","31"
"1.55488902237266","0.0707121353149414","31.1000003814697"
"1.55991909559816","0.0710356292724609","31.2000007629395"
"1.56494905240834","0.071859016418457","31.2999992370605"
"1.56993255950511","0.0723028030395508","31.3999996185303"
"1.57482293434441","0.0721988677978516","31.5"
"1.57989945728332","0.0725211639404297","31.6000003814697"
"1.58492953050882","0.0729683151245117","31.7000007629395"
"1.58995960373431","0.0729932250976563","31.7999992370605"
"1.59494311083108","0.0739005126953125","31.8999996185303"
"1.59983336925507","0.0739279403686523","32"
"1.60486344248056","0.0743133926391602","32.0999984741211"
"1.60989351570606","0.0748469314575195","32.2000007629395"
"1.61497003864497","0.0751416168212891","32.2999992370605"
"1.61990697961301","0.0750440368652344","32.4000015258789"
"1.62489048670977","0.0761933822631836","32.5"
"1.62992044351995","0.0765454559326172","32.5999984741211"
"1.63490395061672","0.076621940612793","32.7000007629395"
"1.63993402384222","0.0768725280761719","32.7999992370605"
"1.64491753093898","0.0773080902099609","32.9000015258789"
"1.64990092162043","0.0775494155883789","33"
"1.65493099484593","0.0780361099243164","33.0999984741211"
"1.66000763420016","0.0785613784790039","33.2000007629395"
"1.66494445875287","0.0788068771362305","33.2999992370605"
"1.66983483359218","0.0789664459228516","33.4000015258789"
"1.67491147294641","0.0793565444946289","33.5"
"1.67994142975658","0.0798982696533203","33.5999984741211"
"1.68492493685335","0.0803351287841797","33.7000007629395"
"1.68990844395012","0.0806293716430664","33.7999992370605"
"1.69484526850283","0.080876953125","33.9000015258789"
"1.69987534172833","0.0815620727539063","34"
"1.70495198108256","0.0816661605834961","34.0999984741211"
"1.70998205430806","0.0823096008300781","34.2000007629395"
"1.71487231273204","0.0826046600341797","34.2999992370605"
"1.71990238595754","0.0827857437133789","34.4000015258789"
"1.72493245918304","0.0832036590576172","34.5"
"1.72991584986448","0.0833183364868164","34.5999984741211"
"1.73494592308998","0.0836870269775391","34.7000007629395"
"1.73988286405802","0.0844368743896484","34.7999992370605"
"1.74491293728352","0.0845954666137695","34.9000015258789"
"1.74994289409369","0.0847538757324219","35"
"1.75497296731919","0.0854343795776367","35.0999984741211"
"1.7598633421585","0.0858085556030273","35.2000007629395"
"1.76484673283994","0.0864162521362305","35.2999992370605"
"1.76987680606544","0.0865253448486328","35.4000015258789"
"1.7750000115484","0.0863990173339844","35.5"
"1.77998351864517","0.0873778381347656","35.5999984741211"
"1.78492034319788","0.0875954208374023","35.7000007629395"
"1.78985728416592","0.0879127426147461","35.7999992370605"
"1.79488735739142","0.0885871810913086","35.9000015258789"
"1.79991731420159","0.0891324157714844","36"
"1.80494738742709","0.0890539855957031","36.0999984741211"
"1.80988432839513","0.0894410171508789","36.2000007629395"
"1.8149142852053","0.0901680526733398","36.2999992370605"
"1.8199443584308","0.0900369110107422","36.4000015258789"
"1.82492786552757","0.0905605392456055","36.5"
"1.82986469008029","0.0908542098999024","36.5999984741211"
"1.83489476330578","0.0912178421020508","36.7000007629395"
"1.83987827040255","0.0914342269897461","36.7999992370605"
"1.84495490975678","0.0919221572875977","36.9000015258789"
"1.84998486656696","0.092658576965332","37"
"1.85487524140626","0.0928442153930664","37.0999984741211"
"1.85985874850303","0.0931812896728516","37.2000007629395"
"1.86488870531321","0.0937106628417969","37.2999992370605"
"1.86996534466743","0.0936470336914063","37.4000015258789"
"1.8749488517642","0.0939708023071289","37.5"
"1.87988567631692","0.0943901138305664","37.5999984741211"
"1.88486918341368","0.0949128799438477","37.7000007629395"
"1.88989925663918","0.0954395141601563","37.7999992370605"
"1.89492932986468","0.0958360214233398","37.9000015258789"
"1.89991272054613","0.096044677734375","38"
"1.90489622764289","0.0969866638183594","38.0999984741211"
"1.90987973473966","0.097151725769043","38.2000007629395"
"1.91495625767857","0.0975017700195313","38.2999992370605"
"1.91989319864661","0.0979379577636719","38.4000015258789"
"1.92487670574337","0.0983634490966797","38.5"
"1.92986009642482","0.0985185012817383","38.5999984741211"
"1.93493673577905","0.0990092239379883","38.7000007629395"
"1.93996680900455","0.099356330871582","38.7999992370605"
"1.94495031610131","0.0997371826171875","38.9000015258789"
"1.94988714065403","0.100236434936523","39"
"1.95482396520674","0.10069474029541","39.0999984741211"
"1.95990060456097","0.101003532409668","39.2000007629395"
"1.9649772439152","0.101613021850586","39.2999992370605"
"1.96991418488324","0.10169849395752","39.4000015258789"
"1.97489769198","0.102237739562988","39.5"
"1.97988119907677","0.102730766296387","39.5999984741211"
"1.98491127230227","0.102742301940918","39.7000007629395"
"1.98994111269712","0.103172492980957","39.7999992370605"
"1.99487805366516","0.103221290588379","39.9000015258789"
"1.99986156076193","0.10404141998291","40"
"2.00493820011616","0.104087005615234","40.0999984741211"
"2.00996827334166","0.104368209838867","40.2000007629395"
"2.01490521430969","0.104841194152832","40.2999992370605"
"2.01984192244709","0.105186996459961","40.4000015258789"
"2.02487199567258","0.105737037658691","40.5"
"2.02994863502681","0.105701919555664","40.5999984741211"
"2.03493214212358","0.106153511047363","40.7000007629395"
"2.03991564922035","0.106821647644043","40.7999992370605"
"2.04489915631711","0.107256278991699","40.9000015258789"
"2.04983609728515","0.107365905761719","41"
"2.05491273663938","0.107839431762695","41.0999984741211"
"2.05998914316297","0.108099739074707","41.2000007629395"
"2.06487951800227","0.10872779083252","41.2999992370605"
"2.06986302509904","0.109313613891602","41.4000015258789"
"2.07489309832454","0.109709022521973","41.5"
"2.07992317155004","0.109882354736328","41.5999984741211"
"2.08495324477553","0.110346946716309","41.7000007629395"
"2.08988995291293","0.110585113525391","41.7999992370605"
"2.09487346000969","0.111207969665527","41.9000015258789"
"2.09995009936392","0.111369132995605","42"
"2.10498017258942","0.111772102355957","42.0999984741211"
"2.10991711355746","0.112136184692383","42.2000007629395"
"2.11485405452549","0.112353248596191","42.2999992370605"
"2.11988412775099","0.112526847839355","42.4000015258789"
"2.12496053427458","0.113160873413086","42.5"
"2.12999060750008","0.11392219543457","42.5999984741211"
"2.13488098233938","0.114343757629395","42.7000007629395"
"2.13986448943615","0.114108222961426","42.7999992370605"
"2.14484799653292","0.114801216125488","42.9000015258789"
"2.14992463588715","0.115280708312988","43"
"2.15495470911264","0.115442016601563","43.0999984741211"
"2.15989141725004","0.116030319213867","43.2000007629395"
"2.1648749243468","0.11643578338623","43.2999992370605"
"2.16995156370103","0.11642724609375","43.4000015258789"
"2.1749350707978","0.117237838745117","43.5"
"2.17991857789457","0.117481178283691","43.5999984741211"
"2.18485551886261","0.117550537109375","43.7000007629395"
"2.18988535925746","0.118244033813477","43.7999992370605"
"2.19496199861169","0.118408958435059","43.9000015258789"
"2.19999207183719","0.119261444091797","44"
"2.20488244667649","0.119697128295898","44.0999984741211"
"2.20981938764453","0.120058860778809","44.2000007629395"
"2.21489602699876","0.120106094360352","44.2999992370605"
"2.21997266635299","0.120898826599121","44.4000015258789"
"2.22490937449038","0.12113387298584","44.5"
"2.22989288158715","0.121466331481934","44.5999984741211"
"2.23487638868392","0.121612457275391","44.7000007629395"
"2.23990646190941","0.122244606018066","44.7999992370605"
"2.24493653513491","0.122476295471191","44.9000015258789"
"2.24992004223168","0.123237091064453","45"
"2.25490354932845","0.123039352416992","45.0999984741211"
"2.25988682359457","0.123605827331543","45.2000007629395"
"2.2649634629488","0.124187431335449","45.2999992370605"
"2.26994697004557","0.124501747131348","45.4000015258789"
"2.2748839110136","0.12478816986084","45.5"
"2.27986741811037","0.125301399230957","45.5999984741211"
"2.28489749133587","0.125296577453613","45.7000007629395"
"2.28992733173072","0.12590185546875","45.7999992370605"
"2.29495740495622","0.126328254699707","45.9000015258789"
"2.29984777979553","0.126670707702637","46"
"2.30483128689229","0.12690592956543","46.0999984741211"
"2.30990792624652","0.127684051513672","46.2000007629395"
"2.31498456560075","0.12806803894043","46.2999992370605"
"2.31992150656879","0.128567947387695","46.4000015258789"
"2.32490478083491","0.129065368652344","46.5"
"2.32988828793168","0.129258499145508","46.5999984741211"
"2.33487179502845","0.129698959350586","46.7000007629395"
"2.33994843438268","0.129713943481445","46.7999992370605"
"2.34488537535071","0.130104339599609","46.9000015258789"
"2.34986888244748","0.130750686645508","47"
"2.35489895567298","0.130903564453125","47.0999984741211"
"2.35992879606783","0.13150016784668","47.2000007629395"
"2.3649123031646","0.131780624389648","47.2999992370605"
"2.36984924413264","0.132170150756836","47.4000015258789"
"2.37483275122941","0.132646102905273","47.5"
"2.37995595671237","0.132796981811523","47.5999984741211"
"2.38498602993786","0.133220733642578","47.7000007629395"
"2.38992273807526","0.133827072143555","47.7999992370605"
"2.39490624517202","0.134358932495117","47.9000015258789"
"2.39984318614006","0.13448811340332","48"
"2.40491982549429","0.134941619873047","48.0999984741211"
"2.40999646484852","0.135011627197266","48.2000007629395"
"2.41488683968782","0.135818069458008","48.2999992370605"
"2.41987034678459","0.135813018798828","48.4000015258789"
"2.42494675330818","0.13610188293457","48.5"
"2.42988369427621","0.136904678344727","48.5999984741211"
"2.43491376750171","0.137193557739258","48.7000007629395"
"2.43989727459848","0.137901428222656","48.7999992370605"
"2.44488078169525","0.138078536987305","48.9000015258789"
"2.44991085492074","0.138156677246094","49"
"2.45498749427497","0.138636459350586","49.0999984741211"
"2.45987763628364","0.139143005371094","49.2000007629395"
"2.4648611433804","0.139671829223633","49.2999992370605"
"2.4698912166059","0.140062591552734","49.4000015258789"
"2.4749212898314","0.140245544433594","49.5"
"2.47999792918563","0.1407509765625","49.5999984741211"
"2.48493487015367","0.141378204345703","49.7000007629395"
"2.48982501216233","0.141387878417969","49.7999992370605"
"2.49490165151656","0.141978424072266","49.9000015258789"
"2.49993172474205","0.142749588012695","50"
"2.50496179796755","0.143049942016602","50.0999984741211"
"2.50994530506432","0.143505264282227","50.2000007629395"
"2.51483567990363","0.143358139038086","50.2999992370605"
"2.51991231925786","0.143837432861328","50.4000015258789"
"2.52494215965271","0.14419938659668","50.5"
"2.52987910062075","0.144644515991211","50.5999984741211"
"2.53490917384624","0.145081115722656","50.7000007629395"
"2.53989268094301","0.145705718994141","50.7999992370605"
"2.54492275416851","0.146010360717773","50.9000015258789"
"2.54999939352274","0.145840270996094","51"
"2.55488976836205","0.146767166137695","51.0999984741211"
"2.55982647649944","0.147313461303711","51.2000007629395"
"2.56490311585367","0.147907485961914","51.2999992370605"
"2.5699797552079","0.147711456298828","51.4000015258789"
"2.57496326230466","0.148434127807617","51.5"
"2.5799002032727","0.148739395141602","51.5999984741211"
"2.58488371036947","0.149349761962891","51.7000007629395"
"2.58986698463559","0.149723236083984","51.7999992370605"
"2.59494362398982","0.150259841918945","51.9000015258789"
"2.59992713108659","0.150471420288086","52"
"2.60486407205462","0.150646087646484","52.0999984741211"
"2.60989414528012","0.150858093261719","52.2000007629395"
"2.61492421850562","0.151121124267578","52.2999992370605"
"2.61995429173112","0.151773239135742","52.4000015258789"
"2.62489099986851","0.152365081787109","52.5"
"2.62987450696528","0.152872772216797","52.5999984741211"
"2.63490458019078","0.152730911254883","52.7000007629395"
"2.63993465341628","0.152976455688477","52.7999992370605"
"2.64496472664177","0.15366975402832","52.9000015258789"
"2.64990166760981","0.153913299560547","53"
"2.65483860857785","0.154748291015625","53.0999984741211"
"2.65991501510143","0.154966720581055","53.2000007629395"
"2.66499165445566","0.155556427001953","53.2999992370605"
"2.6699285954237","0.155430084228516","53.4000015258789"
"2.67486553639174","0.155702621459961","53.5"
"2.67989560961723","0.155966644287109","53.5999984741211"
"2.684879116714","0.156847061157227","53.7000007629395"
"2.68995575606823","0.156948150634766","53.7999992370605"
"2.69493903033435","0.157885940551758","53.9000015258789"
"2.69987597130239","0.157755172729492","54"
"2.70490604452789","0.158332595825195","54.0999984741211"
"2.70993611775339","0.158637924194336","54.2000007629395"
"2.71491962485015","0.15917106628418","54.2999992370605"
"2.71985656581819","0.159751510620117","54.4000015258789"
"2.72488640621305","0.159744979858398","54.5"
"2.72991647943854","0.160249481201172","54.5999984741211"
"2.73494655266404","0.161028228759766","54.7000007629395"
"2.73993005976081","0.160660980224609","54.7999992370605"
"2.74486700072885","0.16177214050293","54.9000015258789"
"2.74985050782561","0.162000335693359","55"
"2.75488058105111","0.162189834594727","55.0999984741211"
"2.7599569875747","0.163014144897461","55.2000007629395"
"2.76494049467146","0.163155181884766","55.2999992370605"
"2.7698774356395","0.163393432617188","55.4000015258789"
"2.774907508865","0.164092254638672","55.5"
"2.7799375820905","0.164139205932617","55.5999984741211"
"2.78492108918726","0.164592193603516","55.7000007629395"
"2.78995116241276","0.164825576782227","55.7999992370605"
"2.79488787055016","0.165426727294922","55.9000015258789"
"2.79991794377565","0.166295028686523","56"
"2.80499458312988","0.166329391479492","56.0999984741211"
"2.80993152409792","0.166774444580078","56.2000007629395"
"2.81486846506596","0.166981094360352","56.2999992370605"
"2.81989853829145","0.167296905517578","56.4000015258789"
"2.82492861151695","0.167906616210937","56.5"
"2.82995845191181","0.168216171264648","56.5999984741211"
"2.83494195900857","0.168688232421875","56.7000007629395"
"2.83983233384788","0.169152908325195","56.7999992370605"
"2.84486240707338","0.169397796630859","56.9000015258789"
"2.84993904642761","0.169853225708008","57"
"2.85496911965311","0.169694290161133","57.0999984741211"
"2.8599058277905","0.170864517211914","57.2000007629395"
"2.86488933488727","0.170897308349609","57.2999992370605"
"2.86991940811276","0.171398223876953","57.4000015258789"
"2.87494948133826","0.171941513061523","57.5"
"2.87993298843503","0.172156600952148","57.5999984741211"
"2.88486992940307","0.17252783203125","57.7000007629395"
"2.88990000262856","0.17276985168457","57.7999992370605"
"2.89492984302342","0.17345295715332","57.9000015258789"
"2.89995991624892","0.173628173828125","58"
"2.90489685721695","0.173864013671875","58.0999984741211"
"2.90983379818499","0.174644866943359","58.2000007629395"
"2.91486387141049","0.174591339111328","58.2999992370605"
"2.91998707689345","0.175433059692383","58.4000015258789"
"2.92497058399022","0.175450332641602","58.5"
"2.92990729212761","0.17638737487793","58.5999984741211"
"2.93489079922438","0.176198471069336","58.7000007629395"
"2.93987430632114","0.177030517578125","58.7999992370605"
"2.94495094567537","0.177457427978516","58.9000015258789"
"2.94993445277214","0.177675491333008","59"
"2.95491795986891","0.178167449951172","59.0999984741211"
"2.95990123413503","0.178577545166016","59.2000007629395"
"2.96493130736053","0.179040008544922","59.2999992370605"
"2.9699148144573","0.179563873291016","59.4000015258789"
"2.97489832155406","0.180100967407227","59.5"
"2.97988182865083","0.180263427734375","59.5999984741211"
"2.9848653357476","0.180731536865234","59.7000007629395"
"2.98994197510183","0.180933120727539","59.7999992370605"
"2.99497181549668","0.181431274414063","59.9000015258789"
"2.99990875646472","0.181467895507813","60"
"3.00484569743276","0.182210083007812","60.0999984741211"
"3.00992233678699","0.182341110229492","60.2000007629395"
"3.01495241001248","0.182594390869141","60.2999992370605"
"3.01993591710925","0.18324201965332","60.4000015258789"
"3.02487262524664","0.183597244262695","60.5"
"3.02985613234341","0.184073028564453","60.5999984741211"
"3.03488620556891","0.184534133911133","60.7000007629395"
"3.03996284492314","0.184560913085938","60.7999992370605"
"3.04494635201991","0.185224334716797","60.9000015258789"
"3.04988329298794","0.185379592895508","61"
"3.05486680008471","0.186043106079102","61.0999984741211"
"3.05989664047956","0.186913131713867","61.2000007629395"
"3.06492671370506","0.186660079956055","61.2999992370605"
"3.0698636546731","0.187241409301758","61.4000015258789"
"3.0748937278986","0.187279388427734","61.5"
"3.0799238011241","0.188146270751953","61.5999984741211"
"3.08495387434959","0.188229934692383","61.7000007629395"
"3.08993738144636","0.188497497558594","61.7999992370605"
"3.09487408958375","0.189060195922852","61.9000015258789"
"3.09981103055179","0.189576370239258","62"
"3.10488766990602","0.189798599243164","62.0999984741211"
"3.11001087538898","0.190307556152344","62.2000007629395"
"3.11494781635702","0.190370788574219","62.2999992370605"
"3.11988475732505","0.190857498168945","62.4000015258789"
"3.12486803159118","0.191354263305664","62.5"
"3.12989810481668","0.192037567138672","62.5999984741211"
"3.13492817804217","0.192071731567383","62.7000007629395"
"3.13991168513894","0.192387756347656","62.7999992370605"
"3.14489519223571","0.19306037902832","62.9000015258789"
"3.14992526546121","0.193541946411133","63"
"3.1549553386867","0.193758453369141","63.0999984741211"
"3.15993861295283","0.194408676147461","63.2000007629395"
"3.16487555392087","0.194569137573242","63.2999992370605"
"3.16985906101763","0.194661224365234","63.4000015258789"
"3.17493570037186","0.195077560424805","63.5"
"3.17996577359736","0.19579084777832","63.5999984741211"
"3.18494928069413","0.196373291015625","63.7000007629395"
"3.18988622166216","0.196279479980469","63.7999992370605"
"3.19482292979956","0.196738433837891","63.9000015258789"
"3.19989956915379","0.19717008972168","64"
"3.20497620850801","0.197524932861328","64.0999984741211"
"3.20991314947605","0.197939804077148","64.1999969482422"
"3.21485009044409","0.198337966918945","64.3000030517578"
"3.21988016366959","0.198641647338867","64.4000015258789"
"3.22491023689508","0.198802444458008","64.5"
"3.22994007728994","0.199042404174805","64.5999984741211"
"3.23492358438671","0.199556777954102","64.6999969482422"
"3.23986052535474","0.20023908996582","64.8000030517578"
"3.24493716470897","0.200197326660156","64.9000015258789"
"3.24996723793447","0.200880279541016","65"
"3.25490417890251","0.2005537109375","65.0999984741211"
"3.25988745316863","0.201410095214844","65.1999969482422"
"3.2648709602654","0.201573181152344","65.3000030517578"
"3.26994759961963","0.202409591674805","65.4000015258789"
"3.27497767284513","0.202615463256836","65.5"
"3.27991461381316","0.20301530456543","65.5999984741211"
"3.2848515547812","0.203075119018555","65.6999969482422"
"3.2898816280067","0.203399841308594","65.8000030517578"
"3.29491146840155","0.203952865600586","65.9000015258789"
"3.29998810775578","0.2042216796875","66"
"3.30492504872382","0.204707641601563","66.0999984741211"
"3.30986198969185","0.204852203369141","66.1999969482422"
"3.31489206291735","0.204840316772461","66.3000030517578"
"3.31992213614285","0.205336563110352","66.4000015258789"
"3.32490564323962","0.205872970581055","66.5"
"3.32988891750574","0.206305908203125","66.5999984741211"
"3.33491899073124","0.206518035888672","66.6999969482422"
"3.33994906395674","0.20685481262207","66.8000030517578"
"3.34497913718224","0.207173065185547","66.9000015258789"
"3.34991607815027","0.206941909790039","67"
"3.35485301911831","0.207609115600586","67.0999984741211"
"3.35988285951316","0.207922729492188","67.1999969482422"
"3.36495949886739","0.207998275756836","67.3000030517578"
"3.36994300596416","0.208731811523438","67.4000015258789"
"3.37492651306093","0.208960189819336","67.5"
"3.37986345402896","0.209159820556641","67.5999984741211"
"3.38489352725446","0.209348190307617","67.6999969482422"
"3.38992360047996","0.209741973876953","67.8000030517578"
"3.39495344087481","0.209884902954102","67.9000015258789"
"3.39989038184285","0.210265533447266","68"
"3.40487388893962","0.2102119140625","68.0999984741211"
"3.40995052829385","0.21071369934082","68.1999969482422"
"3.41493403539062","0.210664031982422","68.3000030517578"
"3.41991754248738","0.211313018798828","68.4000015258789"
"3.42485448345542","0.211234909057617","68.5"
"3.42988432385027","0.211385528564453","68.5999984741211"
"3.4349609632045","0.211719741821289","68.6999969482422"
"3.43994447030127","0.212032867431641","68.8000030517578"
"3.44488141126931","0.212430404663086","68.9000015258789"
"3.44981835223734","0.21222624206543","69"
"3.45489499159157","0.212570541381836","69.0999984741211"
"3.4599716309458","0.21294660949707","69.1999969482422"
"3.46495490521193","0.212717926025391","69.3000030517578"
"3.46989184617996","0.213298706054688","69.4000015258789"
"3.47487535327673","0.213203475952148","69.5"
"3.47990542650223","0.213518310546875","69.5999984741211"
"3.48493549972773","0.213848342895508","69.6999969482422"
"3.48991900682449","0.214225372314453","69.8000030517578"
"3.49485571496189","0.213851272583008","69.9000015258789"
"3.49988578818738","0.213961837768555","70"
"3.50496242754161","0.214443710327148","70.0999984741211"
"3.50989936850965","0.214332107543945","70.1999969482422"
"3.51488287560642","0.214525161743164","70.3000030517578"
"3.51981981657445","0.214816177368164","70.4000015258789"
"3.52489645592868","0.214679885864258","70.5"
"3.52997286245227","0.21491975402832","70.5999984741211"
"3.53495636954904","0.214995178222656","70.6999969482422"
"3.53989331051707","0.215249267578125","70.8000030517578"
"3.54483025148511","0.21483122253418","70.9000015258789"
"3.54990689083934","0.215228530883789","71"
"3.55498353019357","0.215442794799805","71.0999984741211"
"3.5599204711616","0.215647277832031","71.1999969482422"
"3.56490374542773","0.215855682373047","71.3000030517578"
"3.56993381865323","0.21618424987793","71.4000015258789"
"3.57491732574999","0.21566096496582","71.5"
"3.57994739897549","0.216092315673828","71.5999984741211"
"3.58493090607226","0.216243118286133","71.6999969482422"
"3.5898678470403","0.216260803222656","71.8000030517578"
"3.59489768743515","0.216405792236328","71.9000015258789"
"3.59997432678938","0.216558029174805","72"
"3.60491126775742","0.216651962280273","72.0999984741211"
"3.60989477485418","0.216842880249023","72.1999969482422"
"3.61487828195095","0.21681379699707","72.3000030517578"
"3.61990835517645","0.21728874206543","72.4000015258789"
"3.62498499453068","0.217347991943359","72.5"
"3.62992170266807","0.217356475830078","72.5999984741211"
"3.63485864363611","0.217371994018555","72.6999969482422"
"3.63988871686161","0.217543594360352","72.8000030517578"
"3.6449187900871","0.217784652709961","72.9000015258789"
"3.64999542944133","0.218035903930664","73"
"3.65493237040937","0.2180537109375","73.0999984741211"
"3.65986907854676","0.21829231262207","73.1999969482422"
"3.66489915177226","0.218675704956055","73.3000030517578"
"3.66992922499776","0.218803573608398","73.4000015258789"
"3.67491273209453","0.218931335449219","73.5"
"3.67989623919129","0.218832565307617","73.5999984741211"
"3.68492631241679","0.219347183227539","73.6999969482422"
"3.68990981951356","0.219554443359375","73.8000030517578"
"3.69498645886779","0.219595504760742","73.9000015258789"
"3.69992316700518","0.219624588012695","74"
"3.70486010797322","0.220218292236328","74.0999984741211"
"3.70989018119872","0.220341873168945","74.1999969482422"
"3.71496682055295","0.220326232910156","74.3000030517578"
"3.71995032764971","0.220563323974609","74.4000015258789"
"3.72493383474648","0.220850112915039","74.5"
"3.72987054288387","0.221074234008789","74.5999984741211"
"3.73485404998064","0.220978591918945","74.6999969482422"
"3.73993068933487","0.221417388916016","74.8000030517578"
"3.74496076256037","0.22170280456543","74.9000015258789"
"3.7498977035284","0.221892288208008","75"
"3.75488121062517","0.222265365600586","75.0999984741211"
"3.75991128385067","0.222212478637695","75.1999969482422"
"3.76494112424552","0.222764205932617","75.3000030517578"
"3.76992463134229","0.222822891235352","75.4000015258789"
"3.77486157231033","0.22339372253418","75.5"
"3.77989164553583","0.22339453125","75.5999984741211"
"3.78492171876132","0.223651916503906","75.6999969482422"
"3.78995179198682","0.223782180786133","75.8000030517578"
"3.79488850012422","0.224293716430664","75.9000015258789"
"3.79982544109225","0.224232223510742","76"
"3.80490208044648","0.224532211303711","76.0999984741211"
"3.80997871980071","0.224740676879883","76.1999969482422"
"3.81496222689748","0.225050506591797","76.3000030517578"
"3.81989916786551","0.2253837890625","76.4000015258789"
"3.82488267496228","0.225710540771484","76.5"
"3.82986594922841","0.225732330322266","76.5999984741211"
"3.83494258858263","0.225777709960938","76.6999969482422"
"3.83997266180813","0.226302673339844","76.8000030517578"
"3.84486303664744","0.226410583496094","76.9000015258789"
"3.84989310987294","0.226589202880859","77"
"3.85492318309844","0.22681364440918","77.0999984741211"
"3.8599066901952","0.227708969116211","77.1999969482422"
"3.86488996446133","0.22749267578125","77.3000030517578"
"3.86987347155809","0.227830673217773","77.4000015258789"
"3.87490354478359","0.227925338745117","77.5"
"3.87998018413782","0.228551147460937","77.5999984741211"
"3.88491712510586","0.228568817138672","77.6999969482422"
"3.88985406607389","0.229258544921875","77.8000030517578"
"3.89483734034002","0.229150527954102","77.9000015258789"
"3.89986741356552","0.229478454589844","78"
"3.90494405291975","0.229649993896484","78.0999984741211"
"3.90997435897589","0.229822967529297","78.1999969482422"
"3.91486426815391","0.230265975952148","78.3000030517578"
"3.9198943413794","0.23017121887207","78.4000015258789"
"3.9249244146049","0.230736968994141","78.5"
"3.92990792170167","0.230711563110352","78.5999984741211"
"3.93493799492717","0.231282073974609","78.6999969482422"
"3.9398749358952","0.231324508666992","78.8000030517578"
"3.9449050091207","0.231797027587891","78.9000015258789"
"3.94998164847493","0.232402725219727","79"
"3.95491858944297","0.231847534179688","79.0999984741211"
"3.95985553041101","0.232499008178711","79.1999969482422"
"3.9648856036365","0.233078140258789","79.3000030517578"
"3.969915676862","0.2330810546875","79.4000015258789"
"3.9749457500875","0.233340179443359","79.5"
"3.97992879152298","0.233849044799805","79.5999984741211"
"3.98486573249102","0.233808197021484","79.6999969482422"
"3.98984923958778","0.234350036621094","79.8000030517578"
"3.99492587894201","0.23447883605957","79.9000015258789"
"3.99995595216751","0.234689849853516","80"
"4.00493945926428","0.235005645751953","80.0999984741211"
"4.00987640023232","0.235190368652344","80.1999969482422"
"4.01490647345781","0.235016052246094","80.3000030517578"
"4.01993654668331","0.235810180664063","80.4000015258789"
"4.02492005378008","0.235812591552734","80.5"
"4.02990356087685","0.236334899902344","80.5999984741211"
"4.03488706797361","0.236722473144531","80.6999969482422"
"4.03991714119911","0.23685823059082","80.8000030517578"
"4.04494721442461","0.236712982177734","80.9000015258789"
"4.04993025586009","0.237348739624023","81"
"4.0548206306994","0.237256530761719","81.0999984741211"
"4.05985070392489","0.237776336669922","81.1999969482422"
"4.06492734327912","0.238283676147461","81.3000030517578"
"4.06995741650462","0.238408340454102","81.4000015258789"
"4.07494092360139","0.238202331542969","81.5"
"4.07987786456943","0.238776397705078","81.5999984741211"
"4.08486137166619","0.239036285400391","81.6999969482422"
"4.08993801102042","0.239230834960937","81.8000030517578"
"4.09496808424592","0.239489517211914","81.9000015258789"
"4.09990502521396","0.239748794555664","82"
"4.10488853231072","0.239969253540039","82.0999984741211"
"4.10991860553622","0.240530395507812","82.1999969482422"
"4.1149016469717","0.240822647094727","82.3000030517578"
"4.1199317201972","0.24073762512207","82.4000015258789"
"4.12491522729397","0.241094009399414","82.5"
"4.129852168262","0.241006759643555","82.5999984741211"
"4.13492880761623","0.241559982299805","82.6999969482422"
"4.13995888084173","0.242230117797852","82.8000030517578"
"4.14489582180977","0.242051605224609","82.9000015258789"
"4.14983276277781","0.242305541992188","83"
"4.15490940213203","0.241944229125977","83.0999984741211"
"4.15993947535753","0.242408630371094","83.1999969482422"
"4.16496954858303","0.242634231567383","83.3000030517578"
"4.16990648955107","0.242565002441406","83.4000015258789"
"4.17488999664783","0.243171966552734","83.5"
"4.17987303808331","0.243150085449219","83.5999984741211"
"4.18494967743754","0.243432586669922","83.6999969482422"
"4.18997975066304","0.24375407409668","83.8000030517578"
"4.19487012550235","0.244212753295898","83.9000015258789"
"4.19985363259912","0.243991333007813","84"
"4.20493027195334","0.244251495361328","84.0999984741211"
"4.20991377905011","0.244504272460938","84.1999969482422"
"4.21489728614688","0.244783554077148","84.3000030517578"
"4.21988079324365","0.244780563354492","84.4000015258789"
"4.22491086646914","0.245244430541992","84.5"
"4.22994093969464","0.245278564453125","84.5999984741211"
"4.23497101292014","0.245327499389648","84.6999969482422"
"4.23990795388818","0.245579956054687","84.8000030517578"
"4.2447978630662","0.245823440551758","84.9000015258789"
"4.24987450242043","0.245928787231445","85"
"4.25495114177465","0.246236267089844","85.0999984741211"
"4.25998121500015","0.246249954223633","85.1999969482422"
"4.26491815596819","0.24642253112793","85.3000030517578"
"4.26985509693623","0.246710784912109","85.4000015258789"
"4.27488517016172","0.246723068237305","85.5"
"4.27991524338722","0.246821044921875","85.5999984741211"
"4.28489875048399","0.247234085083008","85.6999969482422"
"4.28988225758076","0.247160003662109","85.8000030517578"
"4.29486576467752","0.24784245300293","85.9000015258789"
"4.29994240403175","0.247612594604492","86"
"4.30497247725725","0.248161437988281","86.0999984741211"
"4.30986285209656","0.248314041137695","86.1999969482422"
"4.31489245966077","0.248422836303711","86.3000030517578"
"4.31992253288627","0.248681915283203","86.4000015258789"
"4.32495260611176","0.248858551025391","86.5"
"4.32998267933726","0.249312347412109","86.5999984741211"
"4.3349196203053","0.249250305175781","86.6999969482422"
"4.33985656127334","0.249212646484375","86.8000030517578"
"4.34488663449883","0.24913688659668","86.9000015258789"
"4.34996327385306","0.249696166992187","87"
"4.3549002148211","0.250090454101562","87.0999984741211"
"4.35988372191787","0.249820404052734","87.1999969482422"
"4.36486722901464","0.250225738525391","87.3000030517578"
"4.36989730224013","0.250362411499023","87.4000015258789"
"4.37497394159436","0.250531646728516","87.5"
"4.37995744869113","0.250515747070312","87.5999984741211"
"4.38489392399788","0.250674896240234","87.6999969482422"
"4.38992399722338","0.251240447998047","87.8000030517578"
"4.39495407044888","0.251150634765625","87.9000015258789"
"4.39993757754564","0.251689147949219","88"
"4.40487451851368","0.251761688232422","88.0999984741211"
"4.40985802561045","0.251588897705078","88.1999969482422"
"4.41493466496468","0.251731628417969","88.3000030517578"
"4.41996473819017","0.252079177856445","88.4000015258789"
"4.42494824528694","0.252447937011719","88.5"
"4.42983862012625","0.252440399169922","88.5999984741211"
"4.43482212722301","0.252588119506836","88.6999969482422"
"4.43989876657724","0.252819610595703","88.8000030517578"
"4.44497540593147","0.252871963500977","88.9000015258789"
"4.44995844736695","0.252930130004883","89"
"4.45489538833499","0.253349487304687","89.0999984741211"
"4.45992546156049","0.253060699462891","89.1999969482422"
"4.46490896865726","0.253546585083008","89.3000030517578"
"4.46993904188275","0.253502456665039","89.4000015258789"
"4.47487598285079","0.253887954711914","89.5"
"4.47990605607629","0.254016143798828","89.5999984741211"
"4.48493612930179","0.254154144287109","89.6999969482422"
"4.48996620252728","0.254483688354492","89.8000030517578"
"4.49490314349532","0.254903472900391","89.9000015258789"
"4.49984008446336","0.254520751953125","90"
"4.50487015768886","0.254588088989258","90.0999984741211"
"4.50994679704309","0.255094467163086","90.1999969482422"
"4.51492983847857","0.255388870239258","90.3000030517578"
"4.51991334557533","0.255506042480469","90.4000015258789"
"4.52485028654337","0.255759963989258","90.5"
"4.52988035976887","0.256259338378906","90.5999984741211"
"4.5349569991231","0.256170928955078","90.6999969482422"
"4.53994050621986","0.256461547851562","90.8000030517578"
"4.5448774471879","0.256476806640625","90.9000015258789"
"4.54986095428467","0.256392791748047","91"
"4.55489102751017","0.256986938476563","91.0999984741211"
"4.55992110073566","0.257299621582031","91.1999969482422"
"4.56490460783243","0.257278289794922","91.3000030517578"
"4.5698881149292","0.257542938232422","91.4000015258789"
"4.57487162202597","0.257653015136719","91.5"
"4.57990169525146","0.258039886474609","91.5999984741211"
"4.58493130281568","0.258361785888672","91.6999969482422"
"4.58986824378371","0.258317993164063","91.8000030517578"
"4.59485175088048","0.258706695556641","91.9000015258789"
"4.59988182410598","0.258776397705078","92"
"4.60495846346021","0.259176391601563","92.0999984741211"
"4.60994197055697","0.259357574462891","92.1999969482422"
"4.61492547765374","0.259270050048828","92.3000030517578"
"4.61986241862178","0.259867370605469","92.4000015258789"
"4.62484592571855","0.260259216308594","92.5"
"4.62992256507277","0.260295837402344","92.5999984741211"
"4.63495263829827","0.260551605224609","92.6999969482422"
"4.63988957926631","0.260552154541016","92.8000030517578"
"4.64487308636308","0.261109191894531","92.9000015258789"
"4.64994926005602","0.261230712890625","93"
"4.65493276715279","0.261381225585938","93.0999984741211"
"4.65986970812082","0.261241912841797","93.1999969482422"
"4.66485321521759","0.261677520751953","93.3000030517578"
"4.66988328844309","0.261885803222656","93.4000015258789"
"4.67495992779732","0.262289520263672","93.5"
"4.67994343489408","0.262304412841797","93.5999984741211"
"4.68488037586212","0.262599822998047","93.6999969482422"
"4.68981731683016","0.262705139160156","93.8000030517578"
"4.69489395618439","0.262938415527344","93.9000015258789"
"4.69997059553862","0.263108551025391","94"
"4.70490753650665","0.263343658447266","94.0999984741211"
"4.70989104360342","0.263635803222656","94.1999969482422"
"4.7148740850389","0.263626678466797","94.3000030517578"
"4.7199041582644","0.263772979736328","94.4000015258789"
"4.7249342314899","0.264072814941406","94.5"
"4.72996430471539","0.264506042480469","94.5999984741211"
"4.7348546795547","0.265140045166016","94.6999969482422"
"4.7398847527802","0.264894622802734","94.8000030517578"
"4.74496139213443","0.264931427001953","94.9000015258789"
"4.7499448992312","0.265199920654297","95"
"4.75488184019923","0.265542083740234","95.0999984741211"
"4.759865347296","0.265794860839844","95.1999969482422"
"4.76494198665023","0.266035583496094","95.3000030517578"
"4.76997205987573","0.266074096679688","95.4000015258789"
"4.77495556697249","0.266542938232422","95.5"
"4.77984547615051","0.267210144042969","95.5999984741211"
"4.78482898324728","0.266898406982422","95.6999969482422"
"4.78990562260151","0.266989685058594","95.8000030517578"
"4.79498226195574","0.267193206787109","95.9000015258789"
"4.79991920292377","0.267251647949219","96"
"4.80485614389181","0.2676044921875","96.0999984741211"
"4.80988621711731","0.267895812988281","96.1999969482422"
"4.81491629034281","0.268039642333984","96.3000030517578"
"4.81989979743958","0.268436248779297","96.4000015258789"
"4.82492987066507","0.268719085693359","96.5"
"4.82991337776184","0.268519226074219","96.5999984741211"
"4.83489688485861","0.268737152099609","96.6999969482422"
"4.83997352421284","0.269323547363281","96.8000030517578"
"4.8449570313096","0.268876678466797","96.9000015258789"
"4.84984694048762","0.269355072021484","97"
"4.85487701371312","0.269591125488281","97.0999984741211"
"4.85995365306735","0.269604766845703","97.1999969482422"
"4.86498372629285","0.270148101806641","97.3000030517578"
"4.86996723338962","0.269664398193359","97.4000015258789"
"4.87485760822892","0.270436401367187","97.5"
"4.87984111532569","0.270402496337891","97.5999984741211"
"4.88491775467992","0.270105102539063","97.6999969482422"
"4.88994782790542","0.270472290039062","97.8000030517578"
"4.89488476887345","0.270709564208984","97.9000015258789"
"4.89986827597022","0.270874176025391","98"
"4.90489834919572","0.271250579833984","98.0999984741211"
"4.90992842242122","0.271304748535156","98.1999969482422"
"4.91495849564672","0.271654968261719","98.3000030517578"
"4.91989497095346","0.271801544189453","98.4000015258789"
"4.92487847805023","0.271675750732422","98.5"
"4.92990855127573","0.271643707275391","98.5999984741211"
"4.93493862450123","0.271923004150391","98.6999969482422"
"4.939922131598","0.272500946044922","98.8000030517578"
"4.94485907256603","0.272167602539063","98.9000015258789"
"4.94988914579153","0.272395141601563","99"
"4.95496578514576","0.272377899169922","99.0999984741211"
"4.95994929224253","0.272968200683594","99.1999969482422"
"4.96488623321056","0.272736022949219","99.3000030517578"
"4.96986974030733","0.272712432861328","99.4000015258789"
"4.9748532474041","0.272861083984375","99.5"
"4.97992988675833","0.273520324707031","99.5999984741211"
"4.98495949432254","0.273531677246094","99.6999969482422"
"4.98989643529058","0.273521301269531","99.8000030517578"
"4.99487994238734","0.273607543945313","99.9000015258789"
"4.99991001561284","0.273525482177734","100"
"5.00489352270961","0.273921295166016","100.099998474121"
"5.00992359593511","0.273985565185547","100.199996948242"
"5.01486053690314","0.274508026123047","100.300003051758"
"5.01989061012864","0.274643280029297","100.400001525879"
"5.02496724948287","0.274812866210937","100.5"
"5.02995075657964","0.275062133789063","100.599998474121"
"5.03488769754767","0.275149139404297","100.699996948242"
"5.03982463851571","0.275314056396484","100.800003051758"
"5.04485471174121","0.275307220458984","100.900001525879"
"5.04993088543415","0.275589172363281","101"
"5.05496095865965","0.275543853759766","101.099998474121"
"5.05989789962769","0.276087127685547","101.199996948242"
"5.06488140672445","0.276060516357422","101.300003051758"
"5.06991147994995","0.276074951171875","101.400001525879"
"5.07494155317545","0.275801635742188","101.5"
"5.07997162640095","0.276523254394531","101.599998474121"
"5.08486200124025","0.276228759765625","101.699996948242"
"5.08989207446575","0.276494415283203","101.800003051758"
"5.09496871381998","0.27717431640625","101.900001525879"
"5.09990565478802","0.276858642578125","102"
"5.10488916188478","0.277199981689453","102.099998474121"
"5.10987266898155","0.277390747070313","102.199996948242"
"5.11485571041703","0.277417449951172","102.300003051758"
"5.11993234977126","0.277838195800781","102.400001525879"
"5.12496242299676","0.277881103515625","102.5"
"5.12985279783607","0.277781066894531","102.599998474121"
"5.13483630493283","0.278264099121094","102.699996948242"
"5.13991294428706","0.278167236328125","102.800003051758"
"5.14494301751256","0.278714996337891","102.900001525879"
"5.14992652460933","0.278584686279297","103"
"5.15486346557736","0.278972808837891","103.099998474121"
"5.15984697267413","0.278760498046875","103.199996948242"
"5.16492361202836","0.279253723144531","103.300003051758"
"5.16995368525386","0.278971801757812","103.400001525879"
"5.17493719235063","0.279243713378906","103.5"
"5.17992069944739","0.27932177734375","103.599998474121"
"5.18490374088287","0.279373626708984","103.699996948242"
"5.18993381410837","0.279519866943359","103.800003051758"
"5.19491732120514","0.279735260009766","103.900001525879"
"5.19985426217318","0.279849578857422","104"
"5.20488433539867","0.279991485595703","104.099998474121"
"5.2099609747529","0.280248657226563","104.199996948242"
"5.21494448184967","0.280908752441406","104.300003051758"
"5.21997455507517","0.280878631591797","104.400001525879"
"5.22486492991447","0.280764404296875","104.5"
"5.22984843701124","0.280836822509766","104.599998474121"
"5.23492507636547","0.281148010253906","104.699996948242"
"5.23995514959097","0.281234802246094","104.800003051758"
"5.24493865668774","0.281731750488281","104.900001525879"
"5.24987513199449","0.2819072265625","105"
"5.25490520521998","0.282123046875","105.099998474121"
"5.25988871231675","0.282166656494141","105.199996948242"
"5.26491878554225","0.282591735839844","105.300003051758"
"5.26990229263902","0.282660705566406","105.400001525879"
"5.27483923360705","0.282910125732422","105.5"
"5.27991587296128","0.283540405273437","105.599998474121"
"5.28494594618678","0.283303100585937","105.699996948242"
"5.28992945328355","0.283309539794922","105.800003051758"
"5.29486639425159","0.283639221191406","105.900001525879"
"5.29984990134835","0.283607879638672","106"
"5.30492654070258","0.284065155029297","106.099998474121"
"5.31000318005681","0.284031188964844","106.199996948242"
"5.31489355489612","0.28371533203125","106.300003051758"
"5.3198765963316","0.284700469970703","106.400001525879"
"5.32486010342836","0.284515106201172","106.5"
"5.32993674278259","0.284993255615234","106.599998474121"
"5.33496681600809","0.285216583251953","106.699996948242"
"5.33990375697613","0.285193481445312","106.800003051758"
"5.3448872640729","0.285172302246094","106.900001525879"
"5.34991733729839","0.285607879638672","107"
"5.35490084439516","0.285507476806641","107.099998474121"
"5.35993091762066","0.285425415039062","107.199996948242"
"5.36491442471743","0.286111236572266","107.300003051758"
"5.36989793181419","0.285947937011719","107.400001525879"
"5.37492800503969","0.286258026123047","107.5"
"5.37995807826519","0.286397216796875","107.599998474121"
"5.38489455357194","0.286166320800781","107.699996948242"
"5.38983149453998","0.286386810302734","107.800003051758"
"5.39490813389421","0.286178405761719","107.900001525879"
"5.3999382071197","0.286307037353516","108"
"5.4049682803452","0.286376281738281","108.099998474121"
"5.40990522131324","0.286488433837891","108.199996948242"
"5.41484216228127","0.286647491455078","108.300003051758"
"5.41987223550677","0.286900085449219","108.400001525879"
"5.42490230873227","0.286333374023438","108.5"
"5.42993238195777","0.286193634033203","108.599998474121"
"5.43491588905454","0.286063659667969","108.699996948242"
"5.4398993961513","0.286090850830078","108.800003051758"
"5.4449294693768","0.285816284179688","108.900001525879"
"5.4499595426023","0.285979705810547","109"
"5.45489601790905","0.285682800292969","109.099998474121"
"5.45987952500582","0.285455291748047","109.199996948242"
"5.46490959823132","0.285358245849609","109.300003051758"
"5.46993967145681","0.285327178955078","109.400001525879"
"5.47496974468231","0.284901245117188","109.5"
"5.47990668565035","0.284828033447266","109.599998474121"
"5.48484362661839","0.284762359619141","109.699996948242"
"5.48992026597261","0.284954284667969","109.800003051758"
"5.49495033919811","0.284650573730469","109.900001525879"
"5.49993384629488","0.284587554931641","110"
"5.50487078726292","0.284738891601563","110.099998474121"
"5.50985429435968","0.284627716064453","110.199996948242"
"5.51488436758518","0.285133270263672","110.300003051758"
"5.51996054127812","0.284972869873047","110.400001525879"
"5.52494404837489","0.285430541992187","110.5"
"5.52988098934293","0.284882934570312","110.599998474121"
"5.53491106256843","0.285091125488281","110.699996948242"
"5.53994113579392","0.285723510742187","110.800003051758"
"5.54492464289069","0.28566357421875","110.900001525879"
"5.54990814998746","0.286027160644531","111"
"5.55489165708423","0.286171661376953","111.099998474121"
"5.55992173030972","0.286235870361328","111.199996948242"
"5.56495180353522","0.286260986328125","111.300003051758"
"5.56993531063199","0.286392608642578","111.400001525879"
"5.57487225160003","0.286477478027344","111.5"
"5.57980919256806","0.286554565429687","111.599998474121"
"5.58488536626101","0.287019866943359","111.699996948242"
"5.59000857174397","0.287195770263672","111.800003051758"
"5.594945512712","0.287184997558594","111.900001525879"
"5.59988245368004","0.287380859375","112"
"5.60486596077681","0.287881072998047","112.099998474121"
"5.6098960340023","0.287720947265625","112.199996948242"
"5.6149261072278","0.288146057128906","112.300003051758"
"5.61990961432457","0.288028533935547","112.400001525879"
"5.62489312142134","0.288300964355469","112.5"
"5.62992319464684","0.288665954589844","112.599998474121"
"5.63495326787233","0.288397003173828","112.699996948242"
"5.6399367749691","0.288987762451172","112.800003051758"
"5.64487371593714","0.288704071044922","112.900001525879"
"5.64985722303391","0.289094696044922","113"
"5.65488683059812","0.289363098144531","113.099998474121"
"5.65996346995234","0.290133972167969","113.199996948242"
"5.66494697704911","0.289735504150391","113.300003051758"
"5.66988391801715","0.290433135986328","113.400001525879"
"5.67486742511392","0.290011383056641","113.5"
"5.67994406446815","0.290599212646484","113.599998474121"
"5.68497413769364","0.290515869140625","113.699996948242"
"5.68991107866168","0.290962768554688","113.800003051758"
"5.69489458575845","0.291006744384766","113.900001525879"
"5.69987809285522","0.291405639648438","114"
"5.70490816608071","0.291406555175781","114.099998474121"
"5.70993823930621","0.2916328125","114.199996948242"
"5.71492174640298","0.291809600830078","114.300003051758"
"5.71985822170973","0.291957489013672","114.400001525879"
"5.72488829493523","0.292330535888672","114.5"
"5.72996493428946","0.292494415283203","114.599998474121"
"5.73490187525749","0.292717407226563","114.699996948242"
"5.73983881622553","0.292993927001953","114.800003051758"
"5.74486888945103","0.292800506591797","114.900001525879"
"5.74994552880526","0.29318212890625","115"
"5.75497560203075","0.293312408447266","115.099998474121"
"5.75991254299879","0.293683898925781","115.199996948242"
"5.76489605009556","0.293424621582031","115.300003051758"
"5.76983299106359","0.293707092285156","115.400001525879"
"5.77495619654655","0.293969116210938","115.5"
"5.77998626977205","0.293992248535156","115.599998474121"
"5.78492321074009","0.294477600097656","115.699996948242"
"5.78985968604684","0.294713073730469","115.800003051758"
"5.79488975927234","0.295156921386719","115.900001525879"
"5.79991983249784","0.294895599365234","116"
"5.8049033395946","0.295293365478516","116.099998474121"
"5.80984028056264","0.295495544433594","116.199996948242"
"5.81487035378814","0.295682312011719","116.300003051758"
"5.81994699314237","0.295781341552734","116.400001525879"
"5.82497706636786","0.296104888916016","116.5"
"5.8299140073359","0.296122833251953","116.599998474121"
"5.83485094830394","0.296441040039063","116.699996948242"
"5.83988102152944","0.296131774902344","116.800003051758"
"5.84495766088367","0.29603076171875","116.900001525879"
"5.84994116798043","0.296576293945312","117"
"5.85492420941591","0.296354827880859","117.099998474121"
"5.85986115038395","0.29645263671875","117.199996948242"
"5.86484465748072","0.296180450439453","117.300003051758"
"5.86992129683495","0.296307983398438","117.400001525879"
"5.87495137006044","0.296094665527344","117.5"
"5.87984174489975","0.295826019287109","117.599998474121"
"5.88487181812525","0.296466064453125","117.699996948242"
"5.88994845747948","0.296425720214844","117.800003051758"
"5.89493196457624","0.296611206054687","117.900001525879"
"5.89991547167301","0.29674658203125","118"
"5.90489897876978","0.296578857421875","118.099998474121"
"5.90988248586655","0.296528289794922","118.199996948242"
"5.91495912522078","0.296829956054687","118.300003051758"
"5.91998919844627","0.297129638671875","118.400001525879"
"5.92487910762429","0.297470367431641","118.5"
"5.92986261472106","0.297239837646484","118.599998474121"
"5.93489268794656","0.297526428222656","118.699996948242"
"5.93996932730079","0.29746484375","118.800003051758"
"5.94495283439755","0.297080169677734","118.900001525879"
"5.94988977536559","0.297403778076172","119"
"5.95487328246236","0.297985015869141","119.099998474121"
"5.95990335568786","0.297433349609375","119.199996948242"
"5.96493342891335","0.297408874511719","119.300003051758"
"5.96991693601012","0.297626647949219","119.400001525879"
"5.97490044310689","0.297860382080078","119.5"
"5.97988395020366","0.297583068847656","119.599998474121"
"5.98496058955789","0.297968322753906","119.699996948242"
"5.98994363099337","0.298277648925781","119.800003051758"
"5.9948805719614","0.297997375488281","119.900001525879"
"5.99986407905817","0.298325561523438","120"
"6.0049407184124","0.298725524902344","120.099998474121"
"6.0099707916379","0.298558227539063","120.199996948242"
"6.01495429873466","0.298654083251953","120.300003051758"
"6.0198912397027","0.298305541992188","120.400001525879"
"6.02482818067074","0.298441925048828","120.5"
"6.02990482002497","0.298997314453125","120.599998474121"
"6.0349814593792","0.298694305419922","120.699996948242"
"6.03991840034723","0.298549957275391","120.800003051758"
"6.044901907444","0.298633850097656","120.900001525879"
"6.04988541454077","0.298932739257812","121"
"6.05491502210498","0.298695373535156","121.099998474121"
"6.05994509533048","0.298889739990234","121.199996948242"
"6.06492860242724","0.298308410644531","121.300003051758"
"6.06986554339528","0.2981845703125","121.400001525879"
"6.07489561662078","0.297967559814453","121.5"
"6.07992568984628","0.297849517822266","121.599998474121"
"6.08495576307178","0.297480529785156","121.699996948242"
"6.08989270403981","0.2971962890625","121.800003051758"
"6.09487621113658","0.296913208007813","121.900001525879"
"6.09995285049081","0.296806915283203","122"
"6.10493635758758","0.296633758544922","122.099998474121"
"6.10991986468434","0.296663543701172","122.199996948242"
"6.11485680565238","0.296478057861328","122.300003051758"
"6.11983984708786","0.296632598876953","122.400001525879"
"6.12491648644209","0.296613464355469","122.5"
"6.12999312579632","0.296498504638672","122.599998474121"
"6.13493006676435","0.296424591064453","122.699996948242"
"6.13986700773239","0.296191528320312","122.800003051758"
"6.14489708095789","0.295935424804687","122.900001525879"
"6.14992715418339","0.295960845947266","123"
"6.15491066128016","0.295380828857422","123.099998474121"
"6.15989416837692","0.29553515625","123.199996948242"
"6.16487767547369","0.295105743408203","123.300003051758"
"6.16990774869919","0.295029876708984","123.400001525879"
"6.17498438805342","0.294741760253906","123.5"
"6.17992132902145","0.294631042480469","123.599998474121"
"6.18485826998949","0.294660217285156","123.699996948242"
"6.18984131142497","0.294221527099609","123.800003051758"
"6.1949179507792","0.294309051513672","123.900001525879"
"6.19999459013343","0.294198577880859","124"
"6.20493153110147","0.294205932617188","124.099998474121"
"6.2098684720695","0.293634063720703","124.199996948242"
"6.21485197916627","0.293901611328125","124.300003051758"
"6.2199286185205","0.293892333984375","124.400001525879"
"6.224958691746","0.293803375244141","124.5"
"6.22989563271403","0.293551940917969","124.599998474121"
"6.2348791398108","0.293706604003906","124.699996948242"
"6.23995577916503","0.293743927001953","124.800003051758"
"6.2449392862618","0.293951171875","124.900001525879"
"6.24992279335856","0.293152770996094","125"
"6.25490583479404","0.293297119140625","125.099998474121"
"6.25988934189081","0.292936584472656","125.199996948242"
"6.26491941511631","0.292685882568359","125.300003051758"
"6.26994948834181","0.292251373291016","125.400001525879"
"6.27488642930984","0.292075500488281","125.5"
"6.27986993640661","0.291482849121094","125.599998474121"
"6.28490000963211","0.29151708984375","125.699996948242"
"6.28997664898634","0.291056427001953","125.800003051758"
"6.29496015608311","0.29052978515625","125.900001525879"
"6.29989709705114","0.290080444335937","126"
"6.30488060414791","0.289386962890625","126.099998474121"
"6.30986411124468","0.289094848632812","126.199996948242"
"6.31494075059891","0.288822052001953","126.300003051758"
"6.31997082382441","0.288586181640625","126.400001525879"
"6.32490729913116","0.288003295898437","126.5"
"6.32989080622792","0.287616027832031","126.599998474121"
"6.33492087945342","0.287268341064453","126.699996948242"
"6.33995095267892","0.286677307128906","126.800003051758"
"6.34484132751822","0.285705261230469","126.900001525879"
"6.34987140074372","0.285018859863281","127"
"6.35494804009795","0.284605895996094","127.099998474121"
"6.35993154719472","0.283863677978516","127.199996948242"
"6.36496162042022","0.28307568359375","127.300003051758"
"6.36989856138825","0.280630676269531","127.400001525879"
"6.37483550235629","0.274486572265625","127.5"
"6.37721084058285","0.00506134223937988","127.544998168945"
