"File Path: C:\Users\Administrator\Desktop\User Data Files\Colgate Group\Paul\HysteresisSecondRun\Test Run 25 07-23-25 14 00 53 PM\DAQ- Crosshead, … - (Timed).csv   "
"Test: Hysteresis"
"Test Run: Test Run 25"
"Date: 7/23/2025 1:57:50 PM"
""
""
"_Cycle","Crosshead ","Load ","Time ","Cycle Channel "
"_Cycle","mm","kN","sec","count"
"1","0.110847264295444","0.0061898946762085","0.100000001490116","1"
"1","0.120907352538779","0.00720265865325928","0.200000002980232","1"
"1","0.130827713292092","0.00873985767364502","0.300000011920929","1"
"1","0.140980948344804","0.0102735319137573","0.400000005960464","1"
"1","0.15080816228874","0.0119615612030029","0.5","1"
"1","0.160914831212722","0.0136609840393066","0.600000023841858","1"
"1","0.170928338775411","0.0154902086257935","0.699999988079071","1"
"1","0.180848699528724","0.016654333114624","0.800000011920929","1"
"1","0.190955368452705","0.0181609535217285","0.899999976158142","1"
"1","0.200875729206018","0.0202415161132813","1","1"
"1","0.210935817449354","0.0218684349060059","1.10000002384186","1"
"1","0.220856178202666","0.0231400871276855","1.20000004768372","1"
"1","0.230916266446002","0.0251159496307373","1.29999995231628","1"
"1","0.240883207879961","0.0267436695098877","1.39999997615814","1"
"1","0.250850134762004","0.0282003440856934","1.5","1"
"1","0.260956818237901","0.0303026638031006","1.60000002384186","1"
"1","0.270877178991213","0.0320820159912109","1.70000004768372","1"
"1","0.280937267234549","0.0337433166503906","1.79999995231628","1"
"1","0.290857627987862","0.035430046081543","1.89999997615814","1"
"1","0.300917716231197","0.0371898612976074","2","1"
"1","0.310884643113241","0.0385147552490234","2.09999990463257","1"
"1","0.320898165227845","0.0406294250488281","2.20000004768372","1"
"1","0.330958253471181","0.0426945533752441","2.29999995231628","1"
"1","0.340832048095763","0.0444688873291016","2.40000009536743","1"
"1","0.35098526859656","0.046080867767334","2.5","1"
"1","0.360905629349872","0.0481125640869141","2.59999990463257","1"
"1","0.370872585335746","0.0497849998474121","2.70000004768372","1"
"1","0.380932673579082","0.0514382820129395","2.79999995231628","1"
"1","0.390899600461125","0.0533058815002441","2.90000009536743","1"
"1","0.40091312257573","0.0552560005187988","3","1"
"1","0.410880049457774","0.0569765701293945","3.09999990463257","1"
"1","0.42098673293367","0.0588496017456055","3.20000004768372","1"
"1","0.430860498454422","0.060542350769043","3.29999995231628","1"
"1","0.440920586697757","0.0622547988891602","3.40000009536743","1"
"1","0.450934108812362","0.0645998229980469","3.5","1"
"1","0.460854469565675","0.0662103424072266","3.59999990463257","1"
"1","0.47091455780901","0.0686545028686524","3.70000004768372","1"
"1","0.480881513794884","0.0702920303344727","3.79999995231628","1"
"1","0.49098813906312","0.072252799987793","3.90000009536743","1"
"1","0.500815396662802","0.0739894409179687","4","1"
"1","0.510968617163599","0.0760796508789063","4.09999990463257","1"
"1","0.520935573149472","0.0776938247680664","4.19999980926514","1"
"1","0.530855904798955","0.0796725540161133","4.30000019073486","1"
"1","0.540962559171021","0.0813639144897461","4.40000009536743","1"
"1","0.550836382899433","0.0835961532592773","4.5","1"
"1","0.560896471142769","0.0856075286865234","4.59999990463257","1"
"1","0.570863427128643","0.0873607559204102","4.69999980926514","1"
"1","0.580923457164317","0.0890166854858398","4.80000019073486","1"
"1","0.590890413150191","0.0913196105957031","4.90000009536743","1"
"1","0.600857369136065","0.0929367065429687","5","1"
"1","0.610964023508132","0.0951634826660156","5.09999990463257","1"
"1","0.620837789028883","0.0971188888549805","5.19999980926514","1"
"1","0.63094450160861","0.0988878021240234","5.30000019073486","1"
"1","0.640911399386823","0.100841903686523","5.40000009536743","1"
"1","0.650924921501428","0.102938407897949","5.5","1"
"1","0.660891877487302","0.105085227966309","5.59999990463257","1"
"1","0.670905399601907","0.106876083374023","5.69999980926514","1"
"1","0.680965487845242","0.108940071105957","5.80000019073486","1"
"1","0.690792687237263","0.110778762817383","5.90000009536743","1"
"1","0.70094590773806","0.11261262512207","6","1"
"1","0.710866297595203","0.114826728820801","6.09999990463257","1"
"1","0.720879819709808","0.117012786865234","6.19999980926514","1"
"1","0.730939907953143","0.118576103210449","6.30000019073486","1"
"1","0.740906805731356","0.12055827331543","6.40000009536743","1"
"1","0.750966893974692","0.122601005554199","6.5","1"
"1","0.760840717703104","0.124374122619629","6.59999990463257","1"
"1","0.77094737207517","0.126585029602051","6.69999980926514","1"
"1","0.780867703724653","0.128570373535156","6.80000019073486","1"
"1","0.790927791967988","0.130336303710937","6.90000009536743","1"
"1","0.800941314082593","0.132679962158203","7","1"
"1","0.810861703939736","0.134560470581055","7.09999990463257","1"
"1","0.820968358311802","0.136426422119141","7.19999980926514","1"
"1","0.830888689961284","0.138530258178711","7.30000019073486","1"
"1","0.84094877820462","0.140675521850586","7.40000009536743","1"
"1","0.850822601933032","0.14238427734375","7.5","1"
"1","0.860929256305099","0.144611770629883","7.59999990463257","1"
"1","0.870942778419703","0.146381530761719","7.69999980926514","1"
"1","0.880816543940455","0.148502487182617","7.80000019073486","1"
"1","0.890969822648913","0.150388763427734","7.90000009536743","1"
"1","0.900843588169664","0.152779769897461","8","1"
"1","0.910903676413","0.154694259643555","8.10000038146973","1"
"1","0.920870632398874","0.156482070922852","8.19999980926514","1"
"1","0.930884154513478","0.15834065246582","8.30000019073486","1"
"1","0.940897618420422","0.16070686340332","8.39999961853027","1"
"1","0.950864574406296","0.162537353515625","8.5","1"
"1","0.960971228778362","0.164563079833984","8.60000038146973","1"
"1","0.970845052506775","0.16656037902832","8.69999980926514","1"
"1","0.980951706878841","0.168309692382813","8.80000019073486","1"
"1","0.990872038528323","0.170254608154297","8.89999961853027","1"
"1","1.00088561885059","0.172185562133789","9","1"
"1","1.01089908275753","0.174728134155273","9.10000038146973","1"
"1","1.02086598053575","0.176709518432617","9.19999980926514","1"
"1","1.03097269311547","0.178275451660156","9.30000019073486","1"
"1","1.04079989250749","0.180422653198242","9.39999961853027","1"
"1","1.05095317121595","0.182583023071289","9.5","1"
"1","1.06092006899416","0.184397323608398","9.60000038146973","1"
"1","1.07084040064365","0.186755630493164","9.69999980926514","1"
"1","1.08090054709464","0.18854150390625","9.80000019073486","1"
"1","1.09086744487286","0.190720565795898","9.89999961853027","1"
"1","1.10097415745258","0.192714324951172","10","1"
"1","1.11084792297333","0.194770385742187","10.1000003814697","1"
"1","1.12090795300901","0.196851364135742","10.1999998092651","1"
"1","1.13087496720254","0.198659866333008","10.3000001907349","1"
"1","1.14088843110949","0.20109375","10.3999996185303","1"
"1","1.15090201143175","0.203183410644531","10.5","1"
"1","1.16082234308124","0.205048538208008","10.6000003814697","1"
"1","1.17097562178969","0.207118667602539","10.6999998092651","1"
"1","1.18084938731045","0.209355987548828","10.8000001907349","1"
"1","1.19095598347485","0.211311965942383","10.8999996185303","1"
"1","1.20087643153965","0.213238967895508","11","1"
"1","1.21093646157533","0.215102752685547","11.1000003814697","1"
"1","1.22095004189759","0.217315505981445","11.1999998092651","1"
"1","1.23077724128962","0.219124481201172","11.3000001907349","1"
"1","1.24097696971148","0.221000595092773","11.3999996185303","1"
"1","1.25089741777629","0.223239059448242","11.5","1"
"1","1.2608643155545","0.225413726806641","11.6000003814697","1"
"1","1.27087777946144","0.227471862792969","11.6999998092651","1"
"1","1.28093792591244","0.229901229858398","11.8000001907349","1"
"1","1.29090482369065","0.231695999145508","11.8999996185303","1"
"1","1.30082527175546","0.233670425415039","12","1"
"1","1.31097843404859","0.235617553710938","12.1000003814697","1"
"1","1.32085219956934","0.237799072265625","12.1999998092651","1"
"1","1.33091234602034","0.240013870239258","12.3000001907349","1"
"1","1.34092580992728","0.242130020141602","12.3999996185303","1"
"1","1.35089282412082","0.244035110473633","12.5","1"
"1","1.36090628802776","0.246248718261719","12.6000003814697","1"
"1","1.37087318580598","0.247985626220703","12.6999998092651","1"
"1","1.38093333225697","0.249862243652344","12.8000001907349","1"
"1","1.37473887298256","0.248989242553711","12.8999996185303","1"
"1","1.36453914456069","0.246610656738281","13","1"
"1","1.35443243198097","0.244141845703125","13.1000003814697","1"
"1","1.34427915327251","0.241895935058594","13.1999998092651","1"
"1","1.3343122554943","0.239193710327148","13.3000001907349","1"
"1","1.32420565932989","0.237003463745117","13.3999996185303","1"
"1","1.31433177739382","0.234957611083984","13.5","1"
"1","1.30422518122941","0.232919418334961","13.6000003814697","1"
"1","1.29425816703588","0.230064682006836","13.6999998092651","1"
"1","1.2843378353864","0.227925445556641","13.8000001907349","1"
"1","1.27423123922199","0.226112747192383","13.8999996185303","1"
"1","1.26426422502846","0.223621627807617","14","1"
"1","1.25420419499278","0.221518630981445","14.1000003814697","1"
"1","1.24428374692798","0.219190063476563","14.1999998092651","1"
"1","1.23417715076357","0.216999908447266","14.3000001907349","1"
"1","1.22425681911409","0.214620361328125","14.3999996185303","1"
"1","1.21424323879182","0.212361572265625","14.5","1"
"1","1.20418320875615","0.209965530395508","14.6000003814697","1"
"1","1.19430932682008","0.207849716186523","14.6999998092651","1"
"1","1.18420273065567","0.205910278320313","14.8000001907349","1"
"1","1.17428239900619","0.203271514892578","14.8999996185303","1"
"1","1.16422225255519","0.201193084716797","15","1"
"1","1.15425535477698","0.199060974121094","15.1000003814697","1"
"1","1.14428834058344","0.196574142456055","15.1999998092651","1"
"1","1.13418174441904","0.194689361572266","15.3000001907349","1"
"1","1.12430797889829","0.192215637207031","15.3999996185303","1"
"1","1.11415470018983","0.190186370849609","15.5","1"
"1","1.10423436854035","0.187713439941406","15.6000003814697","1"
"1","1.09426735434681","0.185615493774414","15.6999998092651","1"
"1","1.08420732431114","0.183804000854492","15.8000001907349","1"
"1","1.07424042653292","0.181170150756836","15.8999996185303","1"
"1","1.06427341233939","0.179304977416992","16","1"
"1","1.05430651456118","0.176805206298828","16.1000003814697","1"
"1","1.04419980198145","0.175306045532227","16.2000007629395","1"
"1","1.03427947033197","0.172978973388672","16.2999992370605","1"
"1","1.02421944029629","0.170443832397461","16.3999996185303","1"
"1","1.01420585997403","0.168435897827148","16.5","1"
"1","1.00423896219581","0.165819381713867","16.6000003814697","1"
"1","0.994225381873548","0.164091369628906","16.7000007629395","1"
"1","0.984305050224066","0.161936080932617","16.7999992370605","1"
"1","0.974198395852","0.159467346191406","16.8999996185303","1"
"1","0.964278005994856","0.157508422851562","17","1"
"1","0.954217917751521","0.155627777099609","17.1000003814697","1"
"1","0.944251019973308","0.153148452758789","17.2000007629395","1"
"1","0.934284063987434","0.151235626220703","17.2999992370605","1"
"1","0.924177409615368","0.149269256591797","17.3999996185303","1"
"1","0.914257019758224","0.146896453857422","17.5","1"
"1","0.90424349764362","0.144634826660156","17.6000003814697","1"
"1","0.894276599865407","0.142610534667969","17.7000007629395","1"
"1","0.884216511622071","0.14055908203125","17.7999992370605","1"
"1","0.874249555636197","0.138018280029297","17.8999996185303","1"
"1","0.864282599650323","0.135972930908203","18","1"
"1","0.854175945278257","0.133933609008789","18.1000003814697","1"
"1","0.844302179757506","0.13226123046875","18.2000007629395","1"
"1","0.83424209151417","0.130071228027344","18.2999992370605","1"
"1","0.824275135528296","0.127877944946289","18.3999996185303","1"
"1","0.814215047284961","0.125768104553223","18.5","1"
"1","0.804248091299087","0.123487411499023","18.6000003814697","1"
"1","0.794281193520874","0.121519157409668","18.7000007629395","1"
"1","0.784174539148808","0.119588851928711","18.7999992370605","1"
"1","0.774300715420395","0.117425872802734","18.8999996185303","1"
"1","0.76424062717706","0.115285110473633","19","1"
"1","0.754227105062455","0.113210144042969","19.1000003814697","1"
"1","0.744260207284242","0.111274482727051","19.2000007629395","1"
"1","0.734200119040906","0.109153144836426","19.2999992370605","1"
"1","0.724279729183763","0.107207504272461","19.3999996185303","1"
"1","0.714219640940428","0.104948295593262","19.5","1"
"1","0.704299309290946","0.103220733642578","19.6000003814697","1"
"1","0.694192596711218","0.101068870544434","19.7000007629395","1"
"1","0.684272265061736","0.0993098678588867","19.7999992370605","1"
"1","0.674258742947131","0.0971675491333008","19.8999996185303","1"
"1","0.664198654703796","0.0952735900878906","20","1"
"1","0.654278264846653","0.0930570449829102","20.1000003814697","1"
"1","0.644171610474586","0.0911871032714844","20.2000007629395","1"
"1","0.634297844953835","0.0889973297119141","20.2999992370605","1"
"1","0.624191190581769","0.0868809814453125","20.3999996185303","1"
"1","0.614270800724626","0.0851500244140625","20.5","1"
"1","0.604257278610021","0.0829848175048828","20.6000003814697","1"
"1","0.594197190366685","0.0809164657592773","20.7000007629395","1"
"1","0.584276858717203","0.0790251159667969","20.7999992370605","1"
"1","0.574216770473868","0.0770656204223633","20.8999996185303","1"
"1","0.564296380616724","0.0750875625610352","21","1"
"1","0.554236292373389","0.0729627227783203","21.1000003814697","1"
"1","0.544222770258784","0.0716320877075195","21.2000007629395","1"
"1","0.534255872480571","0.0694023590087891","21.2999992370605","1"
"1","0.524242350365967","0.0678219680786133","21.3999996185303","1"
"1","0.514275394380093","0.0656623840332031","21.5","1"
"1","0.504168740008026","0.0638772010803223","21.6000003814697","1"
"1","0.494294974487275","0.0621017532348633","21.7000007629395","1"
"1","0.484234857140109","0.0603279647827148","21.7999992370605","1"
"1","0.474267930258065","0.0577867164611816","21.8999996185303","1"
"1","0.464254408143461","0.0559789886474609","22","1"
"1","0.454240915132686","0.0546308250427246","22.1000003814697","1"
"1","0.444320525275543","0.0525189971923828","22.2000007629395","1"
"1","0.434167304774746","0.0504990234375","22.2999992370605","1"
"1","0.424293510150164","0.0488431358337402","22.3999996185303","1"
"1","0.414233421906829","0.0469289512634277","22.5","1"
"1","0.404219899792224","0.0454136047363281","22.6000003814697","1"
"1","0.394252972910181","0.0430851554870605","22.7000007629395","1"
"1","0.384239450795576","0.0414793968200684","22.7999992370605","1"
"1","0.374272523913532","0.0397775497436523","22.8999996185303","1"
"1","0.364212435670197","0.0380446472167969","23","1"
"1","0.354245479684323","0.0363159332275391","23.1000003814697","1"
"1","0.344231986673549","0.0347242240905762","23.2000007629395","1"
"1","0.334265030687675","0.0325964469909668","23.2999992370605","1"
"1","0.324251537676901","0.0311758499145508","23.3999996185303","1"
"1","0.314191449433565","0.0299648571014404","23.5","1"
"1","0.304317654808983","0.0281537132263184","23.6000003814697","1"
"1","0.294211000436917","0.0266350173950195","23.7000007629395","1"
"1","0.284290610579774","0.0249814186096191","23.7999992370605","1"
"1","0.274183956207708","0.0233638496398926","23.8999996185303","1"
"1","0.264263595454395","0.0222416286468506","24","1"
"1","0.25425007333979","0.020345193862915","24.1000003814697","1"
"1","0.244189985096455","0.0187463836669922","24.2000007629395","1"
"1","0.234316205023788","0.0175466957092285","24.2999992370605","1"
"1","0.224209550651722","0.015971752166748","24.3999996185303","1"
"1","0.214289175346494","0.0149257669448853","24.5","1"
"1","0.204229087103158","0.013499475479126","24.6000003814697","1"
"1","0.194215579540469","0.0122846450805664","24.7000007629395","1"
"1","0.18424863810651","0.0108063802719116","24.7999992370605","1"
"1","0.174235130543821","0.00952403259277344","24.8999996185303","1"
"1","0.164268189109862","0.00853679656982422","25","1"
"1","0.154208100866526","0.00712714529037476","25.1000003814697","1"
"1","0.144334306241944","0.00595598602294922","25.2000007629395","1"
"2","0.134274217998609","0.00488201236724854","25.2999992370605","2"
"2","0.140934382216074","0.00565329360961914","25.3999996185303","2"
"2","0.150994470459409","0.00744492435455322","25.5","2"
"2","0.161240852321498","0.00924596881866455","25.6000003814697","2"
"2","0.171347506693564","0.0109133281707764","25.7000007629395","2"
"2","0.181314448127523","0.012716423034668","25.7999992370605","2"
"2","0.191467683180235","0.0145382671356201","25.8999996185303","2"
"2","0.201341477804817","0.0165519237518311","26","2"
"2","0.211401566048153","0.0177661380767822","26.1000003814697","2"
"2","0.221368507482111","0.0195300827026367","26.2000007629395","2"
"2","0.231382015044801","0.0214988346099854","26.2999992370605","2"
"2","0.24139552260749","0.0234265460968018","26.3999996185303","2"
"2","0.251362478593364","0.025235179901123","26.5","2"
"2","0.261469132965431","0.0270026988983154","26.6000003814697","2"
"2","0.271342927590013","0.028548900604248","26.7000007629395","2"
"2","0.281403015833348","0.0303241138458252","26.7999992370605","2"
"2","0.291369942715392","0.0321694068908691","26.8999996185303","2"
"2","0.301383464829996","0.034022876739502","27","2"
"2","0.31139695784077","0.0357985725402832","27.1000003814697","2"
"2","0.321363913826644","0.0379485092163086","27.2000007629395","2"
"2","0.331470568198711","0.0394035148620605","27.2999992370605","2"
"2","0.341297796694562","0.0411192855834961","27.3999996185303","2"
"2","0.351451017195359","0.0430656127929687","27.5","2"
"2","0.361417973181233","0.0448188667297363","27.6000003814697","2"
"2","0.371384900063276","0.0466678314208984","27.7000007629395","2"
"2","0.381444988306612","0.048826042175293","27.7999992370605","2"
"2","0.391365349059924","0.0503721466064453","27.8999996185303","2"
"2","0.40142543730326","0.0522153663635254","28","2"
"2","0.411345798056573","0.0540806045532227","28.1000003814697","2"
"2","0.421452481532469","0.0559903831481934","28.2000007629395","2"
"2","0.431372842285782","0.0578829650878906","28.2999992370605","2"
"2","0.441386335296556","0.0594499435424805","28.3999996185303","2"
"2","0.451446423539892","0.0617035369873047","28.5","2"
"2","0.461366784293205","0.0638830490112305","28.6000003814697","2"
"2","0.47142687253654","0.0654540481567383","28.7000007629395","2"
"2","0.481393828522414","0.0673357086181641","28.7999992370605","2"
"2","0.491453916765749","0.0694397125244141","28.8999996185303","2"
"2","0.501374248415232","0.071516471862793","29","2"
"2","0.511434336658567","0.0734301300048828","29.1000003814697","2"
"2","0.521447858773172","0.0752096328735352","29.2000007629395","2"
"2","0.531321682501584","0.0769955825805664","29.2999992370605","2"
"2","0.541474903002381","0.0793832168579102","29.3999996185303","2"
"2","0.551348668523133","0.0810864639282227","29.5","2"
"2","0.561408756766468","0.0828594512939453","29.6000003814697","2"
"2","0.571422278881073","0.0850833740234375","29.7000007629395","2"
"2","0.581389234866947","0.0871184768676758","29.7999992370605","2"
"2","0.591402756981552","0.0885427703857422","29.8999996185303","2"
"2","0.601369654759765","0.0909367599487305","30","2"
"2","0.611476367339492","0.0933424911499023","30.1000003814697","2"
"2","0.621303566731513","0.0947406997680664","30.2000007629395","2"
"2","0.631410221103579","0.0967230224609375","30.2999992370605","2"
"2","0.641423743218184","0.0988443450927734","30.3999996185303","2"
"2","0.651390699204057","0.100740600585938","30.5","2"
"2","0.661404163111001","0.10256916809082","30.6000003814697","2"
"2","0.671371119096875","0.104473571777344","30.7000007629395","2"
"2","0.681477773468941","0.106714096069336","30.7999992370605","2"
"2","0.691305031068623","0.108868743896484","30.8999996185303","2"
"2","0.701411685440689","0.110630989074707","31","2"
"2","0.711425149347633","0.112693138122559","31.1000003814697","2"
"2","0.721345539204776","0.114692321777344","31.2000007629395","2"
"2","0.731452193576843","0.116540222167969","31.2999992370605","2"
"2","0.741372583433986","0.118603973388672","31.3999996185303","2"
"2","0.751432671677321","0.120684059143066","31.5","2"
"2","0.761353003326803","0.122477180480957","31.6000003814697","2"
"2","0.771413091570139","0.124407829284668","31.7000007629395","2"
"2","0.781380047556013","0.12672004699707","31.7999992370605","2"
"2","0.791393569670618","0.128814514160156","31.8999996185303","2"
"2","0.801453657913953","0.130771530151367","32","2"
"2","0.811327423434705","0.132879776000977","32.0999984741211","2"
"2","0.821434077806771","0.134663421630859","32.2000007629395","2"
"2","0.831354467663914","0.136927581787109","32.2999992370605","2"
"2","0.841414555907249","0.138858169555664","32.4000015258789","2"
"2","0.851334887556732","0.140667572021484","32.5","2"
"2","0.861394975800067","0.143018402099609","32.5999984741211","2"
"2","0.871455064043403","0.14498664855957","32.7000007629395","2"
"2","0.881328887771815","0.147001663208008","32.7999992370605","2"
"2","0.891482108272612","0.149267654418945","32.9000015258789","2"
"2","0.901355932001024","0.151028945922852","33","2"
"2","0.911369395907968","0.153203247070312","33.0999984741211","2"
"2","0.921429484151304","0.154686508178711","33.2000007629395","2"
"2","0.931396440137178","0.157008148193359","33.2999992370605","2"
"2","0.941409962251782","0.158672424316406","33.4000015258789","2"
"2","0.951330352108926","0.160772323608398","33.5","2"
"2","0.961483572609723","0.163044616699219","33.5999984741211","2"
"2","0.971357338130474","0.16501806640625","33.7000007629395","2"
"2","0.98141748458147","0.166928085327148","33.7999992370605","2"
"2","0.991430948488414","0.169193786621094","33.9000015258789","2"
"2","1.0013512801379","0.171328796386719","34","2"
"2","1.01141142658889","0.17294091796875","34.0999984741211","2"
"2","1.02133175823838","0.175311172485352","34.2000007629395","2"
"2","1.03148503694683","0.177632171630859","34.2999992370605","2"
"2","1.04131223633885","0.179329025268555","34.4000015258789","2"
"2","1.05141883250326","0.181510437011719","34.5","2"
"2","1.06143241282552","0.183380401611328","34.5999984741211","2"
"2","1.07135274447501","0.185418869018555","34.7000007629395","2"
"2","1.08145945705473","0.187953430175781","34.7999992370605","2"
"2","1.09133322257549","0.189631912231445","34.9000015258789","2"
"2","1.10143981873989","0.191709564208984","35","2"
"2","1.11140683293343","0.193738006591797","35.0999984741211","2"
"2","1.12142029684037","0.195966323852539","35.2000007629395","2"
"2","1.1313873110339","0.197928604125977","35.2999992370605","2"
"2","1.14135420881212","0.199934219360352","35.4000015258789","2"
"2","1.15146080497652","0.20225146484375","35.5","2"
"2","1.1613346869126","0.204091857910156","35.5999984741211","2"
"2","1.171441283077","0.206319610595703","35.7000007629395","2"
"2","1.18140829727054","0.208086410522461","35.7999992370605","2"
"2","1.19142176117748","0.210210220336914","35.9000015258789","2"
"2","1.20143522508442","0.212050399780273","36","2"
"2","1.21140223927796","0.21424479675293","36.0999984741211","2"
"2","1.22146226931363","0.216243606567383","36.2000007629395","2"
"2","1.23128946870565","0.218651214599609","36.2999992370605","2"
"2","1.24148931354284","0.220571701049805","36.4000015258789","2"
"2","1.25140964519233","0.222541595458984","36.5","2"
"2","1.26133009325713","0.225017105102539","36.5999984741211","2"
"2","1.27143668942153","0.226924423217773","36.7000007629395","2"
"2","1.28140370361507","0.228873764038086","36.7999992370605","2"
"2","1.29141716752201","0.230993804931641","36.9000015258789","2"
"2","1.3013374991715","0.232778259277344","37","2"
"2","1.31144421175122","0.234912017822266","37.0999984741211","2"
"2","1.3213645434007","0.237063262939453","37.2000007629395","2"
"2","1.33137812372297","0.239231750488281","37.2999992370605","2"
"2","1.34143815375865","0.240975570678711","37.4000015258789","2"
"2","1.35135848540813","0.242966903686523","37.5","2"
"2","1.36141863185912","0.245061325073242","37.5999984741211","2"
"2","1.37133896350861","0.247429351806641","37.7000007629395","2"
"2","1.38144567608833","0.249601425170898","37.7999992370605","2"
"2","1.38088676612824","0.249381774902344","37.9000015258789","2"
"2","1.3704540906474","0.247181793212891","38","2"
"2","1.3603939441964","0.244634155273438","38.0999984741211","2"
"2","1.35019421577454","0.242351837158203","38.2000007629395","2"
"2","1.340227201581","0.239784973144531","38.2999992370605","2"
"2","1.3301206054166","0.237869979858398","38.4000015258789","2"
"2","1.32020015735179","0.235543579101563","38.5","2"
"2","1.31014012731612","0.233371307373047","38.5999984741211","2"
"2","1.30012654699385","0.230903656005859","38.7000007629395","2"
"2","1.29020621534437","0.228456848144531","38.7999992370605","2"
"2","1.28014618530869","0.226483169555664","38.9000015258789","2"
"2","1.27017917111516","0.22428889465332","39","2"
"2","1.26011914107949","0.221890625","39.0999984741211","2"
"2","1.25019880943","0.21977995300293","39.2000007629395","2"
"2","1.24013866297901","0.217173294067383","39.2999992370605","2"
"2","1.23007863294333","0.215273284912109","39.4000015258789","2"
"2","1.22020475100726","0.213098388671875","39.5","2"
"2","1.21009815484285","0.210461059570312","39.5999984741211","2"
"2","1.20017782319337","0.208544418334961","39.7000007629395","2"
"2","1.19016424287111","0.206094985961914","39.7999992370605","2"
"2","1.18019734509289","0.204063583374023","39.9000015258789","2"
"2","1.1701371986419","0.201898178100586","40","2"
"2","1.16017030086368","0.199456344604492","40.0999984741211","2"
"2","1.15020340308547","0.197225372314453","40.2000007629395","2"
"2","1.14005012437701","0.195142852783203","40.2999992370605","2"
"2","1.13017635885626","0.19302180480957","40.4000015258789","2"
"2","1.12011621240526","0.190654983520508","40.5","2"
"2","1.11014931462705","0.188634918212891","40.5999984741211","2"
"2","1.10013573430479","0.186504745483398","40.7000007629395","2"
"2","1.09012227039784","0.184401031494141","40.7999992370605","2"
"2","1.08015537261963","0.182066833496094","40.9000015258789","2"
"2","1.07009522616863","0.179576080322266","41","2"
"2","1.06022146064788","0.177414566040039","41.0999984741211","2"
"2","1.05011474806815","0.1750615234375","41.2000007629395","2"
"2","1.04010128416121","0.173135650634766","41.2999992370605","2"
"2","1.03018095251173","0.171092147827148","41.4000015258789","2"
"2","1.02012080606073","0.16864826965332","41.5","2"
"2","1.01015390828252","0.166720840454102","41.5999984741211","2"
"2","1.00014032796025","0.163790100097656","41.7000007629395","2"
"2","0.99017343018204","0.162191131591797","41.7999992370605","2"
"2","0.980113400146365","0.160082580566406","41.9000015258789","2"
"2","0.970193010289222","0.157986862182617","42","2"
"2","0.960179488174617","0.155871185302734","42.0999984741211","2"
"2","0.950119399931282","0.153971145629883","42.2000007629395","2"
"2","0.940199010074139","0.151816787719727","42.2999992370605","2"
"2","0.930092355702072","0.149249877929687","42.4000015258789","2"
"2","0.92017202405259","0.147793334960937","42.5","2"
"2","0.910111935809255","0.145099151611328","42.5999984741211","2"
"2","0.900191545952111","0.14318376159668","42.7000007629395","2"
"2","0.890131457708776","0.140805541992188","42.7999992370605","2"
"2","0.880071369465441","0.139013549804687","42.9000015258789","2"
"2","0.870197603944689","0.13676887512207","43","2"
"2","0.860090891364962","0.134402420043945","43.0999984741211","2"
"2","0.85017055971548","0.132372833251953","43.2000007629395","2"
"2","0.840157037600875","0.130006637573242","43.2999992370605","2"
"2","0.830190081615001","0.128243499755859","43.4000015258789","2"
"2","0.820129993371665","0.126026466369629","43.5","2"
"2","0.810116529464722","0.123783508300781","43.5999984741211","2"
"2","0.800196139607579","0.121610229492187","43.7000007629395","2"
"2","0.790089485235512","0.119816352844238","43.7999992370605","2"
"2","0.780169095378369","0.117779830932617","43.9000015258789","2"
"2","0.770109007135034","0.11576668548584","44","2"
"2","0.760142109356821","0.113552803039551","44.0999984741211","2"
"2","0.750175153370947","0.111894714355469","44.2000007629395","2"
"2","0.740115065127611","0.109858154296875","44.2999992370605","2"
"2","0.730194675270468","0.107518394470215","44.4000015258789","2"
"2","0.720088020898402","0.105598022460937","44.5","2"
"2","0.71021425537765","0.103507164001465","44.5999984741211","2"
"2","0.700107601005584","0.101453353881836","44.7000007629395","2"
"2","0.69014064501971","0.0990374221801758","44.7999992370605","2"
"2","0.680220255162567","0.097624153137207","44.9000015258789","2"
"2","0.670113600790501","0.0949666366577148","45","2"
"2","0.660146703012288","0.0932362060546875","45.0999984741211","2"
"2","0.650133180897683","0.091288688659668","45.2000007629395","2"
"2","0.640166224911809","0.0892255706787109","45.2999992370605","2"
"2","0.630106136668473","0.0873981781005859","45.4000015258789","2"
"2","0.62018574681133","0.0858806991577148","45.5","2"
"2","0.610172282904387","0.0831913070678711","45.5999984741211","2"
"2","0.600112194661051","0.0815355606079102","45.7000007629395","2"
"2","0.590191804803908","0.0796511917114258","45.7999992370605","2"
"2","0.580085150431842","0.0775591278076172","45.9000015258789","2"
"2","0.570164760574698","0.0757141265869141","46","2"
"2","0.560104672331363","0.0735755004882813","46.0999984741211","2"
"2","0.55013777455315","0.0713601913452148","46.2000007629395","2"
"2","0.540170818567276","0.0694319458007813","46.2999992370605","2"
"2","0.53006416419521","0.0676465454101562","46.4000015258789","2"
"2","0.520236964803189","0.0657158660888672","46.5","2"
"2","0.510083686094731","0.0637231254577637","46.5999984741211","2"
"2","0.500163354445249","0.0619118156433105","46.7000007629395","2"
"2","0.490149832330644","0.0599624824523926","46.7999992370605","2"
"2","0.480136310216039","0.0577627372741699","46.9000015258789","2"
"2","0.470169383333996","0.0560782890319824","47","2"
"2","0.460155861219391","0.0543662643432617","47.0999984741211","2"
"2","0.450188934337348","0.0523555908203125","47.2000007629395","2"
"2","0.440082250861451","0.0507683258056641","47.2999992370605","2"
"2","0.430208456236869","0.0490324821472168","47.4000015258789","2"
"2","0.420101801864803","0.0469124412536621","47.5","2"
"2","0.410134874982759","0.0450130653381348","47.5999984741211","2"
"2","0.400167918996885","0.0435665168762207","47.7000007629395","2"
"2","0.39010783075355","0.0413026008605957","47.7999992370605","2"
"2","0.380187470000237","0.0400932960510254","47.9000015258789","2"
"2","0.370080815628171","0.0387266502380371","48","2"
"2","0.360207021003589","0.0367057189941406","48.0999984741211","2"
"2","0.350100366631523","0.0351336975097656","48.2000007629395","2"
"2","0.340086844516918","0.0332117462158203","48.2999992370605","2"
"2","0.330213049892336","0.0316882228851318","48.4000015258789","2"
"2","0.320059829391539","0.029817813873291","48.5","2"
"2","0.310139468638226","0.0280553569793701","48.5999984741211","2"
"2","0.300125946523622","0.0267114715576172","48.7000007629395","2"
"2","0.290159019641578","0.024794734954834","48.7999992370605","2"
"2","0.280098931398243","0.0235854053497314","48.9000015258789","2"
"2","0.270131975412369","0.0220316734313965","49","2"
"2","0.260165048530325","0.0207339782714844","49.0999984741211","2"
"2","0.250058394158259","0.019163293838501","49.2000007629395","2"
"2","0.240184584981762","0.0176980228424072","49.2999992370605","2"
"2","0.230124511290342","0.0164157981872559","49.4000015258789","2"
"2","0.220157569856383","0.0150023021697998","49.5","2"
"2","0.210144047741778","0.0136833209991455","49.5999984741211","2"
"2","0.200130540179089","0.0122426071166992","49.7000007629395","2"
"2","0.19016359874513","0.0113098192214966","49.7999992370605","2"
"2","0.180056944373064","0.0100058746337891","49.9000015258789","2"
"2","0.170229730429128","0.00843311977386475","50","2"
"2","0.160123061505146","0.0068834023475647","50.0999984741211","2"
"2","0.150156120071188","0.00667153787612915","50.2000007629395","2"
"2","0.140189178637229","0.00551838636398315","50.2999992370605","2"
"3","0.144194593303837","0.00555141925811768","50.4000015258789","3"
"3","0.154487555846572","0.00766903734207153","50.5","3"
"3","0.164594210218638","0.00934421730041504","50.5999984741211","3"
"3","0.17470087914262","0.0110371103286743","50.7000007629395","3"
"3","0.184760967385955","0.0124027795791626","50.7999992370605","3"
"3","0.194727894267999","0.0145617303848267","50.9000015258789","3"
"3","0.20483456319198","0.0161623134613037","51","3"
"3","0.214708357816562","0.0175882835388184","51.0999984741211","3"
"3","0.224815012188628","0.0194290409088135","51.2000007629395","3"
"3","0.234781953622587","0.0211164245605469","51.2999992370605","3"
"3","0.244702328927815","0.0234136028289795","51.4000015258789","3"
"3","0.254855549428612","0.0244537010192871","51.5","3"
"3","0.264729344053194","0.026275577545166","51.5999984741211","3"
"3","0.274789432296529","0.028253963470459","51.7000007629395","3"
"3","0.284756359178573","0.0298465347290039","51.7999992370605","3"
"3","0.294816447421908","0.0317739124298096","51.9000015258789","3"
"3","0.304783403407782","0.0335427169799805","52","3"
"3","0.314703764161095","0.0354248428344727","52.0999984741211","3"
"3","0.324856984661892","0.0371775970458984","52.2000007629395","3"
"3","0.334730779286474","0.0392016220092773","52.2999992370605","3"
"3","0.34483743365854","0.0408476676940918","52.4000015258789","3"
"3","0.354757823515683","0.0427140693664551","52.5","3"
"3","0.364817911759019","0.0442794723510742","52.5999984741211","3"
"3","0.374784838641062","0.0462276725769043","52.7000007629395","3"
"3","0.384751765523106","0.0480591087341309","52.7999992370605","3"
"3","0.394811853766441","0.0499998016357422","52.9000015258789","3"
"3","0.404685648391023","0.0519170188903809","53","3"
"3","0.414838897995651","0.0537223777770996","53.0999984741211","3"
"3","0.424759258748963","0.0557171974182129","53.2000007629395","3"
"3","0.434772780863568","0.0578514595031738","53.2999992370605","3"
"3","0.444832869106904","0.0597164154052734","53.4000015258789","3"
"3","0.454753229860216","0.0617011680603027","53.5","3"
"3","0.464813318103552","0.0637140197753906","53.5999984741211","3"
"3","0.474687083624303","0.0653645324707031","53.7000007629395","3"
"3","0.484840333228931","0.0676390838623047","53.7999992370605","3"
"3","0.494760693982244","0.0694341659545898","53.9000015258789","3"
"3","0.504774216096848","0.0713630065917969","54","3"
"3","0.514834304340184","0.0729599990844727","54.0999984741211","3"
"3","0.524754635989666","0.0749810638427734","54.2000007629395","3"
"3","0.534814724233001","0.0768246612548828","54.2999992370605","3"
"3","0.544688547961414","0.0788245849609375","54.4000015258789","3"
"3","0.554841768462211","0.08119384765625","54.5","3"
"3","0.564715592190623","0.0826662826538086","54.5999984741211","3"
"3","0.574775680433959","0.0848855895996094","54.7000007629395","3"
"3","0.584835768677294","0.0871251068115234","54.7999992370605","3"
"3","0.594709534198046","0.0886198959350586","54.9000015258789","3"
"3","0.604862754698843","0.0909402542114258","55","3"
"3","0.614736578427255","0.0925879211425781","55.0999984741211","3"
"3","0.624796666670591","0.0947043151855469","55.2000007629395","3"
"3","0.634763564448804","0.0968745193481445","55.2999992370605","3"
"3","0.644777086563408","0.0989346694946289","55.4000015258789","3"
"3","0.654790608678013","0.100912322998047","55.5","3"
"3","0.664757564663887","0.102576751708984","55.5999984741211","3"
"3","0.674864219035953","0.104660507202148","55.7000007629395","3"
"3","0.684737984556705","0.107250709533691","55.7999992370605","3"
"3","0.69479807280004","0.109089210510254","55.9000015258789","3"
"3","0.704765028785914","0.110939163208008","56","3"
"3","0.714778550900519","0.112789688110352","56.0999984741211","3"
"3","0.724792073015124","0.115134094238281","56.2000007629395","3"
"3","0.734758970793337","0.116980895996094","56.2999992370605","3"
"3","0.744865683373064","0.11885034942627","56.4000015258789","3"
"3","0.754692882765085","0.120840446472168","56.5","3"
"3","0.764846103265882","0.122914695739746","56.5999984741211","3"
"3","0.774766493123025","0.124871353149414","56.7000007629395","3"
"3","0.784733390901238","0.127112380981445","56.7999992370605","3"
"3","0.794840045273304","0.129023132324219","56.9000015258789","3"
"3","0.804760435130447","0.130565536499023","57","3"
"3","0.814773957245052","0.132882385253906","57.0999984741211","3"
"3","0.824740913230926","0.135054412841797","57.2000007629395","3"
"3","0.834847567602992","0.136901351928711","57.2999992370605","3"
"3","0.844767899252474","0.138733184814453","57.4000015258789","3"
"3","0.854734855238348","0.140820526123047","57.5","3"
"3","0.864841509610415","0.143086074829102","57.5999984741211","3"
"3","0.874761899467558","0.144959411621094","57.7000007629395","3"
"3","0.884821987710893","0.147009460449219","57.7999992370605","3"
"3","0.894742319360375","0.149332290649414","57.9000015258789","3"
"3","0.904848973732442","0.151301345825195","58","3"
"3","0.914722797460854","0.153059875488281","58.0999984741211","3"
"3","0.92478288570419","0.155272338867187","58.2000007629395","3"
"3","0.934842973947525","0.157263702392578","58.2999992370605","3"
"3","0.944670173339546","0.159687545776367","58.4000015258789","3"
"3","0.954869959969074","0.16135090637207","58.5","3"
"3","0.964743783697486","0.16331201171875","58.5999984741211","3"
"3","0.974803871940821","0.165508163452148","58.7000007629395","3"
"3","0.984770827926695","0.167202209472656","58.7999992370605","3"
"3","0.994784291833639","0.16949560546875","58.9000015258789","3"
"3","1.00475130602717","0.171369003295898","59","3"
"3","1.01471820380539","0.173455352783203","59.0999984741211","3"
"3","1.02482479996979","0.175473129272461","59.2000007629395","3"
"3","1.0347452480346","0.177448104858398","59.2999992370605","3"
"3","1.04480527807027","0.179826049804687","59.4000015258789","3"
"3","1.05477229226381","0.181799255371094","59.5","3"
"3","1.06478575617075","0.183745162963867","59.5999984741211","3"
"3","1.07479922007769","0.185690521240234","59.7000007629395","3"
"3","1.08476623427123","0.187714370727539","59.7999992370605","3"
"3","1.09487283043563","0.189784088134766","59.9000015258789","3"
"3","1.10470002982765","0.192099716186523","60","3"
"3","1.11485330853611","0.194240570068359","60.0999984741211","3"
"3","1.12477364018559","0.196126174926758","60.2000007629395","3"
"3","1.1346940882504","0.198366516113281","60.2999992370605","3"
"3","1.14484725054353","0.20076692199707","60.4000015258789","3"
"3","1.15472113247961","0.202231796264648","60.5","3"
"3","1.16478116251528","0.204419250488281","60.5999984741211","3"
"3","1.1747480602935","0.206642700195313","60.7000007629395","3"
"3","1.18485477287322","0.208924499511719","60.7999992370605","3"
"3","1.19477510452271","0.21075","60.9000015258789","3"
"3","1.20474211871624","0.212804077148437","61","3"
"3","1.21484871488065","0.214971496582031","61.0999984741211","3"
"3","1.2247224804014","0.217028671264648","61.2000007629395","3"
"3","1.23478262685239","0.218961410522461","61.2999992370605","3"
"3","1.24474952463061","0.220944076538086","61.4000015258789","3"
"3","1.25485623721033","0.223513809204102","61.5","3"
"3","1.26473000273108","0.224944183349609","61.5999984741211","3"
"3","1.27474346663803","0.227560195922852","61.7000007629395","3"
"3","1.28485017921776","0.229161743164063","61.7999992370605","3"
"3","1.29467737860978","0.231243591308594","61.9000015258789","3"
"3","1.30483065731823","0.233472854614258","62","3"
"3","1.31475098896772","0.234931549072266","62.0999984741211","3"
"3","1.32476445287466","0.237238662719727","62.2000007629395","3"
"3","1.33477803319693","0.239649719238281","62.2999992370605","3"
"3","1.34474493097514","0.241761962890625","62.4000015258789","3"
"3","1.35480507742614","0.244215744018555","62.5","3"
"3","1.36472540907562","0.245851806640625","62.5999984741211","3"
"3","1.37483212165534","0.247486083984375","62.7000007629395","3"
"3","1.3847058871761","0.25013410949707","62.7999992370605","3"
"3","1.37841829564422","0.248779647827148","62.9000015258789","3"
"3","1.36807875242084","0.246377456665039","63","3"
"3","1.35797215625644","0.243893081665039","63.0999984741211","3"
"3","1.34795857593417","0.241813842773438","63.2000007629395","3"
"3","1.33785197976977","0.239184478759766","63.2999992370605","3"
"3","1.32788496557623","0.237294891357422","63.4000015258789","3"
"3","1.31782493554056","0.235043014526367","63.5","3"
"3","1.30785792134702","0.232614608764648","63.5999984741211","3"
"3","1.29784445744008","0.230453033447266","63.7000007629395","3"
"3","1.2879241257906","0.228064208984375","63.7999992370605","3"
"3","1.27791054546833","0.225762603759766","63.9000015258789","3"
"3","1.26775738317519","0.223662231445312","64","3"
"3","1.25788350123912","0.221449966430664","64.0999984741211","3"
"3","1.24782347120345","0.219000854492188","64.1999969482422","3"
"3","1.23785657342523","0.216847854614258","64.3000030517578","3"
"3","1.22779642697424","0.214471054077148","64.4000015258789","3"
"3","1.21787609532475","0.212113403320313","64.5","3"
"3","1.20790908113122","0.209762649536133","64.5999984741211","3"
"3","1.19775591883808","0.207588973999023","64.6999969482422","3"
"3","1.18792871944606","0.205453201293945","64.8000030517578","3"
"3","1.17782200686634","0.202873840332031","64.9000015258789","3"
"3","1.16785510908812","0.201148956298828","65","3"
"3","1.15784152876586","0.198777236938477","65.0999984741211","3"
"3","1.14782806485891","0.196634353637695","65.1999969482422","3"
"3","1.1378611670807","0.194586898803711","65.3000030517578","3"
"3","1.1278010206297","0.192060958862305","65.4000015258789","3"
"3","1.11788068898022","0.189831329345703","65.5","3"
"3","1.10777397640049","0.187666168212891","65.5999984741211","3"
"3","1.09785364475101","0.185673721313477","65.6999969482422","3"
"3","1.08779349830002","0.183160537719727","65.8000030517578","3"
"3","1.0778266005218","0.18104377746582","65.9000015258789","3"
"3","1.06785970274359","0.17917546081543","66","3"
"3","1.05784612242132","0.176772415161133","66.0999984741211","3"
"3","1.04787922464311","0.174570755004883","66.1999969482422","3"
"3","1.03777251206338","0.172711654663086","66.3000030517578","3"
"3","1.02789874654263","0.169939498901367","66.4000015258789","3"
"3","1.01783871650696","0.167793441772461","66.5","3"
"3","1.00777857005596","0.165966461181641","66.5999984741211","3"
"3","0.99790480453521","0.163618499755859","66.6999969482422","3"
"3","0.987798091955483","0.161782775878906","66.8000030517578","3"
"3","0.977877760306001","0.159285079956055","66.9000015258789","3"
"3","0.967817672062665","0.157255065917969","67","3"
"3","0.957850774284452","0.155297149658203","67.0999984741211","3"
"3","0.947837252169847","0.152781021118164","67.1999969482422","3"
"3","0.937823730055243","0.150952041625977","67.3000030517578","3"
"3","0.927856774069369","0.14899919128418","67.4000015258789","3"
"3","0.917796685826033","0.146730499267578","67.5","3"
"3","0.907922920305282","0.144722366333008","67.5999984741211","3"
"3","0.897816265933216","0.142452819824219","67.6999969482422","3"
"3","0.887849309947342","0.140158752441406","67.8000030517578","3"
"3","0.877835787832737","0.137855255126953","67.9000015258789","3"
"3","0.867822265718132","0.136285766601562","68","3"
"3","0.857855367939919","0.133967727661133","68.0999984741211","3"
"3","0.847795279696584","0.131888305664063","68.1999969482422","3"
"3","0.837921455968171","0.12971125793457","68.3000030517578","3"
"3","0.827814801596105","0.127553161621094","68.4000015258789","3"
"3","0.817847845610231","0.125228927612305","68.5","3"
"3","0.807880947832018","0.123429954528809","68.5999984741211","3"
"3","0.797820859588683","0.121277549743652","68.6999969482422","3"
"3","0.787853903602809","0.118976753234863","68.8000030517578","3"
"3","0.777840381488204","0.116883895874023","68.9000015258789","3"
"3","0.76787342550233","0.11502906036377","69","3"
"3","0.757766771130264","0.112922401428223","69.0999984741211","3"
"3","0.747893005609512","0.110642570495605","69.1999969482422","3"
"3","0.737832917366177","0.108825866699219","69.3000030517578","3"
"3","0.727819395251572","0.10672737121582","69.4000015258789","3"
"3","0.717899005394429","0.104833786010742","69.5","3"
"3","0.707792351022363","0.102487487792969","69.5999984741211","3"
"3","0.69787201937288","0.100849952697754","69.6999969482422","3"
"3","0.687811931129545","0.0986074981689453","69.8000030517578","3"
"3","0.677891541272402","0.0961452026367187","69.9000015258789","3"
"3","0.667831453029066","0.0944679107666016","70","3"
"3","0.657771364785731","0.09228759765625","70.0999984741211","3"
"3","0.647897599264979","0.0901625671386719","70.1999969482422","3"
"3","0.637790944892913","0.0883967590332031","70.3000030517578","3"
"3","0.62787055503577","0.08645556640625","70.4000015258789","3"
"3","0.617857032921165","0.0844687423706055","70.5","3"
"3","0.607890135142952","0.0824250640869141","70.5999984741211","3"
"3","0.597830046899617","0.0803171005249023","70.6999969482422","3"
"3","0.587863090913743","0.078409553527832","70.8000030517578","3"
"3","0.577896134927869","0.0766068725585937","70.9000015258789","3"
"3","0.567789480555803","0.0742107696533203","71","3"
"3","0.557869090698659","0.0725602111816406","71.0999984741211","3"
"3","0.547809002455324","0.0704206695556641","71.1999969482422","3"
"3","0.537842104677111","0.0686471786499023","71.3000030517578","3"
"3","0.527828582562506","0.0668114700317383","71.4000015258789","3"
"3","0.517815060447901","0.0645026092529297","71.5","3"
"3","0.507894728798419","0.063050121307373","71.5999984741211","3"
"3","0.497788016218692","0.0609520149230957","71.6999969482422","3"
"3","0.487914250697941","0.0595263519287109","71.8000030517578","3"
"3","0.477807596325874","0.0575590019226074","71.9000015258789","3"
"3","0.46784064034","0.0554222831726074","72","3"
"3","0.457920279586688","0.053644100189209","72.0999984741211","3"
"3","0.447813625214621","0.0515269050598145","72.1999969482422","3"
"3","0.437846698332578","0.04949853515625","72.3000030517578","3"
"3","0.427833176217973","0.0480199012756348","72.4000015258789","3"
"3","0.417866220232099","0.0463964958190918","72.5","3"
"3","0.407759565860033","0.0445975914001465","72.5999984741211","3"
"3","0.397885771235451","0.0426115303039551","72.6999969482422","3"
"3","0.387872278224677","0.0412786178588867","72.8000030517578","3"
"3","0.377812189981341","0.0390741653442383","72.9000015258789","3"
"3","0.367891829228029","0.0374348411560059","73","3"
"3","0.357831740984693","0.0359599113464356","73.0999984741211","3"
"3","0.347864784998819","0.0339172706604004","73.1999969482422","3"
"3","0.337758130626753","0.0322896881103516","73.3000030517578","3"
"3","0.32783776987344","0.0306515140533447","73.4000015258789","3"
"3","0.317870813887566","0.0291297378540039","73.5","3"
"3","0.3077641595155","0.0273175945281982","73.5999984741211","3"
"3","0.297936960123479","0.025966402053833","73.6999969482422","3"
"3","0.287830276647583","0.0242464752197266","73.8000030517578","3"
"3","0.277863349765539","0.0230205230712891","73.9000015258789","3"
"3","0.267849827650934","0.0217403697967529","74","3"
"3","0.25783630553633","0.0200382480621338","74.0999984741211","3"
"3","0.247822812525555","0.0186493644714355","74.1999969482422","3"
"3","0.237809290410951","0.0169542541503906","74.3000030517578","3"
"3","0.227888929657638","0.0159203653335571","74.4000015258789","3"
"3","0.217828841414303","0.0144672784805298","74.5","3"
"3","0.20790848066099","0.0131011028289795","74.5999984741211","3"
"3","0.197801811737008","0.0114940347671509","74.6999969482422","3"
"3","0.18783487030305","0.0107116575241089","74.8000030517578","3"
"3","0.177867943421006","0.00928129005432129","74.9000015258789","3"
"3","0.167807855177671","0.00828343296051025","75","3"
"3","0.157887479872443","0.00725563192367554","75.0999984741211","3"
"3","0.147780825500377","0.00581951951980591","75.1999969482422","3"
"4","0.140096031827852","0.0049630069732666","75.3000030517578","4"
"4","0.149224637425505","0.00608994102478027","75.4000015258789","4"
"4","0.15956416609697","0.00751421785354614","75.5","4"
"4","0.169624254340306","0.00927865886688232","75.5999984741211","4"
"4","0.179730923264287","0.0111485757827759","75.6999969482422","4"
"4","0.189697850146331","0.0128608751296997","75.8000030517578","4"
"4","0.199757938389666","0.0146762971878052","75.9000015258789","4"
"4","0.209771460504271","0.0162958183288574","76","4"
"4","0.219691821257584","0.018316499710083","76.0999984741211","4"
"4","0.229798490181565","0.0203087539672852","76.1999969482422","4"
"4","0.239672270254232","0.0215695457458496","76.3000030517578","4"
"4","0.249778939178213","0.0234896125793457","76.4000015258789","4"
"4","0.259745866060257","0.0249361476898193","76.5","4"
"4","0.269759388174862","0.0271824645996094","76.5999984741211","4"
"4","0.279772910289466","0.0286464881896973","76.6999969482422","4"
"4","0.28973983717151","0.0303890171051025","76.8000030517578","4"
"4","0.299846491543576","0.0321097602844238","76.9000015258789","4"
"4","0.309673720039427","0.033354606628418","77","4"
"4","0.319780374411494","0.0359789962768555","77.0999984741211","4"
"4","0.329793896526098","0.0378653755187988","77.1999969482422","4"
"4","0.339714257279411","0.0397988662719727","77.3000030517578","4"
"4","0.349820911651477","0.0415845146179199","77.4000015258789","4"
"4","0.35974127240479","0.043268367767334","77.5","4"
"4","0.369801360648125","0.0452745170593262","77.5999984741211","4"
"4","0.379721721401438","0.0471192893981934","77.6999969482422","4"
"4","0.389828404877335","0.0485455932617187","77.8000030517578","4"
"4","0.399748765630648","0.0505362586975098","77.9000015258789","4"
"4","0.409762258641422","0.0523570022583008","78","4"
"4","0.419822346884757","0.0543024597167969","78.0999984741211","4"
"4","0.429696141509339","0.0563722305297852","78.1999969482422","4"
"4","0.439802824985236","0.0584962310791016","78.3000030517578","4"
"4","0.449723185738549","0.0604185256958008","78.4000015258789","4"
"4","0.459783273981884","0.0623141250610352","78.5","4"
"4","0.469703634735197","0.063681884765625","78.5999984741211","4"
"4","0.479763722978532","0.066183349609375","78.6999969482422","4"
"4","0.489823811221868","0.0678746643066406","78.8000030517578","4"
"4","0.499697576742619","0.0698545761108398","78.9000015258789","4"
"4","0.509850855451077","0.0715736618041992","79","4"
"4","0.519724620971829","0.0740759887695313","79.0999984741211","4"
"4","0.529738143086433","0.0760485229492188","79.1999969482422","4"
"4","0.539751665201038","0.0776999435424805","79.3000030517578","4"
"4","0.549718562979251","0.0795868911743164","79.4000015258789","4"
"4","0.559778651222587","0.0817730560302734","79.5","4"
"4","0.56969904107973","0.0837362213134766","79.5999984741211","4"
"4","0.579852261580527","0.0855636978149414","79.6999969482422","4"
"4","0.589726085308939","0.0876628799438477","79.8000030517578","4"
"4","0.599786173552275","0.0896079483032227","79.9000015258789","4"
"4","0.609753071330488","0.0913368530273437","80","4"
"4","0.619720027316362","0.0935376281738281","80.0999984741211","4"
"4","0.629780115559697","0.0952782135009766","80.1999969482422","4"
"4","0.639747071545571","0.0971534805297852","80.3000030517578","4"
"4","0.649807159788907","0.0991574783325195","80.4000015258789","4"
"4","0.659680925309658","0.101078163146973","80.5","4"
"4","0.669834145810455","0.103318710327148","80.5999984741211","4"
"4","0.679801101796329","0.104990928649902","80.6999969482422","4"
"4","0.68967486731708","0.107295799255371","80.8000030517578","4"
"4","0.699781579896808","0.109241416931152","80.9000015258789","4"
"4","0.709748477675021","0.111409507751465","81","4"
"4","0.719808565918356","0.113439155578613","81.0999984741211","4"
"4","0.729728955775499","0.11525528717041","81.1999969482422","4"
"4","0.739789044018835","0.117864181518555","81.3000030517578","4"
"4","0.749756000004709","0.119679077148438","81.4000015258789","4"
"4","0.759722897782922","0.121308700561523","81.5","4"
"4","0.769782986026257","0.123340354919434","81.5999984741211","4"
"4","0.7797033758834","0.124982048034668","81.6999969482422","4"
"4","0.789810030255467","0.127328704833984","81.8000030517578","4"
"4","0.79973042011261","0.129794464111328","81.9000015258789","4"
"4","0.809790508355945","0.13155712890625","82","4"
"4","0.819757406134158","0.133548034667969","82.0999984741211","4"
"4","0.829770928248763","0.135598876953125","82.1999969482422","4"
"4","0.839831016492099","0.137736129760742","82.3000030517578","4"
"4","0.849658215884119","0.139661865234375","82.4000015258789","4"
"4","0.859858060721308","0.141337005615234","82.5","4"
"4","0.869731826242059","0.143996185302734","82.5999984741211","4"
"4","0.879745348356664","0.145882919311523","82.6999969482422","4"
"4","0.889758870471269","0.147695999145508","82.8000030517578","4"
"4","0.899772392585874","0.150113067626953","82.9000015258789","4"
"4","0.909785914700478","0.151903381347656","83","4"
"4","0.919706246349961","0.153853118896484","83.0999984741211","4"
"4","0.929812900722027","0.156088012695313","83.1999969482422","4"
"4","0.93973329057917","0.157951568603516","83.3000030517578","4"
"4","0.949793378822505","0.160201965332031","83.4000015258789","4"
"4","0.95980690093711","0.162162902832031","83.5","4"
"4","0.969727232586592","0.163896728515625","83.5999984741211","4"
"4","0.979787320829928","0.165678756713867","83.6999969482422","4"
"4","0.98970765247941","0.167827590942383","83.8000030517578","4"
"4","0.999814365059137","0.170406265258789","83.9000015258789","4"
"4","1.00968813057989","0.172573165893555","84","4"
"4","1.01979484315962","0.174238128662109","84.0999984741211","4"
"4","1.02980830706656","0.176812149047852","84.1999969482422","4"
"4","1.03968207258731","0.178451126098633","84.3000030517578","4"
"4","1.04983535129577","0.180811996459961","84.4000015258789","4"
"4","1.05975568294525","0.182607849121094","84.5","4"
"4","1.06976926326752","0.18444157409668","84.5999984741211","4"
"4","1.079689594917","0.186634948730469","84.6999969482422","4"
"4","1.08979630749673","0.18876545715332","84.8000030517578","4"
"4","1.09980977140367","0.190600936889648","84.9000015258789","4"
"4","1.10973010305315","0.192654876708984","85","4"
"4","1.11979024950415","0.194548797607422","85.0999984741211","4"
"4","1.12975714728236","0.196754745483398","85.1999969482422","4"
"4","1.13981729373336","0.198684875488281","85.3000030517578","4"
"4","1.14969105925411","0.201179046630859","85.4000015258789","4"
"4","1.15975108928978","0.203377395629883","85.5","4"
"4","1.16976466961205","0.205281188964844","85.5999984741211","4"
"4","1.17973156739026","0.206935394287109","85.6999969482422","4"
"4","1.18983827996999","0.209088912963867","85.8000030517578","4"
"4","1.19971204549074","0.211478729248047","85.9000015258789","4"
"4","1.20981864165515","0.213314758300781","86","4"
"4","1.21973908971995","0.215232391357422","86.0999984741211","4"
"4","1.22970598749816","0.21768962097168","86.1999969482422","4"
"4","1.23981270007789","0.219749557495117","86.3000030517578","4"
"4","1.24973303172737","0.221670364379883","86.4000015258789","4"
"4","1.25979306176305","0.224107925415039","86.5","4"
"4","1.26971350982785","0.22619140625","86.5999984741211","4"
"4","1.27982010599226","0.228251312255859","86.6999969482422","4"
"4","1.28974043764174","0.230029693603516","86.8000030517578","4"
"4","1.29975401796401","0.232224792480469","86.9000015258789","4"
"4","1.30976748187095","0.234299270629883","87","4"
"4","1.31973449606448","0.236294448852539","87.0999984741211","4"
"4","1.32979452610016","0.238281814575195","87.1999969482422","4"
"4","1.33971485774964","0.240717514038086","87.3000030517578","4"
"4","1.34982157032937","0.242430297851563","87.4000015258789","4"
"4","1.35969533585012","0.244478515625","87.5","4"
"4","1.36980204842985","0.246648223876953","87.5999984741211","4"
"4","1.37976894620806","0.248724533081055","87.6999969482422","4"
"4","1.38372776564211","0.250107803344727","87.8000030517578","4"
"4","1.37385400012136","0.247989868164063","87.9000015258789","4"
"4","1.36360758915544","0.245088317871094","88","4"
"4","1.35359412524849","0.242941345214844","88.0999984741211","4"
"4","1.34344084654003","0.240185012817383","88.1999969482422","4"
"4","1.33347394876182","0.238056732177734","88.3000030517578","4"
"4","1.32341380231082","0.235951553344727","88.4000015258789","4"
"4","1.31344690453261","0.233495346069336","88.5","4"
"4","1.3034800067544","0.231109512329102","88.5999984741211","4"
"4","1.29337329417467","0.229111236572266","88.6999969482422","4"
"4","1.28349952865392","0.226749969482422","88.8000030517578","4"
"4","1.27339281607419","0.224617416381836","88.9000015258789","4"
"4","1.26347248442471","0.222491729736328","89","4"
"4","1.25341245438904","0.219687362670898","89.0999984741211","4"
"4","1.24339887406677","0.217811218261719","89.1999969482422","4"
"4","1.23343197628856","0.215474899291992","89.3000030517578","4"
"4","1.22341839596629","0.213230834960938","89.4000015258789","4"
"4","1.21345149818808","0.211036666870117","89.5","4"
"4","1.20334478560835","0.208570678710938","89.5999984741211","4"
"4","1.1934710200876","0.206639984130859","89.6999969482422","4"
"4","1.18341099005193","0.204226043701172","89.8000030517578","4"
"4","1.17344397585839","0.202311904907227","89.9000015258789","4"
"4","1.16343051195145","0.200001495361328","90","4"
"4","1.1534170480445","0.19733251953125","90.0999984741211","4"
"4","1.14345003385097","0.195342193603516","90.1999969482422","4"
"4","1.13339000381529","0.193052215576172","90.3000030517578","4"
"4","1.12346955575049","0.190821807861328","90.4000015258789","4"
"4","1.11336295958608","0.188563507080078","90.5","4"
"4","1.10339594539255","0.186644866943359","90.5999984741211","4"
"4","1.09347561374307","0.184356109619141","90.6999969482422","4"
"4","1.08336901757866","0.181226257324219","90.8000030517578","4"
"4","1.07344856951386","0.179752349853516","90.9000015258789","4"
"4","1.06343510560691","0.177804672241211","91","4"
"4","1.0534682078287","0.175606201171875","91.0999984741211","4"
"4","1.04336149524897","0.173162551879883","91.1999969482422","4"
"4","1.03344116359949","0.170932205200195","91.3000030517578","4"
"4","1.02342758327723","0.169046722412109","91.4000015258789","4"
"4","1.01336755324155","0.167082336425781","91.5","4"
"4","1.00344722159207","0.164676055908203","91.5999984741211","4"
"4","0.993387075141072","0.162573226928711","91.6999969482422","4"
"4","0.98346674349159","0.160415893554687","91.8000030517578","4"
"4","0.973406655248255","0.157959426879883","91.9000015258789","4"
"4","0.963439699262381","0.156227005004883","92","4"
"4","0.953426177147776","0.153740447998047","92.0999984741211","4"
"4","0.94336608890444","0.151640930175781","92.1999969482422","4"
"4","0.933492323383689","0.149561935424805","92.3000030517578","4"
"4","0.923385610803962","0.147520080566406","92.4000015258789","4"
"4","0.913418713025749","0.145248870849609","92.5","4"
"4","0.903451757039875","0.143422561645508","92.5999984741211","4"
"4","0.893391668796539","0.141040969848633","92.6999969482422","4"
"4","0.883424712810665","0.139004791259766","92.8000030517578","4"
"4","0.873411190696061","0.136755416870117","92.9000015258789","4"
"4","0.863444292917848","0.134772476196289","93","4"
"4","0.853337638545781","0.132845428466797","93.0999984741211","4"
"4","0.843463814817369","0.130555282592773","93.1999969482422","4"
"4","0.833450292702764","0.128259857177734","93.3000030517578","4"
"4","0.82343682879582","0.126306816101074","93.4000015258789","4"
"4","0.813423306681216","0.124119094848633","93.5","4"
"4","0.803409784566611","0.122356025695801","93.5999984741211","4"
"4","0.793489394709468","0.119985885620117","93.6999969482422","4"
"4","0.783336174208671","0.118020172119141","93.8000030517578","4"
"4","0.773462408687919","0.115931640625","93.9000015258789","4"
"4","0.763448886573315","0.113790885925293","94","4"
"4","0.753388798329979","0.111636039733887","94.0999984741211","4"
"4","0.743468408472836","0.109883110046387","94.1999969482422","4"
"4","0.73336175410077","0.107646034240723","94.3000030517578","4"
"4","0.723441422451288","0.105717132568359","94.4000015258789","4"
"4","0.713427900336683","0.104035995483398","94.5","4"
"4","0.703460944350809","0.101745727539062","94.5999984741211","4"
"4","0.693400856107473","0.0992392807006836","94.6999969482422","4"
"4","0.683433900121599","0.0976945114135742","94.8000030517578","4"
"4","0.673467002343386","0.095466911315918","94.9000015258789","4"
"4","0.663360289763659","0.0936119613647461","95","4"
"4","0.653439958114177","0.0910094451904297","95.0999984741211","4"
"4","0.643379869870842","0.0894166946411133","95.1999969482422","4"
"4","0.633412913884968","0.0877876892089844","95.3000030517578","4"
"4","0.623399391770363","0.0855315628051758","95.4000015258789","4"
"4","0.61343249399215","0.0834270935058594","95.5","4"
"4","0.603465538006276","0.0814865417480469","95.5999984741211","4"
"4","0.59335888363421","0.0795216064453125","95.6999969482422","4"
"4","0.583485059905797","0.0776018524169922","95.8000030517578","4"
"4","0.573378405533731","0.0756945266723633","95.9000015258789","4"
"4","0.563411507755518","0.0736297760009766","96","4"
"4","0.553444551769644","0.0715553817749024","96.0999984741211","4"
"4","0.543384463526309","0.0699085083007813","96.1999969482422","4"
"4","0.533464073669165","0.0678379058837891","96.3000030517578","4"
"4","0.523450551554561","0.0659482574462891","96.4000015258789","4"
"4","0.513483653776348","0.0640584869384766","96.5","4"
"4","0.503376999404281","0.0621185188293457","96.5999984741211","4"
"4","0.493456609547138","0.060424488067627","96.6999969482422","4"
"4","0.483443087432534","0.0583151168823242","96.8000030517578","4"
"4","0.473382999189198","0.0564280433654785","96.9000015258789","4"
"4","0.463462638435885","0.0550538597106934","97","4"
"4","0.45340255019255","0.0528610458374023","97.0999984741211","4"
"4","0.443482189439237","0.0508313941955566","97.1999969482422","4"
"4","0.433375535067171","0.0493452301025391","97.3000030517578","4"
"4","0.423455174313858","0.0470323791503906","97.4000015258789","4"
"4","0.413441652199253","0.0454333419799805","97.5","4"
"4","0.403381563955918","0.0436746520996094","97.5999984741211","4"
"4","0.393461203202605","0.0417372055053711","97.6999969482422","4"
"4","0.38340111495927","0.0398770294189453","97.8000030517578","4"
"4","0.373480754205957","0.0385654182434082","97.9000015258789","4"
"4","0.363420665962622","0.036533863067627","98","4"
"4","0.353407143848017","0.0349280624389648","98.0999984741211","4"
"4","0.343393650837243","0.0332433929443359","98.1999969482422","4"
"4","0.333426694851369","0.03142844581604","98.3000030517578","4"
"4","0.323459767969325","0.0299366588592529","98.4000015258789","4"
"4","0.313353113597259","0.0278284740447998","98.5","4"
"4","0.303479318972677","0.0267384033203125","98.5999984741211","4"
"4","0.293419230729342","0.0249591846466064","98.6999969482422","4"
"4","0.283452274743468","0.023599573135376","98.8000030517578","4"
"4","0.273438781732693","0.0218587398529053","98.9000015258789","4"
"4","0.263378693489358","0.0206764392852783","99","4"
"4","0.253458332736045","0.0191299343109131","99.0999984741211","4"
"4","0.243351663812064","0.0176160087585449","99.1999969482422","4"
"4","0.233477869187482","0.0163654003143311","99.3000030517578","4"
"4","0.223417780944146","0.0147219896316528","99.4000015258789","4"
"4","0.213404273381457","0.0138024492263794","99.5","4"
"4","0.203483898076229","0.0123962049484253","99.5999984741211","4"
"4","0.193377243704163","0.0109718389511108","99.6999969482422","4"
"4","0.18345688295085","0.00964591789245606","99.8000030517578","4"
"4","0.173396794707514","0.00867578411102295","99.9000015258789","4"
"4","0.163476419402286","0.00710818099975586","100","4"
"4","0.15336976503022","0.00604883718490601","100.099998474121","4"
"4","0.143495970405638","0.00521699810028076","100.199996948242","4"
"5","0.146104139275849","0.00498307943344116","100.300003051758","5"
"5","0.156257374328561","0.00697866773605347","100.400001525879","5"
"5","0.166503770742565","0.00898158550262451","100.5","5"
"5","0.176470697624609","0.0104116516113281","100.599998474121","5"
"5","0.18657736654859","0.0120196781158447","100.699996948242","5"
"5","0.19659087411128","0.0139347686767578","100.800003051758","5"
"5","0.206557815545239","0.0153613700866699","100.900001525879","5"
"5","0.21666448446922","0.0171000785827637","101","5"
"5","0.226584845222533","0.0189227142333984","101.099998474121","5"
"5","0.236644933465868","0.0209235820770264","101.199996948242","5"
"5","0.24651872809045","0.0226115970611572","101.300003051758","5"
"5","0.256671948591247","0.0242881298065186","101.400001525879","5"
"5","0.266638904577121","0.0261049404144287","101.5","5"
"5","0.276559265330434","0.0280322380065918","101.599998474121","5"
"5","0.286712485831231","0.0295367813110352","101.699996948242","5"
"5","0.296586280455813","0.0318676452636719","101.800003051758","5"
"5","0.306599802570418","0.033279655456543","101.900001525879","5"
"5","0.316566729452461","0.0349828872680664","102","5"
"5","0.326673412928358","0.0363780517578125","102.099998474121","5"
"5","0.336640339810401","0.0389883232116699","102.199996948242","5"
"5","0.346560700563714","0.040529182434082","102.300003051758","5"
"5","0.35666735493578","0.042679084777832","102.400001525879","5"
"5","0.366587715689093","0.0441897773742676","102.5","5"
"5","0.376647803932428","0.046562572479248","102.599998474121","5"
"5","0.386568193789572","0.0482334518432617","102.699996948242","5"
"5","0.396628282032907","0.0500961532592773","102.800003051758","5"
"5","0.40659520891495","0.0516733741760254","102.900001525879","5"
"5","0.416608731029555","0.053628490447998","103","5"
"5","0.426715385401621","0.0555742683410645","103.099998474121","5"
"5","0.436542584793642","0.0578070755004883","103.199996948242","5"
"5","0.44669583439827","0.0591669082641602","103.300003051758","5"
"5","0.456616195151582","0.0613235244750977","103.400001525879","5"
"5","0.466583151137456","0.0630380783081055","103.5","5"
"5","0.476643239380792","0.0654394073486328","103.599998474121","5"
"5","0.486610166262835","0.0671804351806641","103.699996948242","5"
"5","0.496670254506171","0.0686461410522461","103.800003051758","5"
"5","0.506544020026922","0.0709746627807617","103.900001525879","5"
"5","0.51669729873538","0.0729812316894531","104","5"
"5","0.526617630384862","0.0751974105834961","104.099998474121","5"
"5","0.536584586370736","0.0771502227783203","104.199996948242","5"
"5","0.546598108485341","0.0788615112304688","104.300003051758","5"
"5","0.556611630599946","0.0810602035522461","104.400001525879","5"
"5","0.566671718843281","0.0825881423950195","104.5","5"
"5","0.576592050492764","0.0847956008911133","104.599998474121","5"
"5","0.586652138736099","0.0868637390136719","104.699996948242","5"
"5","0.596572528593242","0.0887863616943359","104.800003051758","5"
"5","0.606632616836578","0.0906152725219727","104.900001525879","5"
"5","0.616646138951182","0.0927460098266602","105","5"
"5","0.626519904471934","0.094521728515625","105.099998474121","5"
"5","0.636719691101462","0.0966797256469727","105.199996948242","5"
"5","0.646593514829874","0.0985632705688477","105.300003051758","5"
"5","0.656607036944479","0.100364593505859","105.400001525879","5"
"5","0.666620500851423","0.102560668945313","105.5","5"
"5","0.676634022966027","0.104481086730957","105.599998474121","5"
"5","0.686647545080632","0.106438911437988","105.699996948242","5"
"5","0.696521368809044","0.108854248046875","105.800003051758","5"
"5","0.706674589309841","0.11082413482666","105.900001525879","5"
"5","0.716594920959324","0.112510093688965","106","5"
"5","0.726655009202659","0.114683609008789","106.099998474121","5"
"5","0.736621965188533","0.116693641662598","106.199996948242","5"
"5","0.746635487303138","0.118408050537109","106.300003051758","5"
"5","0.756602443289012","0.120465225219727","106.400001525879","5"
"5","0.766569341067225","0.122663986206055","106.5","5"
"5","0.776675995439291","0.124540176391602","106.599998474121","5"
"5","0.786549819167703","0.126897171020508","106.699996948242","5"
"5","0.7967030396685","0.128773406982422","106.800003051758","5"
"5","0.806623429525644","0.130862045288086","106.900001525879","5"
"5","0.816590327303857","0.132921875","107","5"
"5","0.826697039883584","0.134699203491211","107.099998474121","5"
"5","0.836617371533066","0.13708251953125","107.199996948242","5"
"5","0.846630893647671","0.138320068359375","107.300003051758","5"
"5","0.856551283504814","0.140634918212891","107.400001525879","5"
"5","0.866704504005611","0.14288313293457","107.5","5"
"5","0.876624835655093","0.145099197387695","107.599998474121","5"
"5","0.886591791640967","0.146776824951172","107.699996948242","5"
"5","0.896651879884303","0.149127593994141","107.800003051758","5"
"5","0.906572269741446","0.151490295410156","107.900001525879","5"
"5","0.916632357984781","0.153233535766602","108","5"
"5","0.926552689634264","0.154949478149414","108.099998474121","5"
"5","0.93665934400633","0.157355926513672","108.199996948242","5"
"5","0.946579733863473","0.159190444946289","108.300003051758","5"
"5","0.956639822106808","0.161300079345703","108.400001525879","5"
"5","0.966653344221413","0.163298187255859","108.5","5"
"5","0.976573675870895","0.165230834960938","108.599998474121","5"
"5","0.986680388450623","0.167600448608398","108.699996948242","5"
"5","0.996554153971374","0.169814819335938","108.800003051758","5"
"5","1.00661418400705","0.171301193237305","108.900001525879","5"
"5","1.01662776432931","0.173750610351563","109","5"
"5","1.02664122823626","0.175544494628906","109.099998474121","5"
"5","1.03660824242979","0.177381607055664","109.199996948242","5"
"5","1.04657514020801","0.179262619018555","109.300003051758","5"
"5","1.05668185278773","0.181737487792969","109.400001525879","5"
"5","1.06655561830848","0.183520217895508","109.5","5"
"5","1.07661564834416","0.185821228027344","109.599998474121","5"
"5","1.08662922866642","0.188113677978516","109.699996948242","5"
"5","1.09664269257337","0.189705459594727","109.800003051758","5"
"5","1.10660959035158","0.191834991455078","109.900001525879","5"
"5","1.11657660454512","0.193799102783203","110","5"
"5","1.12672976683825","0.196403503417969","110.099998474121","5"
"5","1.1365570826456","0.198013885498047","110.199996948242","5"
"5","1.14661711268127","0.200291931152344","110.300003051758","5"
"5","1.15663057658821","0.202286026000977","110.400001525879","5"
"5","1.16655102465302","0.204234146118164","110.5","5"
"5","1.17665762081742","0.206480987548828","110.599998474121","5"
"5","1.18662463501096","0.208546951293945","110.699996948242","5"
"5","1.19668466504663","0.210814193725586","110.800003051758","5"
"5","1.20660499669611","0.212486404418945","110.900001525879","5"
"5","1.21666514314711","0.214903244018555","111","5"
"5","1.22663204092532","0.216832183837891","111.099998474121","5"
"5","1.23655248899013","0.218848037719727","111.199996948242","5"
"5","1.24665908515453","0.22082307434082","111.300003051758","5"
"5","1.25657941680402","0.222778579711914","111.400001525879","5"
"5","1.26663956325501","0.225253952026367","111.5","5"
"5","1.27655989490449","0.226930892944336","111.599998474121","5"
"5","1.28666660748422","0.228962295532227","111.699996948242","5"
"5","1.2965869391337","0.231081497192383","111.800003051758","5"
"5","1.30660040304065","0.233148040771484","111.900001525879","5"
"5","1.31666054949164","0.235221771240234","112","5"
"5","1.3265343150124","0.237429748535156","112.099998474121","5"
"5","1.33668759372085","0.239050155639648","112.199996948242","5"
"5","1.3465613592416","0.241255859375","112.300003051758","5"
"5","1.35662138927728","0.243803314208984","112.400001525879","5"
"5","1.36663496959955","0.245798614501953","112.5","5"
"5","1.37660186737776","0.247415420532227","112.599998474121","5"
"5","1.38661544770002","0.249322143554688","112.699996948242","5"
"5","1.38130597770214","0.249041534423828","112.800003051758","5"
"5","1.37110613286495","0.246412857055664","112.900001525879","5"
"5","1.36095285415649","0.24422297668457","113","5"
"5","1.35079969186336","0.24188932800293","113.099998474121","5"
"5","1.34083267766982","0.239622787475586","113.199996948242","5"
"5","1.33072608150542","0.237455871582031","113.300003051758","5"
"5","1.32085219956934","0.235100051879883","113.400001525879","5"
"5","1.31074560340494","0.232546295166016","113.5","5"
"5","1.3007785892114","0.230288482666016","113.599998474121","5"
"5","1.29081169143319","0.227840881347656","113.699996948242","5"
"5","1.28075166139752","0.225812576293945","113.800003051758","5"
"5","1.27078464720398","0.223400451660156","113.900001525879","5"
"5","1.26072461716831","0.221388290405273","114","5"
"5","1.25085085164756","0.218746124267578","114.099998474121","5"
"5","1.24074413906783","0.21659245300293","114.199996948242","5"
"5","1.23073067516088","0.214508102416992","114.300003051758","5"
"5","1.22081022709608","0.212400772094727","114.400001525879","5"
"5","1.21075019706041","0.210008865356445","114.5","5"
"5","1.20078318286687","0.207698776245117","114.599998474121","5"
"5","1.19076971895993","0.205314697265625","114.699996948242","5"
"5","1.18080282118171","0.203167541503906","114.800003051758","5"
"5","1.17069610860199","0.201193862915039","114.900001525879","5"
"5","1.16077577695251","0.198885437011719","115","5"
"5","1.15080876275897","0.196750595092773","115.099998474121","5"
"5","1.14070216659456","0.19469580078125","115.199996948242","5"
"5","1.13082840107381","0.192109329223633","115.300003051758","5"
"5","1.12072168849409","0.190017562866211","115.400001525879","5"
"5","1.11075479071587","0.187717300415039","115.5","5"
"5","1.10069464426488","0.185709548950195","115.599998474121","5"
"5","1.09077431261539","0.183385269165039","115.699996948242","5"
"5","1.08076084870845","0.180974822998047","115.800003051758","5"
"5","1.07070070225745","0.179130813598633","115.900001525879","5"
"5","1.0608269367367","0.176705184936523","116","5"
"5","1.05072022415698","0.174501235961914","116.099998474121","5"
"5","1.04075332637876","0.17243522644043","116.199996948242","5"
"5","1.03078642860055","0.170460510253906","116.300003051758","5"
"5","1.02077284827828","0.168203369140625","116.400001525879","5"
"5","1.01075938437134","0.165761581420898","116.5","5"
"5","1.00074580404907","0.163701080322266","116.599998474121","5"
"5","0.990825472399592","0.161426895141602","116.699996948242","5"
"5","0.980718876235187","0.15957470703125","116.800003051758","5"
"5","0.970798428170383","0.157528442382812","116.900001525879","5"
"5","0.960738339927047","0.155421157836914","117","5"
"5","0.950724876020104","0.152909042358398","117.099998474121","5"
"5","0.94075792003423","0.150966918945313","117.199996948242","5"
"5","0.930744397919625","0.148612350463867","117.300003051758","5"
"5","0.920824066270143","0.146797958374023","117.400001525879","5"
"5","0.910717353690416","0.144401519775391","117.5","5"
"5","0.900843588169664","0.142218521118164","117.599998474121","5"
"5","0.890736933797598","0.140150512695313","117.699996948242","5"
"5","0.880723411682993","0.1380087890625","117.800003051758","5"
"5","0.87080302182585","0.1361279296875","117.900001525879","5"
"5","0.860696367453784","0.133710250854492","118","5"
"5","0.850776035804302","0.131856918334961","118.099998474121","5"
"5","0.840762513689697","0.129780288696289","118.199996948242","5"
"5","0.830795557703823","0.12734188079834","118.300003051758","5"
"5","0.820735469460487","0.125413208007812","118.400001525879","5"
"5","0.810768571682274","0.123453628540039","118.5","5"
"5","0.8008016156964","0.121201057434082","118.599998474121","5"
"5","0.790694961324334","0.119060340881348","118.699996948242","5"
"5","0.780821137595922","0.117172622680664","118.800003051758","5"
"5","0.770714483223855","0.114771522521973","118.900001525879","5"
"5","0.760794151574373","0.112985145568848","119","5"
"5","0.750734063331038","0.110747512817383","119.099998474121","5"
"5","0.740767107345164","0.108804817199707","119.199996948242","5"
"5","0.73080015135929","0.106773254394531","119.300003051758","5"
"5","0.720693496987224","0.104508071899414","119.400001525879","5"
"5","0.710819731466472","0.102812309265137","119.5","5"
"5","0.700713077094406","0.100115982055664","119.599998474121","5"
"5","0.690792687237263","0.0984074401855469","119.699996948242","5"
"5","0.680779165122658","0.0962939376831055","119.800003051758","5"
"5","0.670719076879323","0.0947211151123047","119.900001525879","5"
"5","0.660752120893449","0.0921034469604492","120","5"
"5","0.650738656986505","0.0905992126464844","120.099998474121","5"
"5","0.640818267129362","0.0885042419433594","120.199996948242","5"
"5","0.630711612757295","0.0864794235229492","120.300003051758","5"
"5","0.620791222900152","0.0845369567871094","120.400001525879","5"
"5","0.610777700785547","0.0825218734741211","120.5","5"
"5","0.600764236878604","0.0806579818725586","120.599998474121","5"
"5","0.59079728089273","0.0785032958984375","120.699996948242","5"
"5","0.580737192649394","0.076446647644043","120.800003051758","5"
"5","0.570816802792251","0.0746877288818359","120.900001525879","5"
"5","0.560710148420185","0.0725246276855469","121","5"
"5","0.550836382899433","0.0708229370117188","121.099998474121","5"
"5","0.540776294656098","0.0688811645507812","121.199996948242","5"
"5","0.530716206412762","0.0666922302246094","121.300003051758","5"
"5","0.52084238268435","0.0651093063354492","121.400001525879","5"
"5","0.510735728312284","0.0630682640075684","121.5","5"
"5","0.500768830534071","0.0613095436096191","121.599998474121","5"
"5","0.490755308419466","0.0591997108459473","121.699996948242","5"
"5","0.480788352433592","0.0574362983703613","121.800003051758","5"
"5","0.470728264190257","0.0557551536560059","121.900001525879","5"
"5","0.460807903436944","0.0537338180541992","122","5"
"5","0.450794381322339","0.0522870635986328","122.099998474121","5"
"5","0.440687726950273","0.049987361907959","122.199996948242","5"
"5","0.430813932325691","0.0481480598449707","122.300003051758","5"
"5","0.420707277953625","0.0463259658813477","122.400001525879","5"
"5","0.410786917200312","0.0443681640625","122.5","5"
"5","0.400773395085707","0.0429017715454102","122.599998474121","5"
"5","0.390759872971103","0.0411130180358887","122.699996948242","5"
"5","0.380792946089059","0.0392085075378418","122.800003051758","5"
"5","0.370686291716993","0.0373961753845215","122.900001525879","5"
"5","0.360859063221142","0.0359238319396973","123","5"
"5","0.350705842720345","0.0340479164123535","123.099998474121","5"
"5","0.340738886734471","0.032168098449707","123.199996948242","5"
"5","0.330818525981158","0.0306667613983154","123.300003051758","5"
"5","0.320711871609092","0.0291194648742676","123.400001525879","5"
"5","0.310744915623218","0.027271858215332","123.5","5"
"5","0.300777988741174","0.0261156558990479","123.599998474121","5"
"5","0.290811061859131","0.0246137752532959","123.699996948242","5"
"5","0.280704378383234","0.0231077938079834","123.800003051758","5"
"5","0.270784017629921","0.0214197673797607","123.900001525879","5"
"5","0.260770524619147","0.0199790344238281","124","5"
"5","0.250710436375812","0.0185389099121094","124.099998474121","5"
"5","0.240790061070584","0.0173252983093262","124.199996948242","5"
"5","0.230729972827248","0.0156455221176147","124.300003051758","5"
"5","0.220809612073936","0.014425877571106","124.400001525879","5"
"5","0.210702943149954","0.013295955657959","124.5","5"
"5","0.200782582396641","0.0115944061279297","124.599998474121","5"
"5","0.190769074833952","0.0101831512451172","124.699996948242","5"
"5","0.180708986590616","0.00953687286376953","124.800003051758","5"
"5","0.170835191966034","0.00795655918121338","124.900001525879","5"
"5","0.160728523042053","0.00655960416793823","125","5"
"5","0.15076159616001","0.00567418146133423","125.099998474121","5"
"5","0.145964426337741","0.00498520660400391","125.156997680664","5"
