"File Path: C:\Users\Administrator\Desktop\User Data Files\Colgate Group\Paul\7_29 Testing\Test Run 54 07-29-25 10 28 37 AM\DAQ- Crosshead, … - (Timed).csv   "
"Test: Hysteresis"
"Test Run: Test Run 54"
"Date: 7/29/2025 10:24:55 AM"
""
""
"_Cycle","Crosshead ","Load ","Time ","Cycle Channel "
"_Cycle","mm","kN","sec","count"
"1","0.412929337471724","0.00545497179031372","0.100000001490116","1"
"1","0.463136617327109","0.00542124557495117","0.200000002980232","1"
"1","0.513111066538841","0.00646404600143433","0.300000011920929","1"
"1","0.56303886231035","0.00716252279281616","0.400000005960464","1"
"1","0.613106472883373","0.00761067724227905","0.5","1"
"1","0.663034268654883","0.00862182807922363","0.600000023841858","1"
"1","0.713055313099176","0.00898773384094238","0.699999988079071","1"
"1","0.763029674999416","0.00975771808624268","0.800000011920929","1"
"1","0.813050719443709","0.0105541181564331","0.899999976158142","1"
"1","0.863071705680341","0.0116806678771973","1","1"
"1","0.913046125788242","0.0122024641036987","1.10000002384186","1"
"1","0.963113678153604","0.0132726221084595","1.20000004768372","1"
"1","1.01304147392511","0.0145380277633667","1.29999995231628","1"
"1","1.06306246016175","0.0147529954910278","1.39999997615814","1"
"1","1.11303688026965","0.0153352127075195","1.5","1"
"1","1.16301130037755","0.0165301418304443","1.60000002384186","1"
"1","1.21298572048545","0.017751781463623","1.70000004768372","1"
"1","1.26300670672208","0.0184872951507568","1.79999995231628","1"
"1","1.31312082521617","0.0195012493133545","1.89999997615814","1"
"1","1.36295554693788","0.0203414173126221","2","1"
"1","1.41311634797603","0.0216530055999756","2.09999990463257","1"
"1","1.46304408553988","0.0230281257629395","2.20000004768372","1"
"1","1.51301850564778","0.0236756916046143","2.29999995231628","1"
"1","1.56303949188441","0.0250753364562988","2.40000009536743","1"
"1","1.61301391199231","0.0258188190460205","2.5","1"
"1","1.663081580773","0.0268443412780762","2.59999990463257","1"
"1","1.71300931833684","0.0281782417297363","2.70000004768372","1"
"1","1.76312355324626","0.02928493309021","2.79999995231628","1"
"1","1.81300472468138","0.0303111114501953","2.90000009536743","1"
"1","1.86307239346206","0.0317373847961426","3","1"
"1","1.91304681356996","0.032863655090332","3.09999990463257","1"
"1","1.96302123367786","0.0339081268310547","3.20000004768372","1"
"1","2.0130886696279","0.0344939804077148","3.29999995231628","1"
"1","2.0630166400224","0.0359957962036133","3.40000009536743","1"
"1","2.11308407597244","0.037112621307373","3.5","1"
"1","2.16305861249566","0.0384728507995605","3.59999990463257","1"
"1","2.21303291618824","0.0392792549133301","3.70000004768372","1"
"1","2.26305401884019","0.0408347930908203","3.79999995231628","1"
"1","2.31302832253277","0.0423409461975098","3.90000009536743","1"
"1","2.36304942518473","0.0432619552612305","4","1"
"1","2.41302372887731","0.0445780372619629","4.09999990463257","1"
"1","2.46309139765799","0.0458921203613281","4.19999980926514","1"
"1","2.51301913522184","0.0471221008300781","4.30000019073486","1"
"1","2.56308680400252","0.0480385513305664","4.40000009536743","1"
"1","2.6130611076951","0.0492553405761719","4.5","1"
"1","2.66298907808959","0.0509464569091797","4.59999990463257","1"
"1","2.71305651403964","0.0521703414916992","4.69999980926514","1"
"1","2.76298448443413","0.0535300407409668","4.80000019073486","1"
"1","2.81305192038417","0.0549896125793457","4.90000009536743","1"
"1","2.86302645690739","0.0559883499145508","5","1"
"1","2.91309389285743","0.0574250144958496","5.09999990463257","1"
"1","2.96302186325192","0.0585984230041504","5.19999980926514","1"
"1","3.0129961669445","0.0601685333251953","5.30000019073486","1"
"1","3.06306383572519","0.0613927688598633","5.40000009536743","1"
"1","3.11294500716031","0.0625298309326172","5.5","1"
"1","3.16305924206972","0.0641647415161133","5.59999990463257","1"
"1","3.2130335457623","0.0654739608764648","5.69999980926514","1"
"1","3.26305464841425","0.0669119186401367","5.80000019073486","1"
"1","3.31307551823556","0.0679330978393555","5.90000009536743","1"
"1","3.36300348863006","0.0699124374389648","6","1"
"1","3.41302435845137","0.0709948120117188","6.09999990463257","1"
"1","3.46299889497459","0.0725693664550781","6.19999980926514","1"
"1","3.51306633092463","0.0741866302490234","6.30000019073486","1"
"1","3.56304086744785","0.0756276779174805","6.40000009536743","1"
"1","3.61306173726916","0.0767130813598633","6.5","1"
"1","3.66308283992112","0.0782262420654297","6.59999990463257","1"
"1","3.7130571436137","0.0801134033203125","6.69999980926514","1"
"1","3.76303168013692","0.0812129440307617","6.80000019073486","1"
"1","3.8130059838295","0.0827356185913086","6.90000009536743","1"
"1","3.86307365261018","0.0836119689941406","7","1"
"1","3.91304818913341","0.0853097991943359","7.09999990463257","1"
"1","3.96302249282598","0.0869829711914063","7.19999980926514","1"
"1","4.01308992877603","0.0882751235961914","7.30000019073486","1"
"1","4.06301766633987","0.0897268981933594","7.40000009536743","1"
"1","4.11303900182247","0.0909800491333008","7.5","1"
"1","4.16301330551505","0.0925660629272461","7.59999990463257","1"
"1","4.21303417533636","0.094372932434082","7.69999980926514","1"
"1","4.26300847902894","0.0959680633544922","7.80000019073486","1"
"1","4.31307638064027","0.0969328689575195","7.90000009536743","1"
"1","4.36309725046158","0.0986999816894531","8","1"
"1","4.4129784218967","0.10036376953125","8.10000038146973","1"
"1","4.46309288963675","0.102104721069336","8.19999980926514","1"
"1","4.5130206272006","0.103412002563477","8.30000019073486","1"
"1","4.56304149702191","0.105088081359863","8.39999961853027","1"
"1","4.52419836074114","0.101596954345703","8.5","1"
"1","4.47427062317729","0.097920280456543","8.60000038146973","1"
"1","4.42424975335598","0.0946251831054687","8.69999980926514","1"
"1","4.37418185174465","0.0911063537597656","8.80000019073486","1"
"1","4.32416098192334","0.0876493682861328","8.89999961853027","1"
"1","4.2740935459733","0.0847145767211914","9","1"
"1","4.22416580840945","0.0816015701293945","9.10000038146973","1"
"1","4.17409790679812","0.0786212310791016","9.19999980926514","1"
"1","4.12412360310555","0.0754631805419922","9.30000019073486","1"
"1","4.0741958655417","0.0728627624511719","9.39999961853027","1"
"1","4.02412842959166","0.0704930038452148","9.5","1"
"1","3.97415366023779","0.0676904983520508","9.60000038146973","1"
"1","3.92413279041648","0.0648316192626953","9.69999980926514","1"
"1","3.87411168776453","0.0622979469299316","9.80000019073486","1"
"1","3.82413738407195","0.0598235549926758","9.89999961853027","1"
"1","3.77416308037937","0.0568398628234863","10","1"
"1","3.72418854385614","0.0549664459228516","10.1000003814697","1"
"1","3.67412087507546","0.0524751205444336","10.1999998092651","1"
"1","3.62419313751161","0.0500931396484375","10.3000001907349","1"
"1","3.57412546873093","0.0481359100341797","10.3999996185303","1"
"1","3.52410459890962","0.0455282516479492","10.5","1"
"1","3.47413006238639","0.0435670623779297","10.6000003814697","1"
"1","3.42410919256508","0.0416711006164551","10.6999998092651","1"
"1","3.37418122217059","0.0393559188842773","10.8000001907349","1"
"1","3.32416035234928","0.0374873580932617","10.8999996185303","1"
"1","3.27418581582606","0.0353359527587891","11","1"
"1","3.22416494600475","0.0336103210449219","11.1000003814697","1"
"1","3.17414384335279","0.031304126739502","11.1999998092651","1"
"1","3.12416953966022","0.0297468414306641","11.3000001907349","1"
"1","3.07410187087953","0.0281807270050049","11.3999996185303","1"
"1","3.02417413331568","0.0264991970062256","11.5","1"
"1","2.974106464535","0.0244595050811768","11.6000003814697","1"
"1","2.92417872697115","0.0231383876800537","11.6999998092651","1"
"1","2.87411105819046","0.021805513381958","11.8000001907349","1"
"1","2.82418332062662","0.0201524772644043","11.8999996185303","1"
"1","2.77416221797466","0.0188996124267578","12","1"
"1","2.72409478202462","0.0176441116333008","12.1000003814697","1"
"1","2.67416681163013","0.0161648216247559","12.1999998092651","1"
"1","2.62409937568009","0.0147134132385254","12.3000001907349","1"
"1","2.5741714052856","0.0136271772384644","12.3999996185303","1"
"1","2.52415053546429","0.0123946781158447","12.5","1"
"1","2.47417599894106","0.0110035495758057","12.6000003814697","1"
"1","2.42415512911975","0.0103213663101196","12.6999998092651","1"
"1","2.3741340264678","0.00897312545776367","12.8000001907349","1"
"1","2.32415972277522","0.00837298107147217","12.8999996185303","1"
"1","2.27409205399454","0.0071592116355896","13","1"
"1","2.22416431643069","0.0065029296875","13.1000003814697","1"
"1","2.17414321377873","0.00546344804763794","13.1999998092651","1"
"2","2.14517395943403","0.00508656883239746","13.3000001907349","2"
"2","2.19538132660091","0.00727493524551392","13.3999996185303","2"
"2","2.24535563029349","0.00886063957214355","13.5","2"
"2","2.29537673294544","0.0104003000259399","13.6000003814697","2"
"2","2.34539760276675","0.0124450998306274","13.6999998092651","2"
"2","2.39541870541871","0.0141843776702881","13.8000001907349","2"
"2","2.44543957524002","0.0162854309082031","13.8999996185303","2"
"2","2.49546067789197","0.01798583984375","14","2"
"2","2.54543498158455","0.0198419933319092","14.1000003814697","2"
"2","2.5954560842365","0.0219270458221436","14.1999998092651","2"
"2","2.64547695405781","0.0235680274963379","14.3000001907349","2"
"2","2.69535835832357","0.0249485816955566","14.3999996185303","2"
"2","2.74542579427361","0.0270147495269775","14.5","2"
"2","2.79544689692557","0.0290900497436523","14.6000003814697","2"
"2","2.84546776674688","0.0311592464447021","14.6999998092651","2"
"2","2.8954423032701","0.032700798034668","14.8000001907349","2"
"2","2.94541660696268","0.0349528884887695","14.8999996185303","2"
"2","2.99548427574337","0.0370608711242676","15","2"
"2","3.04536544717848","0.0388516426086426","15.1000003814697","2"
"2","3.0954796820879","0.0406794548034668","15.1999998092651","2"
"2","3.14540741965175","0.0423606796264648","15.3000001907349","2"
"2","3.1954285223037","0.0446231575012207","15.3999996185303","2"
"2","3.24549595825374","0.0462582778930664","15.5","2"
"2","3.29547049477696","0.0488592758178711","15.6000003814697","2"
"2","3.34544479846954","0.0504904670715332","15.6999998092651","2"
"2","3.39541933499277","0.0523656196594238","15.8000001907349","2"
"2","3.44548677094281","0.0545202484130859","15.8999996185303","2"
"2","3.49536817520857","0.0568353500366211","16","2"
"2","3.54548217728734","0.058755558013916","16.1000003814697","2"
"2","3.59545671381056","0.0603735427856445","16.2000007629395","2"
"2","3.64543101750314","0.0627325592041016","16.2999992370605","2"
"2","3.6954521201551","0.0648359832763672","16.3999996185303","2"
"2","3.74542642384768","0.0668031997680664","16.5","2"
"2","3.79544752649963","0.0688709564208984","16.6000003814697","2"
"2","3.84537526406348","0.0708223495483398","16.7000007629395","2"
"2","3.89548949897289","0.0733264312744141","16.7999992370605","2"
"2","3.94541723653674","0.0748938903808594","16.8999996185303","2"
"2","3.99543810635805","0.0768696670532227","17","2"
"2","4.04550600796938","0.0789762649536133","17.1000003814697","2"
"2","4.0953871794045","0.0809711761474609","17.2000007629395","2"
"2","4.14545461535454","0.0831407012939453","17.2999992370605","2"
"2","4.19538235291839","0.0847813415527344","17.3999996185303","2"
"2","4.24545025452971","0.0873303070068359","17.5","2"
"2","4.29542455822229","0.0891584167480469","17.6000003814697","2"
"2","4.34539886191487","0.0910130920410156","17.7000007629395","2"
"2","4.39551332965493","0.0930880508422852","17.7999992370605","2"
"2","4.44539450109005","0.0953521423339844","17.8999996185303","2"
"2","4.49546193704009","0.0967261810302734","18","2"
"2","4.54538967460394","0.0987028121948242","18.1000003814697","2"
"2","4.59545757621527","0.10083568572998","18.2000007629395","2"
"2","4.64538531377912","0.102281387329102","18.2999992370605","2"
"2","4.69545274972916","0.104241569519043","18.3999996185303","2"
"2","4.71813464537263","0.104911026000977","18.5","2"
"2","4.66792704537511","0.101128410339355","18.6000003814697","2"
"2","4.61785960942507","0.0973611602783203","18.7000007629395","2"
"2","4.56779217347503","0.0942474212646484","18.7999992370605","2"
"2","4.51777130365372","0.0904759216308594","18.8999996185303","2"
"2","4.46774996817112","0.0877377777099609","19","2"
"2","4.41777566447854","0.0846394729614258","19.1000003814697","2"
"2","4.36775479465723","0.0817327346801758","19.2000007629395","2"
"2","4.31773392483592","0.0787261505126953","19.2999992370605","2"
"2","4.26775915548205","0.0759781875610352","19.3999996185303","2"
"2","4.21769171953201","0.0729051055908203","19.5","2"
"2","4.16776398196816","0.0703415451049805","19.6000003814697","2"
"2","4.11774311214685","0.0677349090576172","19.7000007629395","2"
"2","4.06776834279299","0.0649910202026367","19.7999992370605","2"
"2","4.01774747297168","0.0622811851501465","19.8999996185303","2"
"2","3.96772660315037","0.0593754959106445","20","2"
"2","3.91775229945779","0.0571662101745605","20.1000003814697","2"
"2","3.8676846306771","0.0549524574279785","20.2000007629395","2"
"2","3.81775666028261","0.0524182586669922","20.2999992370605","2"
"2","3.7677357904613","0.0498287200927734","20.3999996185303","2"
"2","3.71776125393808","0.0477131767272949","20.5","2"
"2","3.66774038411677","0.0457884674072266","20.6000003814697","2"
"2","3.61776584759355","0.043379940032959","20.7000007629395","2"
"2","3.56774497777224","0.0413909149169922","20.7999992370605","2"
"2","3.51772387512028","0.0397361221313477","20.8999996185303","2"
"2","3.46779613755643","0.0374482421875","21","2"
"2","3.41768190264702","0.0352710647583008","21.1000003814697","2"
"2","3.36775416508317","0.0335730133056641","21.2000007629395","2"
"2","3.31777962855995","0.0316976585388184","21.2999992370605","2"
"2","3.26775875873864","0.0299562511444092","21.3999996185303","2"
"2","3.21778422221541","0.0280005874633789","21.5","2"
"2","3.1677633523941","0.0261812515258789","21.6000003814697","2"
"2","3.11774224974215","0.0246664581298828","21.7000007629395","2"
"2","3.06767458096147","0.0229161911010742","21.7999992370605","2"
"2","3.01774684339762","0.0212111740112305","21.8999996185303","2"
"2","2.96772574074566","0.0202267627716064","22","2"
"2","2.91775143705308","0.0186062068939209","22.1000003814697","2"
"2","2.86777690052986","0.0170917911529541","22.2000007629395","2"
"2","2.81770946457982","0.0159518404006958","22.2999992370605","2"
"2","2.76778149418533","0.0147041168212891","22.3999996185303","2"
"2","2.71771405823529","0.013167049407959","22.5","2"
"2","2.66773952171206","0.0117868661880493","22.6000003814697","2"
"2","2.61771865189075","0.0107384700775146","22.7000007629395","2"
"2","2.56774411536753","0.00975905323028564","22.7999992370605","2"
"2","2.51776981167495","0.00887179660797119","22.8999996185303","2"
"2","2.467748709023","0.00799535655975342","23","2"
"2","2.41777440533042","0.00672407102584839","23.1000003814697","2"
"2","2.36770673654974","0.00608376359939575","23.2000007629395","2"
"3","2.31805839575827","0.0050371527671814","23.2999992370605","3"
"3","2.35843844711781","0.00647262573242187","23.3999996185303","3"
"3","2.40855268202722","0.00858908939361572","23.5","3"
"3","2.45862011797726","0.0104737663269043","23.6000003814697","3"
"3","2.50854808837175","0.0121145620346069","23.7000007629395","3"
"3","2.55870865657926","0.0140207586288452","23.7999992370605","3"
"3","2.60859006084502","0.0157987966537476","23.8999996185303","3"
"3","2.65861093066633","0.0177565402984619","24","3"
"3","2.70863203331828","0.0196801662445068","24.1000003814697","3"
"3","2.75860633701086","0.0213016948699951","24.2000007629395","3"
"3","2.80862743966281","0.0232083797454834","24.2999992370605","3"
"3","2.85860174335539","0.0249229946136475","24.3999996185303","3"
"3","2.90866941213608","0.0271888256072998","24.5","3"
"3","2.95859714969993","0.0290529193878174","24.6000003814697","3"
"3","3.00866481848061","0.0310840110778809","24.7000007629395","3"
"3","3.05863912217319","0.0329943923950195","24.7999992370605","3"
"3","3.10861365869641","0.0348851432800293","24.8999996185303","3"
"3","3.15863452851772","0.0370080604553223","25","3"
"3","3.20860906504095","0.0387911911010742","25.1000003814697","3"
"3","3.25867673382163","0.0409455947875977","25.2000007629395","3"
"3","3.30860447138548","0.0429645767211914","25.2999992370605","3"
"3","3.35862557403743","0.0451433296203613","25.3999996185303","3"
"3","3.40864644385874","0.0470408744812012","25.5","3"
"3","3.45862098038197","0.048948184967041","25.6000003814697","3"
"3","3.50864185020328","0.0511270904541016","25.7000007629395","3"
"3","3.5586163867265","0.0533178520202637","25.7999992370605","3"
"3","3.60868382267654","0.0553968658447266","25.8999996185303","3"
"3","3.65861179307103","0.0573343696594238","26","3"
"3","3.70867922902107","0.0595859870910645","26.1000003814697","3"
"3","3.7586537655443","0.0614785270690918","26.2000007629395","3"
"3","3.80858150310814","0.0640593719482422","26.2999992370605","3"
"3","3.85864917188883","0.0655655899047852","26.3999996185303","3"
"3","3.90862347558141","0.0676342086791992","26.5","3"
"3","3.95864434540272","0.0703722152709961","26.6000003814697","3"
"3","4.00866568088531","0.0723190841674805","26.7000007629395","3"
"3","4.05863998457789","0.0739519119262695","26.7999992370605","3"
"3","4.10861428827047","0.0763105087280273","26.8999996185303","3"
"3","4.15863515809178","0.0783874206542969","27","3"
"3","4.20865649357438","0.0806145629882812","27.1000003814697","3"
"3","4.25858423113823","0.0825164947509766","27.2000007629395","3"
"3","4.30865166708827","0.0843367385864258","27.2999992370605","3"
"3","4.35867253690958","0.0865679931640625","27.3999996185303","3"
"3","4.40864730626345","0.0886215133666992","27.5","3"
"3","4.45866817608476","0.0909160766601562","27.6000003814697","3"
"3","4.50864247977734","0.0930516662597656","27.7000007629395","3"
"3","4.55866334959865","0.0948980941772461","27.7999992370605","3"
"3","4.60859155282378","0.097155891418457","27.8999996185303","3"
"3","4.65865898877382","0.0993135528564453","28","3"
"3","4.7086332924664","0.101139213562012","28.1000003814697","3"
"3","4.75865416228771","0.103303352355957","28.2000007629395","3"
"3","4.80867549777031","0.105100379943848","28.2999992370605","3"
"3","4.76917997002602","0.10210245513916","28.3999996185303","3"
"3","4.71915910020471","0.0985668182373047","28.5","3"
"3","4.66909166425467","0.0949927062988281","28.6000003814697","3"
"3","4.61907079443336","0.0917920074462891","28.7000007629395","3"
"3","4.56904945895076","0.0883998107910156","28.7999992370605","3"
"3","4.51907515525818","0.0857091293334961","28.8999996185303","3"
"3","4.46905428543687","0.0824561309814453","29","3"
"3","4.41907998174429","0.07946044921875","29.1000003814697","3"
"3","4.36901208013296","0.0766646881103516","29.2000007629395","3"
"3","4.31903777644038","0.0735892028808594","29.2999992370605","3"
"3","4.26901690661907","0.0710998916625977","29.3999996185303","3"
"3","4.21899603679776","0.0683767471313477","29.5","3"
"3","4.16906783357263","0.0654529800415039","29.6000003814697","3"
"3","4.11904696375132","0.0634239234924316","29.7000007629395","3"
"3","4.06907266005874","0.0607681198120117","29.7999992370605","3"
"3","4.0190052241087","0.057911434173584","29.8999996185303","3"
"3","3.96903045475483","0.0557978591918945","30","3"
"3","3.91905615106225","0.053385498046875","30.1000003814697","3"
"3","3.86898871511221","0.0511047973632813","30.2000007629395","3"
"3","3.81906074471772","0.0483138847351074","30.2999992370605","3"
"3","3.76903987489641","0.046561595916748","30.3999996185303","3"
"3","3.71906533837318","0.0445924797058105","30.5","3"
"3","3.66904446855187","0.0424593696594238","30.6000003814697","3"
"3","3.61906993202865","0.0400414543151855","30.7000007629395","3"
"3","3.56904906220734","0.0378748397827148","30.7999992370605","3"
"3","3.51902795955539","0.036099437713623","30.8999996185303","3"
"3","3.46905365586281","0.0341798820495605","31","3"
"3","3.41898598708212","0.0322388381958008","31.1000003814697","3"
"3","3.36905824951828","0.0303429660797119","31.2000007629395","3"
"3","3.31908371299505","0.0289423065185547","31.2999992370605","3"
"3","3.26906284317374","0.0269360675811768","31.3999996185303","3"
"3","3.21908830665052","0.0251831531524658","31.5","3"
"3","3.16902063786983","0.0236001644134521","31.6000003814697","3"
"3","3.11904633417726","0.0218075618743897","31.7000007629395","3"
"3","3.06897866539657","0.0205040645599365","31.7999992370605","3"
"3","3.01905092783272","0.0187942714691162","31.8999996185303","3"
"3","2.96902982518077","0.017506290435791","32","3"
"3","2.91910208761692","0.0162640018463135","32.0999984741211","3"
"3","2.86908121779561","0.0146147966384888","32.2000007629395","3"
"3","2.81901354901493","0.0136602439880371","32.2999992370605","3"
"3","2.76908557862043","0.0123840646743774","32.4000015258789","3"
"3","2.71897157654166","0.011172046661377","32.5","3"
"3","2.66904360614717","0.0102287311553955","32.5999984741211","3"
"3","2.61902273632586","0.00910201168060303","32.7000007629395","3"
"3","2.56904819980264","0.00800356101989746","32.7999992370605","3"
"3","2.51907389611006","0.00719788026809692","32.9000015258789","3"
"3","2.4690527934581","0.00571672821044922","33","3"
"3","2.41907848976552","0.00546566200256348","33.0999984741211","3"
"4","2.43281805887818","0.00619957304000854","33.2000007629395","4"
"4","2.48214043676853","0.00783440780639648","33.2999992370605","4"
"4","2.53220787271857","0.00962011909484863","33.4000015258789","4"
"4","2.5821824092418","0.0118383827209473","33.5","4"
"4","2.63220327906311","0.0137858734130859","33.5999984741211","4"
"4","2.68227094784379","0.0151092691421509","33.7000007629395","4"
"4","2.73215211927891","0.0172089138031006","33.7999992370605","4"
"4","2.78226635418832","0.0187490005493164","33.9000015258789","4"
"4","2.8322406578809","0.0207157306671143","34","4"
"4","2.88226176053286","0.0226203651428223","34.0999984741211","4"
"4","2.93223606422544","0.0245893898010254","34.2000007629395","4"
"4","2.98221060074866","0.0265879592895508","34.2999992370605","4"
"4","3.03223147056997","0.0283982009887695","34.4000015258789","4"
"4","3.08215944096446","0.0305952777862549","34.5","4"
"4","3.13227344304323","0.0323073120117187","34.5999984741211","4"
"4","3.18220141343772","0.0347058410644531","34.7000007629395","4"
"4","3.23226884938776","0.0366149787902832","34.7999992370605","4"
"4","3.28224338591099","0.0385789756774902","34.9000015258789","4"
"4","3.33221768960357","0.0402420845031738","35","4"
"4","3.38223879225552","0.0423605041503906","35.0999984741211","4"
"4","3.43216652981937","0.0449510612487793","35.2000007629395","4"
"4","3.48228076472878","0.0467587699890137","35.2999992370605","4"
"4","3.53225506842136","0.0491419906616211","35.4000015258789","4"
"4","3.58222960494459","0.0508794479370117","35.5","4"
"4","3.63229704089463","0.0528866195678711","35.5999984741211","4"
"4","3.68222501128912","0.0551287078857422","35.7000007629395","4"
"4","3.73224588111043","0.0567943916320801","35.7999992370605","4"
"4","3.78222041763365","0.0595340423583984","35.9000015258789","4"
"4","3.83224128745496","0.0613838310241699","36","4"
"4","3.88216925784945","0.0635347061157227","36.0999984741211","4"
"4","3.93228325992823","0.065676139831543","36.2000007629395","4"
"4","3.98225756362081","0.0678177337646484","36.2999992370605","4"
"4","4.03218576684594","0.0698956985473633","36.4000015258789","4"
"4","4.08229976892471","0.0720185775756836","36.5","4"
"4","4.13222750648856","0.0741296234130859","36.5999984741211","4"
"4","4.18224837630987","0.0761109085083008","36.7000007629395","4"
"4","4.23222314566374","0.0784812698364258","36.7999992370605","4"
"4","4.28224401548505","0.0804561309814453","36.9000015258789","4"
"4","4.33221831917763","0.0824138641357422","37","4"
"4","4.38223918899894","0.0847994995117188","37.0999984741211","4"
"4","4.43226052448153","0.0869107818603516","37.2000007629395","4"
"4","4.48223482817411","0.0890787887573242","37.2999992370605","4"
"4","4.53225569799542","0.0911568222045898","37.4000015258789","4"
"4","4.582230001688","0.0930350189208984","37.5","4"
"4","4.63220477104187","0.0952138824462891","37.5999984741211","4"
"4","4.68222564086318","0.0973127822875977","37.7000007629395","4"
"4","4.73219994455576","0.0997211074829102","37.7999992370605","4"
"4","4.7822673805058","0.101695762634277","37.9000015258789","4"
"4","4.83224214985967","0.103440284729004","38","4"
"4","4.88067930564284","0.105584548950195","38.0999984741211","4"
"4","4.82949428260326","0.102187713623047","38.2000007629395","4"
"4","4.77942638099194","0.0984655303955078","38.2999992370605","4"
"4","4.72940551117063","0.0949890213012695","38.4000015258789","4"
"4","4.67943120747805","0.0913791580200195","38.5","4"
"4","4.62931720539927","0.0883275909423828","38.5999984741211","4"
"4","4.57938900217414","0.0853674621582031","38.7000007629395","4"
"4","4.5293215662241","0.0823157196044922","38.7999992370605","4"
"4","4.47934726253152","0.0791610641479492","38.9000015258789","4"
"4","4.42932639271021","0.0764015884399414","39","4"
"4","4.37935162335634","0.0738978805541992","39.0999984741211","4"
"4","4.32933075353503","0.0709289321899414","39.2000007629395","4"
"4","4.27930988371372","0.0681282424926758","39.2999992370605","4"
"4","4.22938214614987","0.0655956268310547","39.4000015258789","4"
"4","4.17931424453855","0.0630725402832031","39.5","4"
"4","4.12933994084597","0.0606313400268555","39.5999984741211","4"
"4","4.07936563715339","0.0577483177185059","39.7000007629395","4"
"4","4.02934476733208","0.055844108581543","39.7999992370605","4"
"4","3.97936999797821","0.0531778411865234","39.9000015258789","4"
"4","3.9293491281569","0.0505101623535156","40","4"
"4","3.87932825833559","0.0487339859008789","40.0999984741211","4"
"4","3.82930715568364","0.0462043800354004","40.2000007629395","4"
"4","3.77937941811979","0.044356029510498","40.2999992370605","4"
"4","3.72935831546783","0.0418941459655762","40.4000015258789","4"
"4","3.67933721281588","0.0398015975952148","40.5","4"
"4","3.6293629091233","0.0376830558776855","40.5999984741211","4"
"4","3.57934180647135","0.0358298797607422","40.7000007629395","4"
"4","3.52936750277877","0.0336654891967773","40.7999992370605","4"
"4","3.47929983399808","0.0319033317565918","40.9000015258789","4"
"4","3.4293255303055","0.029566743850708","41","4"
"4","3.37935099378228","0.0283419876098633","41.0999984741211","4"
"4","3.32933012396097","0.0268611106872559","41.2000007629395","4"
"4","3.27940215356648","0.0246625308990479","41.2999992370605","4"
"4","3.22933471761644","0.0233328533172607","41.4000015258789","4"
"4","3.17936018109322","0.0214882717132568","41.5","4"
"4","3.12929274514318","0.0201458969116211","41.5999984741211","4"
"4","3.07931820861995","0.0186196823120117","41.7000007629395","4"
"4","3.02929733879864","0.017116189956665","41.7999992370605","4"
"4","2.97932280227542","0.0161275653839111","41.9000015258789","4"
"4","2.92939506471157","0.0145824728012085","42","4"
"4","2.87932739593089","0.0133177652359009","42.0999984741211","4"
"4","2.82935309223831","0.0119208869934082","42.2000007629395","4"
"4","2.77933198958635","0.0110248861312866","42.2999992370605","4"
"4","2.72931111976504","0.00998249912261963","42.4000015258789","4"
"4","2.67933658324182","0.00864693164825439","42.5","4"
"4","2.62931571342051","0.00765923309326172","42.5999984741211","4"
"4","2.57938774302602","0.00640757083892822","42.7000007629395","4"
"4","2.52932030707598","0.00621638965606689","42.7999992370605","4"
"5","2.48069642111659","0.00472011470794678","42.9000015258789","5"
"5","2.51888763159513","0.00659811401367187","43","5"
"5","2.56909476593137","0.00844272804260254","43.0999984741211","5"
"5","2.61920900084078","0.0101772327423096","43.2000007629395","5"
"5","2.66918353736401","0.0120928726196289","43.2999992370605","5"
"5","2.71925097331405","0.0140190029144287","43.4000015258789","5"
"5","2.76922550983727","0.0164002323150635","43.5","5"
"5","2.81919981352985","0.0178207778930664","43.5999984741211","5"
"5","2.86926748231053","0.0199118595123291","43.7000007629395","5"
"5","2.91919521987438","0.0217462940216064","43.7999992370605","5"
"5","2.96921632252634","0.023688627243042","43.9000015258789","5"
"5","3.01919062621891","0.0254437255859375","44","5"
"5","3.0692582949996","0.0272629432678223","44.0999984741211","5"
"5","3.11918603256345","0.0293200607299805","44.2000007629395","5"
"5","3.16925370134413","0.0316752948760986","44.2999992370605","5"
"5","3.21927457116544","0.0331406784057617","44.4000015258789","5"
"5","3.26920254155993","0.035374195098877","44.5","5"
"5","3.31931654363871","0.0374020462036133","44.5999984741211","5"
"5","3.36919794790447","0.0395242538452148","44.7000007629395","5"
"5","3.41921881772578","0.0413545455932617","44.7999992370605","5"
"5","3.46923992037773","0.0433180351257324","44.9000015258789","5"
"5","3.51921422407031","0.045656078338623","45","5"
"5","3.569281892851","0.047929328918457","45.0999984741211","5"
"5","3.61920963041484","0.0497590446472168","45.2000007629395","5"
"5","3.66932386532426","0.0519210891723633","45.2999992370605","5"
"5","3.71920503675938","0.0538176307678223","45.4000015258789","5"
"5","3.76927270554006","0.0559000358581543","45.5","5"
"5","3.81924700923264","0.058183666229248","45.5999984741211","5"
"5","3.86922154575586","0.0600270004272461","45.7000007629395","5"
"5","3.91924241557717","0.0619708290100098","45.7999992370605","5"
"5","3.96921671926975","0.0644444808959961","45.9000015258789","5"
"5","4.01928462088108","0.0666758422851562","46","5"
"5","4.06921235844493","0.0687868957519531","46.0999984741211","5"
"5","4.11923322826624","0.0708831405639648","46.2000007629395","5"
"5","4.16925409808755","0.0730270462036133","46.2999992370605","5"
"5","4.21918230131269","0.0748481292724609","46.4000015258789","5"
"5","4.26924973726273","0.0773547897338867","46.5","5"
"5","4.31922404095531","0.0795798721313477","46.5999984741211","5"
"5","4.36929147690535","0.0816490707397461","46.7000007629395","5"
"5","4.41917311400175","0.0839826583862305","46.7999992370605","5"
"5","4.46928711608052","0.0859592132568359","46.9000015258789","5"
"5","4.5192614197731","0.0881777648925781","47","5"
"5","4.56918915733695","0.0904684829711914","47.0999984741211","5"
"5","4.61925705894828","0.0925245971679688","47.2000007629395","5"
"5","4.66918479651213","0.094678466796875","47.2999992370605","5"
"5","4.7192987985909","0.0968861618041992","47.4000015258789","5"
"5","4.76922653615475","0.0989444808959961","47.5","5"
"5","4.81929443776608","0.100997383117676","47.5999984741211","5"
"5","4.86922217532992","0.102955558776855","47.7000007629395","5"
"5","4.91924304515123","0.105429214477539","47.7999992370605","5"
"5","4.88799158483744","0.102497024536133","47.9000015258789","5"
"5","4.8379241488874","0.0991143646240234","48","5"
"5","4.78776358067989","0.0960168762207031","48.0999984741211","5"
"5","4.73783537745476","0.0927565231323242","48.2000007629395","5"
"5","4.68776794150472","0.0894884796142578","48.2999992370605","5"
"5","4.63774707168341","0.0858525085449219","48.4000015258789","5"
"5","4.5877262018621","0.0832659530639649","48.5","5"
"5","4.53775143250823","0.0803682708740234","48.5999984741211","5"
"5","4.48777712881565","0.076954704284668","48.7000007629395","5"
"5","4.43770969286561","0.0740718307495117","48.7999992370605","5"
"5","4.38782852143049","0.071424690246582","48.9000015258789","5"
"5","4.33771405369043","0.0689873809814453","49","5"
"5","4.28773974999785","0.0658710098266602","49.0999984741211","5"
"5","4.23776544630527","0.063554615020752","49.2000007629395","5"
"5","4.18769754469395","0.0611043663024902","49.2999992370605","5"
"5","4.1377698071301","0.0582872886657715","49.4000015258789","5"
"5","4.08770237118006","0.0561896858215332","49.5","5"
"5","4.03777463361621","0.0538236312866211","49.5999984741211","5"
"5","3.98770673200488","0.0508277626037598","49.7000007629395","5"
"5","3.9377324283123","0.0488797035217285","49.7999992370605","5"
"5","3.88775812461972","0.0466098823547363","49.9000015258789","5"
"5","3.83773702196777","0.0444853858947754","50","5"
"5","3.78776271827519","0.0422676467895508","50.0999984741211","5"
"5","3.7376950494945","0.0406514396667481","50.2000007629395","5"
"5","3.68781387805939","0.0381651458740234","50.2999992370605","5"
"5","3.63769964314997","0.0365695953369141","50.4000015258789","5"
"5","3.58777190558612","0.0342691917419434","50.5","5"
"5","3.53775080293417","0.0325049514770508","50.5999984741211","5"
"5","3.48768336698413","0.030472770690918","50.7000007629395","5"
"5","3.43775539658964","0.0289376220703125","50.7999992370605","5"
"5","3.38773452676833","0.0267325305938721","50.9000015258789","5"
"5","3.33780655637383","0.0254541091918945","51","5"
"5","3.28773912042379","0.0233630924224854","51.0999984741211","5"
"5","3.2378111500293","0.0219073390960693","51.2000007629395","5"
"5","3.18769714795053","0.0204927177429199","51.2999992370605","5"
"5","3.13772261142731","0.0192455234527588","51.4000015258789","5"
"5","3.08774830773473","0.017693962097168","51.5","5"
"5","3.03768063895404","0.0162034339904785","51.5999984741211","5"
"5","2.98775290139019","0.0146656913757324","51.7000007629395","5"
"5","2.93773179873824","0.0138960628509521","51.7999992370605","5"
"5","2.88775749504566","0.0125396366119385","51.9000015258789","5"
"5","2.83773639239371","0.011029990196228","52","5"
"5","2.7877155225724","0.0101173992156982","52.0999984741211","5"
"5","2.73774098604918","0.00903889083862305","52.2000007629395","5"
"5","2.68767355009913","0.00791024684906006","52.2999992370605","5"
"5","2.63774557970464","0.00679949951171875","52.4000015258789","5"
"5","2.58772470988333","0.00592908668518066","52.5","5"
"5","2.53775017336011","0.0052860951423645","52.5999984741211","5"
"6","2.55102408118546","0.00591106796264648","52.7000007629395","6"
"6","2.60020652785897","0.00783766746520996","52.7999992370605","6"
"6","2.65027419663966","0.0100390777587891","52.9000015258789","6"
"6","2.70024850033224","0.0114932136535645","53","6"
"6","2.75036273524165","0.0134460496902466","53.0999984741211","6"
"6","2.80033727176487","0.0154765529632568","53.2000007629395","6"
"6","2.85031157545745","0.0171617164611816","53.2999992370605","6"
"6","2.90037924423814","0.019301326751709","53.4000015258789","6"
"6","2.95030698180199","0.0213367347717285","53.5","6"
"6","3.00037465058267","0.0229137077331543","53.5999984741211","6"
"6","3.05025582201779","0.0247897396087646","53.7000007629395","6"
"6","3.1003700569272","0.0269932022094727","53.7999992370605","6"
"6","3.15034436061978","0.02899782371521","53.9000015258789","6"
"6","3.20031889714301","0.0309066772460938","54","6"
"6","3.25038633309305","0.0328156700134277","54.0999984741211","6"
"6","3.30031430348754","0.0346926689147949","54.2000007629395","6"
"6","3.35038173943758","0.0369602699279785","54.2999992370605","6"
"6","3.40030970983207","0.0387920341491699","54.4000015258789","6"
"6","3.45037714578211","0.0405604019165039","54.5","6"
"6","3.50030511617661","0.042766544342041","54.5999984741211","6"
"6","3.55037255212665","0.0448525733947754","54.7000007629395","6"
"6","3.6003936547786","0.0467686386108398","54.7999992370605","6"
"6","3.65027482621372","0.0488906669616699","54.9000015258789","6"
"6","3.70038906112313","0.0509737663269043","55","6"
"6","3.75031679868698","0.0530691566467285","55.0999984741211","6"
"6","3.80038446746767","0.0551228981018066","55.2000007629395","6"
"6","3.85031220503151","0.0572599220275879","55.2999992370605","6"
"6","3.90033330768347","0.0591027526855469","55.4000015258789","6"
"6","3.95035417750478","0.0617658843994141","55.5","6"
"6","4.00032848119736","0.0638238677978516","55.5999984741211","6"
"6","4.05039638280869","0.0662736358642578","55.7000007629395","6"
"6","4.10032412037253","0.0684435577392578","55.7999992370605","6"
"6","4.15034499019384","0.0705438003540039","55.9000015258789","6"
"6","4.20031929388642","0.0725544128417969","56","6"
"6","4.25034062936902","0.0749074554443359","56.0999984741211","6"
"6","4.30036149919033","0.0766900177001953","56.2000007629395","6"
"6","4.35028923675418","0.0787210235595703","56.2999992370605","6"
"6","4.40040323883295","0.0811918258666992","56.4000015258789","6"
"6","4.45028487592936","0.0831687698364258","56.5","6"
"6","4.5003523118794","0.0852759399414063","56.5999984741211","6"
"6","4.55032661557198","0.0877682495117188","56.7000007629395","6"
"6","4.60030091926455","0.0902012252807617","56.7999992370605","6"
"6","4.65032225474715","0.0921701202392578","56.9000015258789","6"
"6","4.70034312456846","0.0942287673950195","57","6"
"6","4.7504105605185","0.0959390563964844","57.0999984741211","6"
"6","4.80029173195362","0.0988102188110352","57.2000007629395","6"
"6","4.85035963356495","0.100532737731934","57.2999992370605","6"
"6","4.90033393725753","0.102583076477051","57.4000015258789","6"
"6","4.95030824095011","0.104513092041016","57.5","6"
"6","4.92427311837673","0.102159797668457","57.5999984741211","6"
"6","4.87397285178304","0.0992671890258789","57.7000007629395","6"
"6","4.82390495017171","0.0955483322143555","57.7999992370605","6"
"6","4.77393064647913","0.0921026229858398","57.9000015258789","6"
"6","4.72381664440036","0.0889794311523437","58","6"
"6","4.67388890683651","0.0860649642944336","58.0999984741211","6"
"6","4.62382100522518","0.0827386016845703","58.2000007629395","6"
"6","4.5738467015326","0.0800475463867188","58.2999992370605","6"
"6","4.52382583171129","0.0767663726806641","58.4000015258789","6"
"6","4.47385152801871","0.0738848190307617","58.5","6"
"6","4.42387675866485","0.0716183242797852","58.5999984741211","6"
"6","4.37385588884354","0.0690623397827149","58.7000007629395","6"
"6","4.32383501902223","0.0663962020874024","58.7999992370605","6"
"6","4.27381414920092","0.0635832443237305","58.9000015258789","6"
"6","4.22383937984705","0.0610979652404785","59","6"
"6","4.17381851002574","0.0586733932495117","59.0999984741211","6"
"6","4.12384420633316","0.0555427551269531","59.2000007629395","6"
"6","4.07386990264058","0.0535202903747559","59.2999992370605","6"
"6","4.02380200102925","0.0513008003234863","59.4000015258789","6"
"6","3.9738742634654","0.0490411567687988","59.5","6"
"6","3.92385339364409","0.0463109970092773","59.5999984741211","6"
"6","3.87378572486341","0.0447148170471191","59.7000007629395","6"
"6","3.82385798729956","0.0423517074584961","59.7999992370605","6"
"6","3.77383688464761","0.0401954956054687","59.9000015258789","6"
"6","3.72386258095503","0.0383514518737793","60","6"
"6","3.67384147830307","0.0361149520874023","60.0999984741211","6"
"6","3.62391374073923","0.0344557685852051","60.2000007629395","6"
"6","3.57384607195854","0.0324336853027344","60.2999992370605","6"
"6","3.52382520213723","0.0302556228637695","60.4000015258789","6"
"6","3.47385066561401","0.0287640171051025","60.5","6"
"6","3.42378322966397","0.0262193126678467","60.5999984741211","6"
"6","3.37385525926948","0.0251796035766602","60.7000007629395","6"
"6","3.32383438944817","0.0236274490356445","60.7999992370605","6"
"6","3.27390641905367","0.022135181427002","60.9000015258789","6"
"6","3.22383898310363","0.0205766792297363","61","6"
"6","3.17381788045168","0.0191848640441895","61.0999984741211","6"
"6","3.1238435767591","0.0173190727233887","61.2000007629395","6"
"6","3.07377590797842","0.0157762031555176","61.2999992370605","6"
"6","3.02384817041457","0.0146482772827148","61.4000015258789","6"
"6","2.97378050163388","0.0133092002868652","61.5","6"
"6","2.92389933019876","0.0121503820419312","61.5999984741211","6"
"6","2.87383166141808","0.0109791202545166","61.7000007629395","6"
"6","2.8238573577255","0.00966924667358398","61.7999992370605","6"
"6","2.77388282120228","0.00846027565002441","61.9000015258789","6"
"6","2.72376881912351","0.00766701173782349","62","6"
"6","2.67384084872901","0.00660999393463135","62.0999984741211","6"
"6","2.6238199789077","0.00555545711517334","62.2000007629395","6"
"7","2.58180964738131","0.00481086301803589","62.2999992370605","7"
"7","2.61771865189075","0.00611288547515869","62.4000015258789","7"
"7","2.66801915131509","0.00834670352935791","62.5","7"
"7","2.71813315339386","0.0101618595123291","62.5999984741211","7"
"7","2.76810768991709","0.0121164789199829","62.7000007629395","7"
"7","2.8181285597384","0.0142055215835571","62.7999992370605","7"
"7","2.86819622851908","0.0163307704925537","62.9000015258789","7"
"7","2.91812396608293","0.0177493553161621","63","7"
"7","2.96814506873488","0.019417200088501","63.0999984741211","7"
"7","3.01811937242746","0.0216567268371582","63.2000007629395","7"
"7","3.06814047507942","0.0238108596801758","63.2999992370605","7"
"7","3.11806821264327","0.0257066040039063","63.4000015258789","7"
"7","3.16818244755268","0.027840913772583","63.5","7"
"7","3.21820331737399","0.0294340896606445","63.5999984741211","7"
"7","3.26808472163975","0.0314422588348389","63.7000007629395","7"
"7","3.31819872371852","0.0335933265686035","63.7999992370605","7"
"7","3.36808012798429","0.0356550674438477","63.9000015258789","7"
"7","3.41814756393433","0.0375915107727051","64","7"
"7","3.46812210045755","0.039427906036377","64.0999984741211","7"
"7","3.51814297027886","0.0415356330871582","64.1999969482422","7"
"7","3.56816407293081","0.0437321586608887","64.3000030517578","7"
"7","3.61813837662339","0.0459700927734375","64.4000015258789","7"
"7","3.66820604540408","0.0478841743469238","64.5","7"
"7","3.71808721683919","0.0499325408935547","64.5999984741211","7"
"7","3.76815488561988","0.0518712043762207","64.6999969482422","7"
"7","3.81812918931246","0.0538647346496582","64.8000030517578","7"
"7","3.86810372583568","0.0559715919494629","64.9000015258789","7"
"7","3.91817139461637","0.0580503082275391","65","7"
"7","3.96809913218021","0.0605307540893555","65.0999984741211","7"
"7","4.01821313425899","0.0625535774230957","65.1999969482422","7"
"7","4.0680943056941","0.0648484039306641","65.3000030517578","7"
"7","4.11816220730543","0.0672274551391602","65.4000015258789","7"
"7","4.16813651099801","0.0692225570678711","65.5","7"
"7","4.21811081469059","0.0711075973510742","65.5999984741211","7"
"7","4.2681316845119","0.0735272827148438","65.6999969482422","7"
"7","4.31810645386577","0.0755310821533203","65.8000030517578","7"
"7","4.36822045594454","0.0778024673461914","65.9000015258789","7"
"7","4.41805506125093","0.079776611328125","66","7"
"7","4.4681690633297","0.0819736404418945","66.0999984741211","7"
"7","4.51814383268356","0.0842638397216797","66.1999969482422","7"
"7","4.56811813637614","0.0865718231201172","66.3000030517578","7"
"7","4.61818557232618","0.0885717697143555","66.4000015258789","7"
"7","4.6680667437613","0.0907663650512695","66.5","7"
"7","4.71818121150136","0.093176399230957","66.5999984741211","7"
"7","4.76810894906521","0.0949665451049805","66.6999969482422","7"
"7","4.81817638501525","0.0972978973388672","66.8000030517578","7"
"7","4.8681041225791","0.0998275985717774","66.9000015258789","7"
"7","4.9181254580617","0.101585121154785","67","7"
"7","4.96814632788301","0.103893371582031","67.0999984741211","7"
"7","4.97788051143289","0.104270347595215","67.1999969482422","7"
"7","4.92944288998842","0.100149208068848","67.3000030517578","7"
"7","4.87932888790965","0.0967786026000977","67.4000015258789","7"
"7","4.82930801808834","0.0933193817138672","67.5","7"
"7","4.77928668260574","0.0901170501708984","67.5999984741211","7"
"7","4.72926581278443","0.0870989456176758","67.6999969482422","7"
"7","4.67929150909185","0.0839900741577148","67.8000030517578","7"
"7","4.6291770413518","0.0810685501098633","67.9000015258789","7"
"7","4.57924930378795","0.0782123947143555","68","7"
"7","4.52922843396664","0.0753192749023437","68.0999984741211","7"
"7","4.47925413027406","0.0725910873413086","68.1999969482422","7"
"7","4.42923279479146","0.0698751525878906","68.3000030517578","7"
"7","4.37925849109888","0.0669894409179688","68.4000015258789","7"
"7","4.32923762127757","0.0644343795776367","68.5","7"
"7","4.27921675145626","0.061867301940918","68.5999984741211","7"
"7","4.22928901389241","0.0588908042907715","68.6999969482422","7"
"7","4.17917454615235","0.0567638130187988","68.8000030517578","7"
"7","4.1292468085885","0.0541361846923828","68.9000015258789","7"
"7","4.07927250489593","0.0517891998291016","69","7"
"7","4.02925116941333","0.0494212684631348","69.0999984741211","7"
"7","3.97923029959202","0.0473439865112305","69.1999969482422","7"
"7","3.92925599589944","0.0448103218078613","69.3000030517578","7"
"7","3.87923489324749","0.0429046897888184","69.4000015258789","7"
"7","3.82921402342618","0.0410591926574707","69.5","7"
"7","3.77928605303168","0.0389551544189453","69.5999984741211","7"
"7","3.72926518321037","0.0368807258605957","69.6999969482422","7"
"7","3.67924408055842","0.0348003120422363","69.8000030517578","7"
"7","3.62926977686584","0.0328634796142578","69.9000015258789","7"
"7","3.57924867421389","0.0315879917144775","70","7"
"7","3.52922780439258","0.0294397888183594","70.0999984741211","7"
"7","3.47920670174062","0.0274685516357422","70.1999969482422","7"
"7","3.42923239804804","0.0261146354675293","70.3000030517578","7"
"7","3.37925786152482","0.0240352153778076","70.4000015258789","7"
"7","3.32923699170351","0.0226897201538086","70.5","7"
"7","3.27930902130902","0.0208611850738525","70.5999984741211","7"
"7","3.22924158535898","0.0197397060394287","70.6999969482422","7"
"7","3.17922048270702","0.0180615844726562","70.8000030517578","7"
"7","3.12919961288571","0.0166513500213623","70.9000015258789","7"
"7","3.07922507636249","0.0154942035675049","71","7"
"7","3.02920420654118","0.0139407453536987","71.0999984741211","7"
"7","2.97922967001796","0.0129209032058716","71.1999969482422","7"
"7","2.92930193245411","0.01114524269104","71.3000030517578","7"
"7","2.87923426367342","0.0105249490737915","71.4000015258789","7"
"7","2.82925995998085","0.00937475872039795","71.5","7"
"7","2.77923885732889","0.00856870269775391","71.5999984741211","7"
"7","2.72921798750758","0.00700375318527222","71.6999969482422","7"
"7","2.67924345098436","0.0061619553565979","71.8000030517578","7"
"7","2.62922258116305","0.00512135410308838","71.9000015258789","7"
"8","2.62605538591743","0.00585098218917847","72","8"
"8","2.67602992244065","0.00756897449493408","72.0999984741211","8"
"8","2.72605079226196","0.00949718379974365","72.1999969482422","8"
"8","2.77611846104264","0.0109658079147339","72.3000030517578","8"
"8","2.82609276473522","0.0130568151473999","72.4000015258789","8"
"8","2.87616043351591","0.0150619621276855","72.5","8"
"8","2.92608817107975","0.0170826358795166","72.5999984741211","8"
"8","2.97610927373171","0.0185414581298828","72.6999969482422","8"
"8","3.02613014355302","0.0207758045196533","72.8000030517578","8"
"8","3.07605811394751","0.0223672027587891","72.9000015258789","8"
"8","3.12617211602628","0.0244011344909668","73","8"
"8","3.17610008642077","0.026711275100708","73.0999984741211","8"
"8","3.22621432133019","0.0286588726043701","73.1999969482422","8"
"8","3.27609549276531","0.0304517154693604","73.3000030517578","8"
"8","3.32616316154599","0.032632137298584","73.4000015258789","8"
"8","3.37613746523857","0.034957649230957","73.5","8"
"8","3.42606520280242","0.036787181854248","73.5999984741211","8"
"8","3.47617943771183","0.038599365234375","73.6999969482422","8"
"8","3.52610717527568","0.0406706085205078","73.8000030517578","8"
"8","3.57617484405637","0.0423498268127441","73.9000015258789","8"
"8","3.62614938057959","0.0449275321960449","74","8"
"8","3.67621681652963","0.0469678115844727","74.0999984741211","8"
"8","3.72614478692412","0.0491585388183594","74.1999969482422","8"
"8","3.7761190906167","0.0511552238464355","74.3000030517578","8"
"8","3.82618675939739","0.0530527839660645","74.4000015258789","8"
"8","3.87606793083251","0.0552221031188965","74.5","8"
"8","3.92618216574192","0.0573863296508789","74.5999984741211","8"
"8","3.97610990330577","0.0592839241027832","74.6999969482422","8"
"8","4.02617733925581","0.0613210525512695","74.8000030517578","8"
"8","4.07615210860968","0.0636702613830566","74.9000015258789","8"
"8","4.12612641230226","0.0661056137084961","75","8"
"8","4.17614728212357","0.0677760162353516","75.0999984741211","8"
"8","4.22607501968741","0.0700074005126953","75.1999969482422","8"
"8","4.27614292129874","0.0723536148071289","75.3000030517578","8"
"8","4.32611722499132","0.0749052352905273","75.4000015258789","8"
"8","4.37618466094136","0.0763838043212891","75.5","8"
"8","4.42615896463394","0.0790754470825195","75.5999984741211","8"
"8","4.47613373398781","0.0812062606811523","75.6999969482422","8"
"8","4.52615460380912","0.0836137619018555","75.8000030517578","8"
"8","4.57608234137297","0.0857008438110352","75.9000015258789","8"
"8","4.62614977732301","0.087573486328125","76","8"
"8","4.67612454667687","0.0902596893310547","76.0999984741211","8"
"8","4.72614541649818","0.0920783920288086","76.1999969482422","8"
"8","4.77621285244823","0.0940448150634766","76.3000030517578","8"
"8","4.82614059001207","0.0966669311523437","76.4000015258789","8"
"8","4.87616192549467","0.0986841812133789","76.5","8"
"8","4.92608966305852","0.101002014160156","76.5999984741211","8"
"8","4.97615709900856","0.103055778503418","76.6999969482422","8"
"8","5.02384919673204","0.105241325378418","76.8000030517578","8"
"8","4.97173238545656","0.10170922088623","76.9000015258789","8"
"8","4.92175808176398","0.0982400588989258","77","8"
"8","4.87173721194267","0.0948900756835938","77.0999984741211","8"
"8","4.82166977599263","0.0911615524291992","77.1999969482422","8"
"8","4.7717415727675","0.088260124206543","77.3000030517578","8"
"8","4.72162757068872","0.0853190994262695","77.4000015258789","8"
"8","4.67165326699615","0.0822333602905273","77.5","8"
"8","4.62163239717484","0.0793930053710938","77.5999984741211","8"
"8","4.57165762782097","0.0764152526855469","77.6999969482422","8"
"8","4.52168332412839","0.0734722366333008","77.8000030517578","8"
"8","4.47161588817835","0.0704974212646484","77.9000015258789","8"
"8","4.4216881506145","0.0677581329345703","78","8"
"8","4.37162024900317","0.0652070617675781","78.0999984741211","8"
"8","4.32164594531059","0.0624999618530273","78.1999969482422","8"
"8","4.27162507548928","0.060117847442627","78.3000030517578","8"
"8","4.22160420566797","0.0578810615539551","78.4000015258789","8"
"8","4.17162943631411","0.0548947372436523","78.5","8"
"8","4.12165513262153","0.0527525901794434","78.5999984741211","8"
"8","4.07168082892895","0.050359302520752","78.6999969482422","8"
"8","4.02161339297891","0.0481698875427246","78.8000030517578","8"
"8","3.97163862362504","0.0460688095092773","78.9000015258789","8"
"8","3.92161775380373","0.0434277038574219","79","8"
"8","3.87159688398242","0.0414305191040039","79.0999984741211","8"
"8","3.82166891358793","0.0392333335876465","79.1999969482422","8"
"8","3.77164804376662","0.0371338386535645","79.3000030517578","8"
"8","3.72167350724339","0.0352534294128418","79.4000015258789","8"
"8","3.67165263742208","0.0331578483581543","79.5","8"
"8","3.62167810089886","0.0315407047271729","79.5999984741211","8"
"8","3.57165723107755","0.0300047283172607","79.6999969482422","8"
"8","3.52158956229687","0.028220682144165","79.8000030517578","8"
"8","3.47166182473302","0.026078239440918","79.9000015258789","8"
"8","3.42159415595233","0.0244922657012939","80","8"
"8","3.37166641838849","0.0230041542053223","80.0999984741211","8"
"8","3.32164531573653","0.021563383102417","80.1999969482422","8"
"8","3.27167101204395","0.0203819961547852","80.3000030517578","8"
"8","3.221649909392","0.0185828666687012","80.4000015258789","8"
"8","3.17162880674005","0.0171482105255127","80.5","8"
"8","3.12165450304747","0.0158158855438232","80.5999984741211","8"
"8","3.07158683426678","0.0144461507797241","80.6999969482422","8"
"8","3.02165909670293","0.0130390644073486","80.8000030517578","8"
"8","2.97159142792225","0.0117933216094971","80.9000015258789","8"
"8","2.9216636903584","0.0106220331192017","81","8"
"8","2.87164258770645","0.00971221542358399","81.0999984741211","8"
"8","2.82162171788514","0.00830416011810303","81.1999969482422","8"
"8","2.77169398032129","0.00752039384841919","81.3000030517578","8"
"8","2.72157974541187","0.00639020442962646","81.4000015258789","8"
"8","2.67165177501738","0.00571081304550171","81.5","8"
"9","2.64715380035341","0.00529952907562256","81.5999984741211","9"
"9","2.69927061162889","0.00714864253997803","81.6999969482422","9"
"9","2.74938461370766","0.00913051891326904","81.8000030517578","9"
"9","2.79940571635962","0.0109422521591187","81.9000015258789","9"
"9","2.84942658618093","0.0126516370773315","82","9"
"9","2.89944768883288","0.0144982709884644","82.0999984741211","9"
"9","2.94937542639673","0.0165468578338623","82.1999969482422","9"
"9","2.99948966130614","0.0184404449462891","82.3000030517578","9"
"9","3.04937083274126","0.0201913795471191","82.4000015258789","9"
"9","3.09943850152194","0.0218719825744629","82.5","9"
"9","3.14941280521452","0.0242855052947998","82.5999984741211","9"
"9","3.19943390786648","0.0264512882232666","82.6999969482422","9"
"9","3.24950134381652","0.028412036895752","82.8000030517578","9"
"9","3.29942931421101","0.0302907638549805","82.9000015258789","9"
"9","3.34945018403232","0.0322884140014648","83","9"
"9","3.39937815442681","0.0342554893493652","83.0999984741211","9"
"9","3.44949215650558","0.0361698379516602","83.1999969482422","9"
"9","3.49937356077135","0.0381913528442383","83.3000030517578","9"
"9","3.54948756285012","0.0402758636474609","83.4000015258789","9"
"9","3.59946209937334","0.0422928047180176","83.5","9"
"9","3.64938983693719","0.0443893394470215","83.5999984741211","9"
"9","3.69945750571787","0.0460800704956055","83.6999969482422","9"
"9","3.74938524328172","0.0485606307983398","83.8000030517578","9"
"9","3.79945291206241","0.0504299774169922","83.9000015258789","9"
"9","3.84942721575499","0.0524227867126465","84","9"
"9","3.89944831840694","0.0547573661804199","84.0999984741211","9"
"9","3.94942285493016","0.0567073402404785","84.1999969482422","9"
"9","3.99939715862274","0.059031623840332","84.3000030517578","9"
"9","4.04946459457278","0.0612669219970703","84.4000015258789","9"
"9","4.09939233213663","0.0635687408447266","84.5","9"
"9","4.14946023374796","0.0656407470703125","84.5999984741211","9"
"9","4.19943453744054","0.0678826751708984","84.6999969482422","9"
"9","4.24945540726185","0.0699789047241211","84.8000030517578","9"
"9","4.29943017661572","0.07239404296875","84.9000015258789","9"
"9","4.34940448030829","0.0744064865112305","85","9"
"9","4.39951848238707","0.0763886413574219","85.0999984741211","9"
"9","4.44939965382218","0.0788939208984375","85.1999969482422","9"
"9","4.49946755543351","0.0809759750366211","85.3000030517578","9"
"9","4.54944185912609","0.0834875259399414","85.4000015258789","9"
"9","4.59941616281867","0.0853825988769531","85.5","9"
"9","4.64943703263998","0.0876239166259766","85.5999984741211","9"
"9","4.69941180199385","0.089701416015625","85.6999969482422","9"
"9","4.74947923794389","0.0917491302490234","85.8000030517578","9"
"9","4.79936040937901","0.0940900802612305","85.9000015258789","9"
"9","4.84947441145778","0.096388427734375","86","9"
"9","4.89944918081164","0.0984099655151367","86.0999984741211","9"
"9","4.94942348450422","0.100558265686035","86.1999969482422","9"
"9","4.99944435432553","0.103251251220703","86.3000030517578","9"
"9","5.04941865801811","0.105245254516602","86.4000015258789","9"
"9","5.01607125625014","0.102491485595703","86.5","9"
"9","4.96609695255756","0.0991674575805664","86.5999984741211","9"
"9","4.91602951660752","0.0955926818847656","86.6999969482422","9"
"9","4.86600864678621","0.0924132690429687","86.8000030517578","9"
"9","4.81594074517488","0.089400634765625","86.9000015258789","9"
"9","4.76601300761104","0.0860589904785156","87","9"
"9","4.715945571661","0.0831905288696289","87.0999984741211","9"
"9","4.66592470183969","0.0799446868896484","87.1999969482422","9"
"9","4.61599649861455","0.0771386337280273","87.3000030517578","9"
"9","4.56592906266451","0.0739658355712891","87.4000015258789","9"
"9","4.51595475897193","0.0714237594604492","87.5","9"
"9","4.46593388915062","0.0686875610351562","87.5999984741211","9"
"9","4.41595911979675","0.0658648223876953","87.6999969482422","9"
"9","4.36593824997544","0.0635879745483399","87.8000030517578","9"
"9","4.31591738015413","0.0609667358398438","87.9000015258789","9"
"9","4.26594307646155","0.0585456581115723","88","9"
"9","4.21587517485023","0.0559546775817871","88.0999984741211","9"
"9","4.16599400341511","0.0532124099731445","88.1999969482422","9"
"9","4.11592656746507","0.0511098327636719","88.3000030517578","9"
"9","4.06595226377249","0.0489813079833984","88.4000015258789","9"
"9","4.01593092828989","0.0467179374694824","88.5","9"
"9","3.96595662459731","0.0445657424926758","88.5999984741211","9"
"9","3.91598232090473","0.0425887756347656","88.6999969482422","9"
"9","3.86586808599532","0.0400885925292969","88.8000030517578","9"
"9","3.8159869145602","0.038226245880127","88.9000015258789","9"
"9","3.76591924577951","0.035567195892334","89","9"
"9","3.71594494208694","0.0338764801025391","89.0999984741211","9"
"9","3.66597040556371","0.032050724029541","89.1999969482422","9"
"9","3.61599610187113","0.0307037887573242","89.3000030517578","9"
"9","3.56597499921918","0.0287054119110107","89.4000015258789","9"
"9","3.51590756326914","0.027152853012085","89.5","9"
"9","3.46597959287465","0.0251939811706543","89.5999984741211","9"
"9","3.41586559079587","0.0237321662902832","89.6999969482422","9"
"9","3.36598418653011","0.0219585971832275","89.8000030517578","9"
"9","3.3159633167088","0.0199595642089844","89.9000015258789","9"
"9","3.26594221405685","0.0189186058044434","90","9"
"9","3.21596791036427","0.0173074626922607","90.0999984741211","9"
"9","3.16594680771232","0.0160846900939941","90.1999969482422","9"
"9","3.11592593789101","0.0146182355880737","90.3000030517578","9"
"9","3.06585826911032","0.013326210975647","90.4000015258789","9"
"9","3.0159770976752","0.0120764760971069","90.5","9"
"9","2.96595599502325","0.0113264427185059","90.5999984741211","9"
"9","2.91593512520194","0.00980959606170654","90.6999969482422","9"
"9","2.86596058867872","0.00851672554016113","90.8000030517578","9"
"9","2.81593971885741","0.00764238309860229","90.9000015258789","9"
"9","2.76596518233418","0.00682703733444214","91","9"
"9","2.71589774638414","0.00570202589035034","91.0999984741211","9"
"9","2.66596977598965","0.00482325458526611","91.1999969482422","9"
"10","2.68655573017895","0.00590825128555298","91.3000030517578","10"
"10","2.73629720322788","0.0076635913848877","91.4000015258789","10"
"10","2.78641143813729","0.00978889083862305","91.5","10"
"10","2.8364323079586","0.0112617483139038","91.5999984741211","10"
"10","2.88640684448183","0.0126948871612549","91.6999969482422","10"
"10","2.93647428043187","0.015356164932251","91.8000030517578","10"
"10","2.98640225082636","0.0168449535369873","91.9000015258789","10"
"10","3.03642312064767","0.0188444232940674","92","10"
"10","3.08639765717089","0.0209969081878662","92.0999984741211","10"
"10","3.13646509312093","0.0228288097381592","92.1999969482422","10"
"10","3.18643962964416","0.0247054805755615","92.3000030517578","10"
"10","3.23646049946547","0.026362585067749","92.4000015258789","10"
"10","3.28648160211742","0.0287328834533691","92.5","10"
"10","3.33640933968127","0.0306993598937988","92.5999984741211","10"
"10","3.38643044233322","0.0326383743286133","92.6999969482422","10"
"10","3.4364047460258","0.034548023223877","92.8000030517578","10"
"10","3.48642584867775","0.037202465057373","92.9000015258789","10"
"10","3.53644671849906","0.0388672256469727","93","10"
"10","3.58642125502229","0.0406699676513672","93.0999984741211","10"
"10","3.63648869097233","0.0427370071411133","93.1999969482422","10"
"10","3.68641666136682","0.0449577140808105","93.3000030517578","10"
"10","3.73643753118813","0.0468934288024902","93.4000015258789","10"
"10","3.78645863384008","0.0490159034729004","93.5","10"
"10","3.83643293753266","0.0506854820251465","93.5999984741211","10"
"10","3.88645404018462","0.0533324089050293","93.6999969482422","10"
"10","3.93642857670784","0.054863166809082","93.8000030517578","10"
"10","3.98644944652915","0.057303050994873","93.9000015258789","10"
"10","4.036377184093","0.0595988349914551","94","10"
"10","4.08649165183306","0.0619870643615723","94.0999984741211","10"
"10","4.13646595552564","0.0637561416625977","94.1999969482422","10"
"10","4.18639369308949","0.066342041015625","94.3000030517578","10"
"10","4.23646112903953","0.0684867172241211","94.4000015258789","10"
"10","4.28638886660337","0.070189338684082","94.5","10"
"10","4.3364567682147","0.0726886444091797","94.5999984741211","10"
"10","4.38643107190728","0.0752939453125","94.6999969482422","10"
"10","4.43645194172859","0.0766224136352539","94.8000030517578","10"
"10","4.48642671108246","0.0789091415405273","94.9000015258789","10"
"10","4.53644758090377","0.0812969131469727","95","10"
"10","4.58646845072508","0.0838529739379883","95.0999984741211","10"
"10","4.63639618828893","0.0855100631713867","95.1999969482422","10"
"10","4.68646408990026","0.0880643005371094","95.3000030517578","10"
"10","4.73643839359283","0.0903301010131836","95.4000015258789","10"
"10","4.78645926341414","0.0925544281005859","95.5","10"
"10","4.83643356710672","0.0946366424560547","95.5999984741211","10"
"10","4.88645490258932","0.0971351318359375","95.6999969482422","10"
"10","4.93647577241063","0.0989205093383789","95.8000030517578","10"
"10","4.98640350997448","0.100865173339844","95.9000015258789","10"
"10","5.03647094592452","0.103202011108398","96","10"
"10","5.07922656834126","0.105416381835938","96.0999984741211","10"
"10","5.02520008012652","0.10136555480957","96.1999969482422","10"
"10","4.97499294579029","0.0974117050170898","96.3000030517578","10"
"10","4.92501817643642","0.0942954406738281","96.4000015258789","10"
"10","4.87495074048638","0.0913535232543945","96.5","10"
"10","4.8249764367938","0.0882975082397461","96.5999984741211","10"
"10","4.77500213310122","0.0853978805541992","96.6999969482422","10"
"10","4.7249342314899","0.0816578598022461","96.8000030517578","10"
"10","4.67495992779732","0.0791069717407227","96.9000015258789","10"
"10","4.62493905797601","0.0761789321899414","97","10"
"10","4.57496475428343","0.073408073425293","97.0999984741211","10"
"10","4.52494341880083","0.0702668075561523","97.1999969482422","10"
"10","4.47492254897952","0.0679023666381836","97.3000030517578","10"
"10","4.42499481141567","0.0650403671264648","97.4000015258789","10"
"10","4.37492737546563","0.0628217964172363","97.5","10"
"10","4.32495260611176","0.0597192611694336","97.5999984741211","10"
"10","4.27493173629045","0.0580028610229492","97.6999969482422","10"
"10","4.22495743259788","0.0552712059020996","97.8000030517578","10"
"10","4.17488999664783","0.0530516700744629","97.9000015258789","10"
"10","4.1249617934227","0.0502778701782227","98","10"
"10","4.07498748973012","0.047894702911377","98.0999984741211","10"
"10","4.02492005378008","0.0457035179138184","98.1999969482422","10"
"10","3.9749457500875","0.0436026420593262","98.3000030517578","10"
"10","3.9249244146049","0.0417783432006836","98.4000015258789","10"
"10","3.87490354478359","0.0392453880310059","98.5","10"
"10","3.82492924109101","0.0376489944458008","98.5999984741211","10"
"10","3.77495470456779","0.035673583984375","98.6999969482422","10"
"10","3.72498040087521","0.0335603828430176","98.8000030517578","10"
"10","3.67495929822326","0.0316578826904297","98.9000015258789","10"
"10","3.62498499453068","0.0299606094360352","99","10"
"10","3.57491732574999","0.0282955875396729","99.0999984741211","10"
"10","3.52489645592868","0.0264326019287109","99.1999969482422","10"
"10","3.47496848553419","0.0246406650543213","99.3000030517578","10"
"10","3.42490104958415","0.0230106315612793","99.4000015258789","10"
"10","3.37497307918966","0.0216644763946533","99.5","10"
"10","3.32495220936835","0.0197501945495605","99.5999984741211","10"
"10","3.27502423897386","0.0187165584564209","99.6999969482422","10"
"10","3.22495680302382","0.0174311275482178","99.8000030517578","10"
"10","3.17493570037186","0.0155840253829956","99.9000015258789","10"
"10","3.12491483055055","0.0142282800674438","100","10"
"10","3.0748937278986","0.0130894346237183","100.099998474121","10"
"10","3.02496599033475","0.01221080493927","100.199996948242","10"
"10","2.97489832155406","0.0110136003494263","100.300003051758","10"
"10","2.92501715011895","0.00954237842559814","100.400001525879","10"
"10","2.87490291520953","0.0089554967880249","100.5","10"
"10","2.82497517764568","0.00758142471313477","100.599998474121","10"
"10","2.77495407499373","0.00624185991287231","100.699996948242","10"
"10","2.72488640621305","0.00556506681442261","100.800003051758","10"
"11","2.70313629880548","0.00523370933532715","100.900001525879","11"
"11","2.75534624233842","0.00756830549240112","101","11"
"11","2.80536711215973","0.00904300785064697","101.099998474121","11"
"11","2.85538821481168","0.0112925891876221","101.199996948242","11"
"11","2.9055024497211","0.012792727470398","101.300003051758","11"
"11","2.95538362115622","0.0147552909851074","101.400001525879","11"
"11","3.0054512899369","0.0165192337036133","101.5","11"
"11","3.05537902750075","0.0186109485626221","101.599998474121","11"
"11","3.10544669628143","0.0205693359375","101.699996948242","11"
"11","3.15542099997401","0.022327184677124","101.800003051758","11"
"11","3.20539553649724","0.024030158996582","101.900001525879","11"
"11","3.25550953857601","0.0260748138427734","102","11"
"11","3.30539094284177","0.0280322494506836","102.099998474121","11"
"11","3.35545837879181","0.030374698638916","102.199996948242","11"
"11","3.40543291531503","0.0323614082336426","102.300003051758","11"
"11","3.45545378513634","0.0342856369018555","102.400001525879","11"
"11","3.50542832165956","0.0362199935913086","102.5","11"
"11","3.55544919148088","0.0380996131896973","102.599998474121","11"
"11","3.60551686026156","0.0407551155090332","102.699996948242","11"
"11","3.65535146556795","0.042303539276123","102.800003051758","11"
"11","3.70546570047736","0.0446037750244141","102.900001525879","11"
"11","3.75544000416994","0.0464626502990723","103","11"
"11","3.80541454069316","0.0484490127563477","103.099998474121","11"
"11","3.8554819766432","0.0503807563781738","103.199996948242","11"
"11","3.9054099470377","0.052898509979248","103.300003051758","11"
"11","3.95543081685901","0.0552593116760254","103.400001525879","11"
"11","4.00545168668032","0.0573473434448242","103.5","11"
"11","4.05547302216291","0.0593965682983398","103.599998474121","11"
"11","4.10540075972676","0.0617025451660156","103.699996948242","11"
"11","4.15542162954807","0.0635678367614746","103.800003051758","11"
"11","4.20544249936938","0.0661857833862305","103.900001525879","11"
"11","4.25541726872325","0.0678626098632813","104","11"
"11","4.30548470467329","0.0700829467773438","104.099998474121","11"
"11","4.35541244223714","0.0728142013549805","104.199996948242","11"
"11","4.40547987818718","0.0748045196533203","104.300003051758","11"
"11","4.45540808141232","0.0768777847290039","104.400001525879","11"
"11","4.50542895123363","0.0795112609863281","104.5","11"
"11","4.55544982105494","0.0815334777832031","104.599998474121","11"
"11","4.60537755861878","0.083626838684082","104.699996948242","11"
"11","4.65544546023011","0.0856912002563477","104.800003051758","11"
"11","4.70541976392269","0.0880881042480469","104.900001525879","11"
"11","4.755440633744","0.0897381744384766","105","11"
"11","4.80546150356531","0.0918113327026367","105.099998474121","11"
"11","4.85543627291918","0.0945377349853516","105.199996948242","11"
"11","4.90545714274049","0.0972427368164063","105.300003051758","11"
"11","4.95538488030434","0.0989043121337891","105.400001525879","11"
"11","5.00549888238311","0.101303070068359","105.5","11"
"11","5.05542708560824","0.103577865600586","105.599998474121","11"
"11","5.10516855865717","0.105509147644043","105.699996948242","11"
"11","5.0578024238348","0.102311492919922","105.800003051758","11"
"11","5.00782765448093","0.0984027862548828","105.900001525879","11"
"11","4.95780678465962","0.0953103713989258","106","11"
"11","4.90778591483831","0.0917907028198242","106.099998474121","11"
"11","4.857765045017","0.0890585327148437","106.199996948242","11"
"11","4.80779027566314","0.0859613571166992","106.300003051758","11"
"11","4.75776940584183","0.0829530181884766","106.400001525879","11"
"11","4.70774853602052","0.0799723281860352","106.5","11"
"11","4.65768063440919","0.0768559951782227","106.599998474121","11"
"11","4.60775289684534","0.0739557723999024","106.699996948242","11"
"11","4.5576854608953","0.0716406326293945","106.800003051758","11"
"11","4.50775772333145","0.0685301666259766","106.900001525879","11"
"11","4.45778295397758","0.0662011184692383","107","11"
"11","4.40776208415627","0.0638119697570801","107.099998474121","11"
"11","4.3577877804637","0.060762508392334","107.199996948242","11"
"11","4.30772034451365","0.0585671501159668","107.300003051758","11"
"11","4.25774557515979","0.0557194938659668","107.400001525879","11"
"11","4.20767813920975","0.0533397483825684","107.5","11"
"11","4.1577504016459","0.0510429000854492","107.599998474121","11"
"11","4.10777609795332","0.0486154708862305","107.699996948242","11"
"11","4.05770819634199","0.0465193634033203","107.800003051758","11"
"11","4.00778045877814","0.044334041595459","107.900001525879","11"
"11","3.9577130228281","0.0422990608215332","108","11"
"11","3.90773871913552","0.0397411956787109","108.099998474121","11"
"11","3.85771761648357","0.0381877288818359","108.199996948242","11"
"11","3.80774307996035","0.0358352966308594","108.300003051758","11"
"11","3.75776877626777","0.0339070281982422","108.400001525879","11"
"11","3.70774767361581","0.0321030921936035","108.5","11"
"11","3.65777336992323","0.0304891872406006","108.599998474121","11"
"11","3.60775226727128","0.0282386016845703","108.699996948242","11"
"11","3.5577779635787","0.0267840709686279","108.800003051758","11"
"11","3.50775686092675","0.0248115081787109","108.900001525879","11"
"11","3.45773599110544","0.0232838439941406","109","11"
"11","3.40776145458221","0.0214580020904541","109.099998474121","11"
"11","3.3577405847609","0.0200466251373291","109.199996948242","11"
"11","3.30776604823768","0.0185779609680176","109.300003051758","11"
"11","3.25774517841637","0.0172054691314697","109.400001525879","11"
"11","3.20777064189315","0.0160933971405029","109.5","11"
"11","3.15774977207184","0.01438743019104","109.599998474121","11"
"11","3.10768210329115","0.0128860244750977","109.699996948242","11"
"11","3.05775436572731","0.0123553428649902","109.800003051758","11"
"11","3.00773326307535","0.0107974805831909","109.900001525879","11"
"11","2.95775895938277","0.00980366611480713","110","11"
"11","2.90773785673082","0.00830270671844482","110.099998474121","11"
"11","2.85776355303824","0.00760578393936157","110.199996948242","11"
"11","2.80774245038629","0.00625557279586792","110.300003051758","11"
"11","2.75772158056498","0.00554019165039062","110.400001525879","11"
"12","2.75352993048728","0.00566563224792481","110.5","12"
"12","2.80289887450635","0.00764902877807617","110.599998474121","12"
"12","2.85291974432766","0.00953498935699463","110.699996948242","12"
"12","2.90303397923708","0.0114106159210205","110.800003051758","12"
"12","2.95296171680093","0.0132328729629517","110.900001525879","12"
"12","3.00307595171034","0.0155155658721924","111","12"
"12","3.05300368927419","0.0170208072662354","111.099998474121","12"
"12","3.10302479192615","0.0191691799163818","111.199996948242","12"
"12","3.15304566174746","0.0207551307678223","111.300003051758","12"
"12","3.20302019827068","0.0228607482910156","111.400001525879","12"
"12","3.25308763422072","0.0248291721343994","111.5","12"
"12","3.30296903848648","0.0268552341461182","111.599998474121","12"
"12","3.35308304056525","0.0290955562591553","111.699996948242","12"
"12","3.40301101095974","0.0309180431365967","111.800003051758","12"
"12","3.45303188078105","0.0326309394836426","111.900001525879","12"
"12","3.50300641730428","0.0348851776123047","112","12"
"12","3.55302728712559","0.036988639831543","112.099998474121","12"
"12","3.60309495590627","0.0390472450256348","112.199996948242","12"
"12","3.65297612734139","0.0413106231689453","112.300003051758","12"
"12","3.7030903622508","0.0429768829345703","112.400001525879","12"
"12","3.75301809981465","0.0454182739257813","112.5","12"
"12","3.80303920246661","0.0475463180541992","112.599998474121","12"
"12","3.85306007228792","0.0495734100341797","112.699996948242","12"
"12","3.90303460881114","0.0515724067687988","112.800003051758","12"
"12","3.95305547863245","0.0538739967346191","112.900001525879","12"
"12","4.00302978232503","0.05594140625","113","12"
"12","4.05309768393636","0.0581990470886231","113.099998474121","12"
"12","4.10302542150021","0.0602096557617188","113.199996948242","12"
"12","4.15304629132152","0.0622796478271484","113.300003051758","12"
"12","4.2030205950141","0.064514778137207","113.400001525879","12"
"12","4.25299536436796","0.0665718307495117","113.5","12"
"12","4.303062800318","0.0690913162231445","113.599998474121","12"
"12","4.35303710401058","0.0713062973022461","113.699996948242","12"
"12","4.40305797383189","0.0733146286010742","113.800003051758","12"
"12","4.45303274318576","0.0753086624145508","113.900001525879","12"
"12","4.50305361300707","0.077870491027832","114","12"
"12","4.55302791669965","0.0800775756835937","114.099998474121","12"
"12","4.60300222039223","0.0823182678222656","114.199996948242","12"
"12","4.65302355587482","0.0844955215454102","114.300003051758","12"
"12","4.7029978595674","0.0864687423706055","114.400001525879","12"
"12","4.75306529551744","0.0888630752563477","114.5","12"
"12","4.80303959921002","0.0911320114135742","114.599998474121","12"
"12","4.85306093469262","0.0934142456054688","114.699996948242","12"
"12","4.9030352383852","0.0958308715820313","114.800003051758","12"
"12","4.95300954207778","0.0976325607299805","114.900001525879","12"
"12","5.00307697802782","0.10006258392334","115","12"
"12","5.05300518125296","0.101711044311523","115.099998474121","12"
"12","5.10302605107427","0.104383651733398","115.199996948242","12"
"12","5.09557407349348","0.103422294616699","115.300003051758","12"
"12","5.04527380689979","0.100022201538086","115.400001525879","12"
"12","4.99525247141719","0.0962542037963867","115.5","12"
"12","4.94513846933842","0.0930063781738281","115.599998474121","12"
"12","4.89516416564584","0.0900097579956055","115.699996948242","12"
"12","4.84514329582453","0.0868011856079102","115.800003051758","12"
"12","4.79516852647066","0.0838255310058594","115.900001525879","12"
"12","4.74519422277808","0.0806436004638672","116","12"
"12","4.69512678682804","0.0778966674804688","116.099998474121","12"
"12","4.64515248313546","0.0750987243652344","116.199996948242","12"
"12","4.59508458152413","0.0721387405395508","116.300003051758","12"
"12","4.54515684396029","0.0692224731445313","116.400001525879","12"
"12","4.49513597413898","0.0667946319580078","116.5","12"
"12","4.4451616704464","0.0643000946044922","116.599998474121","12"
"12","4.39518690109253","0.0616637344360352","116.699996948242","12"
"12","4.34511946514249","0.0593762016296387","116.800003051758","12"
"12","4.29519172757864","0.0567811889648437","116.900001525879","12"
"12","4.24507772549987","0.0540973320007324","117","12"
"12","4.19514952227473","0.0519262504577637","117.099998474121","12"
"12","4.14512865245342","0.0494224662780762","117.199996948242","12"
"12","4.09510778263211","0.0470426788330078","117.300003051758","12"
"12","4.04518004506826","0.0448651084899902","117.400001525879","12"
"12","3.99515870958567","0.0428829116821289","117.5","12"
"12","3.94513783976436","0.0405475921630859","117.599998474121","12"
"12","3.89511696994305","0.0388130035400391","117.699996948242","12"
"12","3.84514243341982","0.0367238578796387","117.800003051758","12"
"12","3.79512156359851","0.0345575180053711","117.900001525879","12"
"12","3.74514702707529","0.0325202827453613","118","12"
"12","3.69521928951144","0.0309073753356934","118.099998474121","12"
"12","3.64510505460203","0.0286194763183594","118.199996948242","12"
"12","3.59522388316691","0.0275362720489502","118.300003051758","12"
"12","3.54510964825749","0.0258563041687012","118.400001525879","12"
"12","3.49513534456491","0.0239647731781006","118.5","12"
"12","3.44511424191296","0.0222941379547119","118.599998474121","12"
"12","3.39513993822038","0.0206709938049316","118.699996948242","12"
"12","3.34516540169716","0.019116024017334","118.800003051758","12"
"12","3.29514453187585","0.0178204250335693","118.900001525879","12"
"12","3.24521656148136","0.0165501194000244","119","12"
"12","3.19510255940259","0.0147475280761719","119.099998474121","12"
"12","3.14512802287936","0.0134561195373535","119.199996948242","12"
"12","3.09510715305805","0.0121711120605469","119.300003051758","12"
"12","3.04513261653483","0.0110150957107544","119.400001525879","12"
"12","2.99515831284225","0.00985472202301025","119.5","12"
"12","2.9451372101903","0.00891991806030273","119.599998474121","12"
"12","2.89520947262645","0.00787999248504639","119.699996948242","12"
"12","2.84514180384576","0.00688398694992065","119.800003051758","12"
"12","2.79516750015318","0.00611608362197876","119.900001525879","12"
"12","2.7450998313725","0.00526113080978394","120","12"
"13","2.75842007249594","0.00590759086608887","120.099998474121","13"
"13","2.80774245038629","0.00750278902053833","120.199996948242","13"
"13","2.85776355303824","0.00959676837921143","120.300003051758","13"
"13","2.90787755511701","0.011405481338501","120.400001525879","13"
"13","2.95775895938277","0.0133620109558105","120.5","13"
"13","3.00787296146154","0.0148803443908691","120.599998474121","13"
"13","3.05780093185604","0.0172130832672119","120.699996948242","13"
"13","3.10782180167735","0.019440486907959","120.800003051758","13"
"13","3.1578429043293","0.02122190284729","120.900001525879","13"
"13","3.20781720802188","0.0230290565490723","121","13"
"13","3.25788487680256","0.0249751586914062","121.099998474121","13"
"13","3.30781261436641","0.0268950500488281","121.199996948242","13"
"13","3.35783371701837","0.0288985862731934","121.300003051758","13"
"13","3.40780802071095","0.0309957828521729","121.400001525879","13"
"13","3.4578291233629","0.0325361938476562","121.5","13"
"13","3.50784999318421","0.0344732284545898","121.599998474121","13"
"13","3.55782452970743","0.0367979621887207","121.699996948242","13"
"13","3.60789196565747","0.0388655433654785","121.800003051758","13"
"13","3.65781993605196","0.040907787322998","121.900001525879","13"
"13","3.70788737200201","0.042532829284668","122","13"
"13","3.75786190852523","0.0449791069030762","122.099998474121","13"
"13","3.80778964608908","0.0469873886108398","122.199996948242","13"
"13","3.85785731486976","0.0491842231750488","122.300003051758","13"
"13","3.90783185139298","0.0513320922851562","122.400001525879","13"
"13","3.95785272121429","0.0536182441711426","122.5","13"
"13","4.00782702490687","0.0556911277770996","122.599998474121","13"
"13","4.05784789472818","0.0577170295715332","122.699996948242","13"
"13","4.10782266408205","0.0599239768981934","122.800003051758","13"
"13","4.15784353390336","0.0620550575256348","122.900001525879","13"
"13","4.20786440372467","0.064100830078125","123","13"
"13","4.25779214128852","0.0659470977783203","123.099998474121","13"
"13","4.30786004289985","0.0685879592895508","123.199996948242","13"
"13","4.35788091272116","0.0707047119140625","123.300003051758","13"
"13","4.40785521641374","0.0730442810058594","123.400001525879","13"
"13","4.4578299857676","0.0754754333496094","123.5","13"
"13","4.50780428946018","0.0774752960205078","123.599998474121","13"
"13","4.55782515928149","0.0798399124145508","123.699996948242","13"
"13","4.60779946297407","0.0818880386352539","123.800003051758","13"
"13","4.6578673645854","0.0840152969360352","123.900001525879","13"
"13","4.70784166827798","0.0863278121948242","124","13"
"13","4.75786253809929","0.0882582702636719","124.099998474121","13"
"13","4.8078834079206","0.0907046051025391","124.199996948242","13"
"13","4.85781161114573","0.0928362579345703","124.300003051758","13"
"13","4.90787904709578","0.0952675476074219","124.400001525879","13"
"13","4.95780678465962","0.0973371124267578","124.5","13"
"13","5.00787422060966","0.0995690155029297","124.599998474121","13"
"13","5.05784898996353","0.101594741821289","124.699996948242","13"
"13","5.10782329365611","0.104097610473633","124.800003051758","13"
"13","5.10414363816381","0.103162467956543","124.900001525879","13"
"13","5.05430903285742","0.0999201507568359","125","13"
"13","5.00419503077865","0.0961177291870117","125.099998474121","13"
"13","4.95417416095734","0.0929770431518555","125.199996948242","13"
"13","4.90419939160347","0.09025","125.300003051758","13"
"13","4.85413195565343","0.08700244140625","125.400001525879","13"
"13","4.80420421808958","0.0834910125732422","125.5","13"
"13","4.75413678213954","0.0807145767211914","125.599998474121","13"
"13","4.70416201278567","0.0778094100952148","125.699996948242","13"
"13","4.65414114296436","0.0750448379516602","125.800003051758","13"
"13","4.60416683927178","0.0724955062866211","125.900001525879","13"
"13","4.55414596945047","0.0690549621582031","126","13"
"13","4.50412463396788","0.0668022308349609","126.099998474121","13"
"13","4.45419689640403","0.064126335144043","126.199996948242","13"
"13","4.40412946045399","0.0614333000183106","126.300003051758","13"
"13","4.35415515676141","0.0590007743835449","126.400001525879","13"
"13","4.30413382127881","0.0565812644958496","126.5","13"
"13","4.2541129514575","0.054356258392334","126.599998474121","13"
"13","4.20413864776492","0.0515854225158691","126.699996948242","13"
"13","4.15416434407234","0.0494687805175781","126.800003051758","13"
"13","4.10414300858974","0.0470157623291016","126.900001525879","13"
"13","4.05412213876843","0.0450075988769531","127","13"
"13","4.00419440120459","0.0429890098571777","127.099998474121","13"
"13","3.95412696525455","0.0407014770507813","127.199996948242","13"
"13","3.90415242873132","0.038457275390625","127.300003051758","13"
"13","3.8541778922081","0.0363389282226563","127.400001525879","13"
"13","3.80411045625806","0.034239143371582","127.5","13"
"13","3.75418248586357","0.0324878387451172","127.599998474121","13"
"13","3.70411504991353","0.0305184135437012","127.699996948242","13"
"13","3.6541405133903","0.0285719127655029","127.800003051758","13"
"13","3.60416620969772","0.0271392192840576","127.900001525879","13"
"13","3.55414510704577","0.0256687107086182","128","13"
"13","3.50417080335319","0.0237106189727783","128.100006103516","13"
"13","3.45410313457251","0.0220313377380371","128.199996948242","13"
"13","3.40417539700866","0.0203943996429443","128.300003051758","13"
"13","3.3541542943567","0.0183618659973145","128.399993896484","13"
"13","3.30417999066412","0.0176716041564941","128.5","13"
"13","3.25415888801217","0.0162421340942383","128.600006103516","13"
"13","3.20413801819086","0.0149920177459717","128.699996948242","13"
"13","3.15416348166764","0.0137658500671387","128.800003051758","13"
"13","3.10409581288695","0.0121344861984253","128.899993896484","13"
"13","3.0541680753231","0.0109025316238403","129","13"
"13","3.00410040654242","0.00989025020599365","129.100006103516","13"
"13","2.95412610284984","0.00861921310424805","129.199996948242","13"
"13","2.90415179915726","0.00774690628051758","129.300003051758","13"
"13","2.85413069650531","0.00673281288146973","129.399993896484","13"
"13","2.80415639281273","0.00567562246322632","129.5","13"
"14","2.77015683241189","0.00494593191146851","129.600006103516","14"
"14","2.81761633232236","0.00710767650604248","129.699996948242","14"
"14","2.86759063601494","0.00877801704406738","129.800003051758","14"
"14","2.91756517253816","0.0109779901504517","129.899993896484","14"
"14","2.96758604235947","0.0127537317276001","130","14"
"14","3.01760714501143","0.014631236076355","130.100006103516","14"
"14","3.06762801483274","0.0166393260955811","130.199996948242","14"
"14","3.11760255135596","0.0184215183258057","130.300003051758","14"
"14","3.167669987306","0.0203509521484375","130.399993896484","14"
"14","3.21769108995795","0.022487154006958","130.5","14"
"14","3.26757226139307","0.0245071411132813","130.600006103516","14"
"14","3.31768649630249","0.0263406658172607","130.699996948242","14"
"14","3.36761423386633","0.0281337776184082","130.800003051758","14"
"14","3.41763533651829","0.030295166015625","130.899993896484","14"
"14","3.46760964021087","0.0324915237426758","131","14"
"14","3.51763074286282","0.0339705085754395","131.100006103516","14"
"14","3.56769841164351","0.0366492156982422","131.199996948242","14"
"14","3.61762614920735","0.0385345840454102","131.300003051758","14"
"14","3.66769381798804","0.0400628967285156","131.399993896484","14"
"14","3.71762155555189","0.042505184173584","131.5","14"
"14","3.7676424253732","0.0443452224731445","131.600006103516","14"
"14","3.81761696189642","0.0462763328552246","131.699996948242","14"
"14","3.86763806454837","0.048646053314209","131.800003051758","14"
"14","3.91765916720033","0.0506076126098633","131.899993896484","14"
"14","3.96758690476418","0.0530218276977539","132","14"
"14","4.01770090684295","0.0552350463867188","132.100006103516","14"
"14","4.0676286444068","0.057171875","132.199996948242","14"
"14","4.11764997988939","0.0592094230651855","132.300003051758","14"
"14","4.16762428358197","0.0618321723937988","132.399993896484","14"
"14","4.21759858727455","0.0639191474914551","132.5","14"
"14","4.26761945709586","0.0659222717285156","132.600006103516","14"
"14","4.31759422644973","0.0681810989379883","132.699996948242","14"
"14","4.3677082285285","0.0705786743164063","132.800003051758","14"
"14","4.41758939996362","0.0727015609741211","132.899993896484","14"
"14","4.46770340204239","0.0748418731689453","133","14"
"14","4.51763160526752","0.0772603759765625","133.100006103516","14"
"14","4.5676059089601","0.0794828109741211","133.199996948242","14"
"14","4.61767334491014","0.0816907958984375","133.300003051758","14"
"14","4.66760108247399","0.0837370529174805","133.399993896484","14"
"14","4.71766898408532","0.0855524749755859","133.5","14"
"14","4.7676432877779","0.088209114074707","133.600006103516","14"
"14","4.81771072372794","0.0901934280395508","133.699996948242","14"
"14","4.86763846129179","0.0930327682495117","133.800003051758","14"
"14","4.91765979677439","0.0952008285522461","133.899993896484","14"
"14","4.9676806665957","0.0970895004272461","134","14"
"14","5.01760840415955","0.0996070175170898","134.100006103516","14"
"14","5.06767584010959","0.101809036254883","134.199996948242","14"
"14","5.11760404333472","0.103297225952148","134.300003051758","14"
"14","5.15067158266902","0.105235656738281","134.399993896484","14"
"14","5.09799597784877","0.101549018859863","134.5","14"
"14","5.04783540964127","0.0978292770385742","134.600006103516","14"
"14","4.99781407415867","0.0947551651000977","134.699996948242","14"
"14","4.94774663820863","0.091319938659668","134.800003051758","14"
"14","4.89777233451605","0.0881147155761719","134.899993896484","14"
"14","4.84775146469474","0.0850672073364258","135","14"
"14","4.79777669534087","0.0819618530273438","135.100006103516","14"
"14","4.74775582551956","0.079098258972168","135.199996948242","14"
"14","4.69773495569825","0.0761288299560547","135.300003051758","14"
"14","4.64776065200567","0.073443717956543","135.399993896484","14"
"14","4.59769275039434","0.0707471542358398","135.5","14"
"14","4.5477650128305","0.0679089584350586","135.600006103516","14"
"14","4.49769757688046","0.0649257888793945","135.699996948242","14"
"14","4.44776983931661","0.0626236152648926","135.800003051758","14"
"14","4.39774850383401","0.060007438659668","135.899993896484","14"
"14","4.3477276340127","0.0572824783325195","136","14"
"14","4.29779989644885","0.0551391639709473","136.100006103516","14"
"14","4.24768589437008","0.0524680328369141","136.199996948242","14"
"14","4.19775769114494","0.0503594284057617","136.300003051758","14"
"14","4.14773682132363","0.0480683135986328","136.399993896484","14"
"14","4.09771595150232","0.0461138877868652","136.5","14"
"14","4.04774164780974","0.0436816520690918","136.600006103516","14"
"14","3.99776687845588","0.0417728157043457","136.699996948242","14"
"14","3.94774600863457","0.0394967422485352","136.800003051758","14"
"14","3.89772513881326","0.0377372207641602","136.899993896484","14"
"14","3.84779716841877","0.035885009765625","137","14"
"14","3.79772973246872","0.0334617614746094","137.100006103516","14"
"14","3.7477551959455","0.0317948036193848","137.199996948242","14"
"14","3.69778089225292","0.0297471561431885","137.300003051758","14"
"14","3.64771322347224","0.0278528461456299","137.399993896484","14"
"14","3.59778548590839","0.0263539867401123","137.5","14"
"14","3.54776438325644","0.0247529945373535","137.600006103516","14"
"14","3.49774351343513","0.0229592781066895","137.699996948242","14"
"14","3.44767584465444","0.0211130447387695","137.800003051758","14"
"14","3.39774810709059","0.0197342166900635","137.899993896484","14"
"14","3.34777357056737","0.0181861438751221","138","14"
"14","3.29775270074606","0.0171027221679688","138.100006103516","14"
"14","3.24782473035157","0.0157388124465942","138.199996948242","14"
"14","3.1977107282728","0.0145859794616699","138.300003051758","14"
"14","3.14773619174957","0.0135097799301147","138.399993896484","14"
"14","3.09771532192826","0.0117855052947998","138.5","14"
"14","3.04774078540504","0.0109057884216309","138.600006103516","14"
"14","2.99771991558373","0.0100376224517822","138.699996948242","14"
"14","2.94774537906051","0.00871669006347656","138.800003051758","14"
"14","2.89781764149666","0.00743843555450439","138.899993896484","14"
"14","2.84770340658724","0.0064695930480957","139","14"
"14","2.79777566902339","0.00566321754455566","139.100006103516","14"
"15","2.76177353225648","0.0047376766204834","139.199996948242","15"
"15","2.8068576939404","0.00661101245880127","139.300003051758","15"
"15","2.85673886537552","0.0086696081161499","139.399993896484","15"
"15","2.90685310028493","0.0106858901977539","139.5","15"
"15","2.95678083784878","0.0125770273208618","139.600006103516","15"
"15","3.00684850662947","0.0140264101028442","139.699996948242","15"
"15","3.05682281032205","0.0155880498886108","139.800003051758","15"
"15","3.10679734684527","0.01800390625","139.899993896484","15"
"15","3.15681821666658","0.0200847682952881","140","15"
"15","3.2067927531898","0.0218428192138672","140.100006103516","15"
"15","3.25690675526857","0.0239256744384766","140.199996948242","15"
"15","3.30683472566307","0.0258298759460449","140.300003051758","15"
"15","3.35685559548438","0.0277367649078369","140.399993896484","15"
"15","3.4068301320076","0.0297447624206543","140.5","15"
"15","3.45680443570018","0.0316159915924072","140.600006103516","15"
"15","3.50682553835213","0.0333332099914551","140.699996948242","15"
"15","3.55684640817344","0.0357176208496094","140.800003051758","15"
"15","3.60691407695413","0.0375089836120606","140.899993896484","15"
"15","3.65679524838924","0.039316593170166","141","15"
"15","3.70686291716993","0.0415039901733398","141.100006103516","15"
"15","3.75683722086251","0.0436413116455078","141.199996948242","15"
"15","3.80681175738573","0.0460329895019531","141.300003051758","15"
"15","3.85687919333577","0.0478229179382324","141.399993896484","15"
"15","3.90680693089962","0.0498262100219727","141.5","15"
"15","3.95682826638222","0.051963565826416","141.600006103516","15"
"15","4.00684913620353","0.0539135665893555","141.699996948242","15"
"15","4.05687000602484","0.0561861763000488","141.800003051758","15"
"15","4.10684430971742","0.0583945083618164","141.899993896484","15"
"15","4.15681907907128","0.0606781959533691","142","15"
"15","4.20683994889259","0.0625821685791016","142.100006103516","15"
"15","4.25676768645644","0.0650472183227539","142.199996948242","15"
"15","4.30688168853521","0.0672054748535156","142.300003051758","15"
"15","4.35685645788908","0.0692778091430664","142.399993896484","15"
"15","4.40687732771039","0.0715915069580078","142.5","15"
"15","4.45685163140297","0.0740708770751953","142.600006103516","15"
"15","4.50682593509555","0.0757951278686523","142.699996948242","15"
"15","4.55684727057815","0.0781973342895508","142.800003051758","15"
"15","4.60677500814199","0.0802638473510742","142.899993896484","15"
"15","4.65684244409204","0.0825209808349609","143","15"
"15","4.70681674778461","0.0847963562011719","143.100006103516","15"
"15","4.75683808326721","0.0868389282226563","143.199996948242","15"
"15","4.80685895308852","0.0890106201171875","143.300003051758","15"
"15","4.8568332567811","0.0915560684204102","143.399993896484","15"
"15","4.90685412660241","0.0936525039672852","143.5","15"
"15","4.95678232982755","0.0963301544189453","143.600006103516","15"
"15","5.00689633190632","0.0980959167480469","143.699996948242","15"
"15","5.05682406947017","0.100365081787109","143.800003051758","15"
"15","5.10679837316275","0.102549766540527","143.899993896484","15"
"15","5.15686627477407","0.104733238220215","144","15"
"15","5.13488287106156","0.102913833618164","144.100006103516","15"
"15","5.08448947221041","0.0994209747314453","144.199996948242","15"
"15","5.03437547013164","0.0957372207641602","144.300003051758","15"
"15","4.98435413464904","0.0925815200805664","144.399993896484","15"
"15","4.93437983095646","0.0894858474731445","144.5","15"
"15","4.88435896113515","0.0862589492797852","144.600006103516","15"
"15","4.83438465744257","0.0830045852661133","144.699996948242","15"
"15","4.78431675583124","0.0803079833984375","144.800003051758","15"
"15","4.73438901826739","0.0774978256225586","144.899993896484","15"
"15","4.68432158231735","0.0744020004272461","145","15"
"15","4.63430024683475","0.0717763519287109","145.100006103516","15"
"15","4.58437250927091","0.0689661712646484","145.199996948242","15"
"15","4.5343516394496","0.0664954223632813","145.300003051758","15"
"15","4.48437733575702","0.0634655265808105","145.399993896484","15"
"15","4.43430943414569","0.0613191299438477","145.5","15"
"15","4.38438169658184","0.0584070167541504","145.600006103516","15"
"15","4.3343142606318","0.0563634262084961","145.699996948242","15"
"15","4.28433995693922","0.0537069702148438","145.800003051758","15"
"15","4.23436518758535","0.0513715591430664","145.899993896484","15"
"15","4.18429775163531","0.0489392356872559","146","15"
"15","4.13437001407146","0.046894172668457","146.100006103516","15"
"15","4.08430257812142","0.0448720626831055","146.199996948242","15"
"15","4.03437437489629","0.0426583824157715","146.300003051758","15"
"15","3.98430693894625","0.0398096733093262","146.399993896484","15"
"15","3.93433263525367","0.0383542823791504","146.5","15"
"15","3.88435809873044","0.0362497787475586","146.600006103516","15"
"15","3.8342906627804","0.0343119888305664","146.699996948242","15"
"15","3.78436269238591","0.0325163040161133","146.800003051758","15"
"15","3.7343418225646","0.030556791305542","146.899993896484","15"
"15","3.68436728604138","0.0288341846466064","147","15"
"15","3.63434641622007","0.0268689346313477","147.100006103516","15"
"15","3.58437187969685","0.0250727825164795","147.199996948242","15"
"15","3.53435100987554","0.0236415557861328","147.300003051758","15"
"15","3.48428334109485","0.0217766380310059","147.399993896484","15"
"15","3.434355603531","0.020478494644165","147.5","15"
"15","3.38433450087905","0.0194536075592041","147.600006103516","15"
"15","3.33436019718647","0.0177203216552734","147.699996948242","15"
"15","3.28433909453452","0.0158697776794434","147.800003051758","15"
"15","3.23441135697067","0.0145524034500122","147.899993896484","15"
"15","3.18434368818998","0.0134375467300415","148","15"
"15","3.13432281836867","0.0122576456069946","148.100006103516","15"
"15","3.08434828184545","0.0108592987060547","148.199996948242","15"
"15","3.03428084589541","0.00993412494659424","148.300003051758","15"
"15","2.98435287550092","0.0085583028793335","148.399993896484","15"
"15","2.93437857180834","0.00772083282470703","148.5","15"
"15","2.88435746915638","0.00657119226455689","148.600006103516","15"
"15","2.83438316546381","0.00538259172439575","148.699996948242","15"
"15","2.78436206281185","0.00492681121826172","148.800003051758","15"
"15","2.77742254547775","0.00511716365814209","148.828994750977","15"
