"File Path: C:\Users\Administrator\Desktop\User Data Files\Colgate Group\Paul\Hysteresis\Test Run 13 07-18-25 13 21 36 PM\DAQ- Crosshead, … - (Timed).csv   "
"Test: MTS EM Multicycle Example 1"
"Test Run: Test Run 13"
"Date: 7/18/2025 1:19:08 PM"
""
""
"_Cycle","Crosshead ","Load ","Time ","Cycle Channel "
"_Cycle","mm","kN","sec","count"
"1","0.079921810538508","0.00640989780426025","0.112000003457069","1"
"1","0.0898421712918207","0.0077853856086731","0.211999997496605","1"
"1","0.0999022595351562","0.00925334453582764","0.312000006437302","1"
"1","0.109962347778492","0.0108293342590332","0.412000000476837","1"
"1","0.119836135127116","0.0122037677764893","0.512000024318695","1"
"1","0.12994279677514","0.0140708723068237","0.611999988555908","1"
"1","0.139863157528453","0.0156392831802368","0.712000012397766","1"
"1","0.149969826452434","0.0170913753509521","0.811999976634979","1"
"1","0.159843621077016","0.0190619487762451","0.912000000476837","1"
"1","0.169950275449082","0.0205953712463379","1.01199996471405","1"
"1","0.180010363692418","0.0221602573394775","1.11199998855591","1"
"1","0.189837577636354","0.0237177352905273","1.21200001239777","1"
"1","0.199990812689066","0.0255881195068359","1.31200003623962","1"
"1","0.209864607313648","0.0271264781951904","1.41199994087219","1"
"1","0.219924695556983","0.0291830368041992","1.51199996471405","1"
"1","0.229891636990942","0.0307848243713379","1.61199998855591","1"
"1","0.239951725234278","0.0324533424377441","1.71200001239777","1"
"1","0.249918666668236","0.0340850486755371","1.81200003623962","1"
"1","0.259839027421549","0.0356168594360352","1.91199994087219","1"
"1","0.269992247922346","0.0374928092956543","2.01200008392334","1"
"1","0.279866042546928","0.0392204132080078","2.11199998855591","1"
"1","0.289926130790263","0.0405576248168945","2.21199989318848","1"
"1","0.299939652904868","0.0423520698547363","2.31200003623962","1"
"1","0.309906579786912","0.0443586959838867","2.41199994087219","1"
"1","0.319920101901516","0.0458552398681641","2.51200008392334","1"
"1","0.329840462654829","0.0475919723510742","2.61199998855591","1"
"1","0.339993712259457","0.0490389862060547","2.71199989318848","1"
"1","0.349820911651477","0.0509038124084473","2.81200003623962","1"
"1","0.359927566023543","0.0526789283752441","2.91199994087219","1"
"1","0.369941088138148","0.0541840591430664","3.01200008392334","1"
"1","0.379861448891461","0.0557172584533691","3.11199998855591","1"
"1","0.389968132367358","0.0576979751586914","3.21199989318848","1"
"1","0.39988849312067","0.059284309387207","3.31200003623962","1"
"1","0.409948581364006","0.0612534828186035","3.41199994087219","1"
"1","0.419915508246049","0.0627269592285156","3.51200008392334","1"
"1","0.429929030360654","0.0645682678222656","3.61199998855591","1"
"1","0.439895957242697","0.0663420104980469","3.71199989318848","1"
"1","0.449862913228571","0.0680839614868164","3.81200003623962","1"
"1","0.459969567600638","0.0698744735717773","3.91199994087219","1"
"1","0.46984336222522","0.0713135681152344","4.01200008392334","1"
"1","0.479950016597286","0.0733159408569336","4.11199998855591","1"
"1","0.489870377350599","0.0749175720214844","4.21199989318848","1"
"1","0.499930465593934","0.0768123092651367","4.31199979782104","1"
"1","0.509897421579808","0.0784595718383789","4.41200017929077","1"
"1","0.519910943694413","0.0799890594482422","4.51200008392334","1"
"1","0.529971031937748","0.0822196044921875","4.61199998855591","1"
"1","0.5398447974585","0.0837314376831055","4.71199989318848","1"
"1","0.549998017959297","0.0853305511474609","4.81199979782104","1"
"1","0.55991840781644","0.0872599563598633","4.91200017929077","1"
"1","0.569885305594653","0.0887514114379883","5.01200008392334","1"
"1","0.579945393837988","0.090638298034668","5.11199998855591","1"
"1","0.589912349823862","0.0925120162963867","5.21199989318848","1"
"1","0.599925871938467","0.0940651931762695","5.31199979782104","1"
"1","0.60984626179561","0.0956372375488281","5.41200017929077","1"
"1","0.619999482296407","0.0975025787353516","5.51200008392334","1"
"1","0.629873247817159","0.0993009033203125","5.61199998855591","1"
"1","0.639933336060494","0.101228042602539","5.71199989318848","1"
"1","0.649946858175099","0.103215347290039","5.81199979782104","1"
"1","0.659867248032242","0.104499221801758","5.91200017929077","1"
"1","0.669927336275578","0.106333595275879","6.01200008392334","1"
"1","0.679894234053791","0.108184631347656","6.11199998855591","1"
"1","0.690000946633518","0.110550827026367","6.21199989318848","1"
"1","0.699828146025538","0.112159614562988","6.31199979782104","1"
"1","0.709934800397605","0.113766929626465","6.41200017929077","1"
"1","0.719948322512209","0.11528409576416","6.51200008392334","1"
"1","0.729822088032961","0.117279663085937","6.61199998855591","1"
"1","0.739975308533758","0.118997375488281","6.71199989318848","1"
"1","0.749895698390901","0.121189735412598","6.81199979782104","1"
"1","0.759955786634237","0.122796089172363","6.91200017929077","1"
"1","0.76987617649138","0.124649047851563","7.01200008392334","1"
"1","0.779936264734715","0.126335723876953","7.11199998855591","1"
"1","0.789903162512928","0.128039947509766","7.21199989318848","1"
"1","0.799870118498802","0.129575820922852","7.31199979782104","1"
"1","0.809976772870868","0.13153254699707","7.41200017929077","1"
"1","0.81985053839162","0.133565185546875","7.51200008392334","1"
"1","0.829957250971347","0.135032196044922","7.61199998855591","1"
"1","0.839877582620829","0.136945999145508","7.71199989318848","1"
"1","0.849937670864165","0.138936996459961","7.81199979782104","1"
"1","0.859904626850039","0.139775588989258","7.91200017929077","1"
"1","0.869918148964643","0.142623458862305","8.01200008392334","1"
"1","0.879978237207979","0.144459671020508","8.11200046539307","1"
"1","0.8898054366","0.145991333007813","8.21199989318848","1"
"1","0.899958657100797","0.147859298706055","8.3120002746582","1"
"1","0.909925613086671","0.149948516845703","8.41199970245361","1"
"1","0.919892569072545","0.15138151550293","8.51200008392334","1"
"1","0.92995265731588","0.153323181152344","8.61200046539307","1"
"1","0.939872988965362","0.155536987304688","8.71199989318848","1"
"1","0.949933077208698","0.156896499633789","8.8120002746582","1"
"1","0.959853467065841","0.158835235595703","8.91199970245361","1"
"1","0.969960121437907","0.160611892700195","9.01200008392334","1"
"1","0.979880453087389","0.162681716918945","9.11200046539307","1"
"1","0.989894033409655","0.164282257080078","9.21199989318848","1"
"1","0.99995406344533","0.166256286621094","9.3120002746582","1"
"1","1.00987439509481","0.167879745483398","9.41199970245361","1"
"1","1.01998110767454","0.169382400512695","9.51200008392334","1"
"1","1.02990143932402","0.171235961914063","9.61200046539307","1"
"1","1.03996158577502","0.173247421264648","9.71199989318848","1"
"1","1.04983535129577","0.175019714355469","9.8120002746582","1"
"1","1.0599420638755","0.176635192871094","9.91199970245361","1"
"1","1.06995552778244","0.178440216064453","10.0120000839233","1"
"1","1.07982929330319","0.180153121948242","10.1120004653931","1"
"1","1.08998257201165","0.181943588256836","10.2119998931885","1"
"1","1.09990290366113","0.18367887878418","10.3120002746582","1"
"1","1.1099164839834","0.185882385253906","10.4119997024536","1"
"1","1.11992994789034","0.187405136108398","10.5120000839233","1"
"1","1.12989684566855","0.189384216308594","10.6120004653931","1"
"1","1.13991042599082","0.191059326171875","10.7119998931885","1"
"1","1.14987732376903","0.192753280639648","10.8120002746582","1"
"1","1.15998403634876","0.194535980224609","10.9119997024536","1"
"1","1.16985780186951","0.196206008911133","11.0120000839233","1"
"1","1.17991783190519","0.1985390625","11.1120004653931","1"
"1","1.18988484609872","0.199898345947266","11.2119998931885","1"
"1","1.19989831000566","0.201988204956055","11.3120002746582","1"
"1","1.20991189032793","0.203353149414063","11.4119997024536","1"
"1","1.21987878810614","0.205315490722656","11.5120000839233","1"
"1","1.22998538427055","0.206973876953125","11.6120004653931","1"
"1","1.23981270007789","0.208950454711914","11.7119998931885","1"
"1","1.24996586237103","0.210867706298828","11.8120002746582","1"
"1","1.25993287656456","0.212268539428711","11.9119997024536","1"
"1","1.26985320821404","0.214330490112305","12.0120000839233","1"
"1","1.27991323824972","0.21611930847168","12.1120004653931","1"
"1","1.28988025244325","0.218086074829102","12.2119998931885","1"
"1","1.29994028247893","0.219506866455078","12.3120002746582","1"
"1","1.30990729667246","0.221516983032227","12.4119997024536","1"
"1","1.31992076057941","0.222981048583984","12.5120000839233","1"
"1","1.32993422448635","0.225155334472656","12.6120004653931","1"
"1","1.33990123867989","0.226497695922852","12.7119998931885","1"
"1","1.34996126871556","0.228199661254883","12.8120002746582","1"
"1","1.35983503423631","0.230038864135742","12.9119997024536","1"
"1","1.36998831294477","0.232130615234375","13.0120000839233","1"
"1","1.37986207846552","0.233440078735352","13.1120004653931","1"
"1","1.38996879104525","0.235331588745117","13.2119998931885","1"
"1","1.39988912269473","0.237435562133789","13.3120002746582","1"
"1","1.40994926914573","0.238799209594727","13.4119997024536","1"
"1","1.41996273305267","0.240590087890625","13.5120000839233","1"
"1","1.42978993244469","0.242431076049805","13.6120004653931","1"
"1","1.43998977728188","0.244059860229492","13.7119998931885","1"
"1","1.44991010893136","0.245911071777344","13.8120002746582","1"
"1","1.45992368925363","0.247783981323242","13.9119997024536","1"
"1","1.46993715316057","0.24920068359375","14.0120000839233","1"
"1","1.46840023808181","0.24893083190918","14.1120004653931","1"
"1","1.45796756260097","0.24647639465332","14.2119998931885","1"
"1","1.44776771776378","0.243914733886719","14.3120002746582","1"
"1","1.43770757131279","0.241306564331055","14.4119997024536","1"
"1","1.42755440901965","0.239363784790039","14.5120000839233","1"
"1","1.41772720962763","0.236710968017578","14.6120004653931","1"
"1","1.4076204970479","0.234683883666992","14.7119998931885","1"
"1","1.39756046701223","0.232609954833984","14.8120002746582","1"
"1","1.38764001894742","0.230347198486328","14.9119997024536","1"
"1","1.37757998891175","0.227560958862305","15.0120000839233","1"
"1","1.36761297471821","0.225916656494141","15.1120004653931","1"
"1","1.35755294468254","0.223598709106445","15.2119998931885","1"
"1","1.34763261303306","0.221444473266602","15.3120002746582","1"
"1","1.33757246658206","0.21869596862793","15.4119997024536","1"
"1","1.32760556880385","0.216868850708008","15.5120000839233","1"
"1","1.31763855461031","0.214309555053711","15.6120004653931","1"
"1","1.30753195844591","0.212511184692383","15.7119998931885","1"
"1","1.29761162679642","0.209928024291992","15.8120002746582","1"
"1","1.28755148034543","0.207760879516602","15.9119997024536","1"
"1","1.27763114869595","0.20573258972168","16.011999130249","1"
"1","1.26757100224495","0.203799789428711","16.1119995117188","1"
"1","1.25760410446674","0.20123063659668","16.2119998931885","1"
"1","1.24763720668852","0.199133834838867","16.3120002746582","1"
"1","1.23748392798007","0.19689094543457","16.4120006561279","1"
"1","1.22765672858804","0.194992736816406","16.511999130249","1"
"1","1.21755001600832","0.192892532348633","16.6119995117188","1"
"1","1.2075831182301","0.190438201904297","16.7119998931885","1"
"1","1.19761622045189","0.188332473754883","16.8120002746582","1"
"1","1.18760264012963","0.186111312866211","16.9120006561279","1"
"1","1.17758917622268","0.184097518920898","17.011999130249","1"
"1","1.16757559590042","0.181693496704102","17.1119995117188","1"
"1","1.15765526425093","0.179565170288086","17.2119998931885","1"
"1","1.14754855167121","0.177599914550781","17.3120002746582","1"
"1","1.13762822002172","0.175589691162109","17.4120006561279","1"
"1","1.12756818998605","0.173341812133789","17.511999130249","1"
"1","1.11755460966378","0.17127458190918","17.6119995117188","1"
"1","1.1076342780143","0.169075180053711","17.7119998931885","1"
"1","1.09757424797863","0.166795211791992","17.8120002746582","1"
"1","1.08765379991382","0.16468147277832","17.9120006561279","1"
"1","1.07754720374942","0.162618499755859","18.011999130249","1"
"1","1.06762675568461","0.160933563232422","18.1119995117188","1"
"1","1.05761329177767","0.158532318115234","18.2119998931885","1"
"1","1.04755314532667","0.156250869750977","18.3120002746582","1"
"1","1.03767937980592","0.154401702880859","18.4120006561279","1"
"1","1.02757278364152","0.151947723388672","18.511999130249","1"
"1","1.01760576944798","0.15014241027832","18.6119995117188","1"
"1","1.00759230554104","0.148356018066406","18.7119998931885","1"
"1","0.997578725218773","0.146043869018555","18.8120002746582","1"
"1","0.987565261311829","0.143757202148438","18.9120006561279","1"
"1","0.977598363533616","0.142032775878906","19.011999130249","1"
"1","0.967631407547742","0.139933685302734","19.1119995117188","1"
"1","0.957524753175676","0.137897415161133","19.2119998931885","1"
"1","0.947650929447263","0.13558512878418","19.3120002746582","1"
"1","0.937590841203928","0.133794082641602","19.4120006561279","1"
"1","0.927577319089323","0.131507843017578","19.511999130249","1"
"1","0.917563796974719","0.129128692626953","19.6119995117188","1"
"1","0.907596899196506","0.127286201477051","19.7119998931885","1"
"1","0.897629943210632","0.12543465423584","19.8120002746582","1"
"1","0.887523288838565","0.123453048706055","19.9120006561279","1"
"1","0.877696089446545","0.121496734619141","20.011999130249","1"
"1","0.867542810738087","0.119305229187012","20.1119995117188","1"
"1","0.857575912959874","0.117515670776367","20.2119998931885","1"
"1","0.847608956974","0.115172477722168","20.3120002746582","1"
"1","0.837548868730664","0.113288017272949","20.4120006561279","1"
"1","0.82758191274479","0.110867233276367","20.511999130249","1"
"1","0.817568390630186","0.109150115966797","20.6119995117188","1"
"1","0.807648058980703","0.106953514099121","20.7119998931885","1"
"1","0.797541404608637","0.104989807128906","20.8120002746582","1"
"1","0.787621014751494","0.103205718994141","20.9120006561279","1"
"1","0.777607492636889","0.101392646789551","21.011999130249","1"
"1","0.767547404393554","0.0995205612182617","21.1119995117188","1"
"1","0.757627072744071","0.0973065643310547","21.2119998931885","1"
"1","0.747566984500736","0.0952161254882812","21.3120002746582","1"
"1","0.737646594643593","0.093104850769043","21.4120006561279","1"
"1","0.727539940271527","0.0917095336914062","21.511999130249","1"
"1","0.717619608622044","0.0892465591430664","21.6119995117188","1"
"1","0.70760608650744","0.0875204849243164","21.7119998931885","1"
"1","0.697545998264104","0.0856409912109375","21.8120002746582","1"
"1","0.687625608406961","0.0840917663574219","21.9120006561279","1"
"1","0.677565520163625","0.0817466735839844","22.011999130249","1"
"1","0.667598564177752","0.0799636993408203","22.1119995117188","1"
"1","0.657631666399539","0.0782511444091797","22.2119998931885","1"
"1","0.647618144284934","0.07618994140625","22.3120002746582","1"
"1","0.637604622170329","0.0741553344726563","22.4120006561279","1"
"1","0.627591100055724","0.0725968017578125","22.511999130249","1"
"1","0.617624202277511","0.0706480026245117","22.6119995117188","1"
"1","0.607517489697784","0.0684103851318359","22.7119998931885","1"
"1","0.597643724177033","0.0666979217529297","22.8120002746582","1"
"1","0.587583635933697","0.0650397491455078","22.9120006561279","1"
"1","0.577570113819093","0.0630530776977539","23.011999130249","1"
"1","0.567603157833219","0.0614551391601562","23.1119995117188","1"
"1","0.557589693926275","0.0594652786254883","23.2119998931885","1"
"1","0.547622737940401","0.0575245056152344","23.3120002746582","1"
"1","0.537516083568335","0.0561174468994141","23.4120006561279","1"
"1","0.527688884176314","0.0541659202575684","23.511999130249","1"
"1","0.517582171596587","0.0524011535644531","23.6119995117188","1"
"1","0.507568707689643","0.0504435768127441","23.7119998931885","1"
"1","0.4976483178325","0.0488248901367188","23.8120002746582","1"
"1","0.487588229589164","0.0474265861511231","23.9120006561279","1"
"1","0.47757470747456","0.0453893966674805","24.011999130249","1"
"1","0.467561214463785","0.0436970138549805","24.1119995117188","1"
"1","0.457640824606642","0.0418539276123047","24.2119998931885","1"
"1","0.447534170234576","0.0405978965759277","24.3120002746582","1"
"1","0.437613809481263","0.0389892158508301","24.4120006561279","1"
"1","0.42764688259922","0.0370023918151855","24.511999130249","1"
"1","0.417586794355884","0.0354897232055664","24.6119995117188","1"
"1","0.40761983837001","0.0340717468261719","24.7119998931885","1"
"1","0.397559750126675","0.0321306915283203","24.8120002746582","1"
"1","0.387639389373362","0.0309395580291748","24.9120006561279","1"
"1","0.377579301130027","0.0291701145172119","25.011999130249","1"
"1","0.367612374247983","0.0277579307556152","25.1119995117188","1"
"1","0.357645418262109","0.0261566181182861","25.2119998931885","1"
"1","0.347585330018774","0.0243483848571777","25.3120002746582","1"
"1","0.337664969265461","0.0232538108825684","25.4120006561279","1"
"1","0.327558314893395","0.0217900161743164","25.511999130249","1"
"1","0.317637954140082","0.0203269557952881","25.6119995117188","1"
"1","0.307624432025477","0.0186317310333252","25.7119998931885","1"
"1","0.297564343782142","0.017520565032959","25.8120002746582","1"
"1","0.287597416900098","0.0162916450500488","25.9120006561279","1"
"1","0.277630460914224","0.0146554441452026","26.011999130249","1"
"1","0.26761696790345","0.0134317016601562","26.1119995117188","1"
"1","0.257510284427553","0.0122947940826416","26.2119998931885","1"
"1","0.247683085035533","0.0113345584869385","26.3120002746582","1"
"1","0.237576416111551","0.0100660820007324","26.4120006561279","1"
"1","0.227562908548862","0.00881219482421875","26.511999130249","1"
"1","0.217642547795549","0.00772308301925659","26.6119995117188","1"
"1","0.207582459552214","0.00641658449172974","26.7119998931885","1"
"1","0.197615518118255","0.0053205246925354","26.8120002746582","1"
"2","0.197196350200102","0.00491266822814941","26.9120006561279","2"
"2","0.207349585252814","0.00709637641906738","27.011999130249","2"
"2","0.217549400986172","0.00847847557067871","27.1119995117188","2"
"2","0.227656055358239","0.0102691116333008","27.2119998931885","2"
"2","0.237716143601574","0.0121080379486084","27.3120002746582","2"
"2","0.247636518906802","0.0135289268493652","27.4120006561279","2"
"2","0.257743173278868","0.0152659254074097","27.511999130249","2"
"2","0.267756695393473","0.0171913967132568","27.6119995117188","2"
"2","0.277723622275516","0.0185947914123535","27.7119998931885","2"
"2","0.28769054915756","0.0206596908569336","27.8120002746582","2"
"2","0.297704071272165","0.0218699951171875","27.9120006561279","2"
"2","0.307810725644231","0.0235823154449463","28.011999130249","2"
"2","0.317637954140082","0.0258672027587891","28.1119995117188","2"
"2","0.327791174640879","0.0273066844940186","28.2119998931885","2"
"2","0.337711564498022","0.0288990898132324","28.3120002746582","2"
"2","0.347678491380066","0.0307566757202148","28.4120006561279","2"
"2","0.357785145752132","0.0328663864135742","28.511999130249","2"
"2","0.367705506505445","0.03448828125","28.6119995117188","2"
"2","0.37776559474878","0.0359726600646973","28.7119998931885","2"
"2","0.387685955502093","0.0378745307922363","28.8120002746582","2"
"2","0.39779263897799","0.0396445159912109","28.9120006561279","2"
"2","0.407712999731302","0.0411907424926758","29.011999130249","2"
"2","0.417726521845907","0.0431035270690918","29.1119995117188","2"
"2","0.427786610089242","0.0452302551269531","29.2119998931885","2"
"2","0.437660375609994","0.0467007255554199","29.3120002746582","2"
"2","0.447767059085891","0.0484620628356934","29.4120006561279","2"
"2","0.457687419839203","0.0501768379211426","29.511999130249","2"
"2","0.46779407421127","0.0519691429138184","29.6119995117188","2"
"2","0.477667868835852","0.0540391807556152","29.7119998931885","2"
"2","0.487774523207918","0.0559808959960938","29.8120002746582","2"
"2","0.497788016218692","0.0575782089233398","29.9120006561279","2"
"2","0.507615273818374","0.0596227569580078","30.011999130249","2"
"2","0.517768494319171","0.0618712158203125","30.1119995117188","2"
"2","0.527688884176314","0.0635481338500977","30.2119998931885","2"
"2","0.537748972419649","0.065145393371582","30.3120002746582","2"
"2","0.547715870197862","0.0674199371337891","30.4120006561279","2"
"2","0.557729392312467","0.069098762512207","30.511999130249","2"
"2","0.567789480555803","0.0706164398193359","30.6119995117188","2"
"2","0.577709870412946","0.0725790023803711","30.7119998931885","2"
"2","0.587769958656281","0.0745186309814453","30.8120002746582","2"
"2","0.597690290305763","0.0764106369018555","30.9120006561279","2"
"2","0.607750378549099","0.0785482330322266","31.011999130249","2"
"2","0.617717334534973","0.0802042388916016","31.1119995117188","2"
"2","0.627730856649578","0.0818366546630859","31.2119998931885","2"
"2","0.637744378764182","0.0840838470458984","31.3120002746582","2"
"2","0.647711276542395","0.0857588806152344","31.4120006561279","2"
"2","0.657817930914462","0.0877749786376953","31.511999130249","2"
"2","0.667645188514143","0.0894607467651367","31.6119995117188","2"
"2","0.67779840901494","0.091719108581543","31.7119998931885","2"
"2","0.687765365000814","0.093830696105957","31.8120002746582","2"
"2","0.697685696650296","0.0955468521118164","31.9120006561279","2"
"2","0.707792351022363","0.0968760223388672","32.0120010375977","2"
"2","0.717712740879506","0.098885368347168","32.1119995117188","2"
"2","0.727772829122841","0.101132553100586","32.2120018005371","2"
"2","0.737693160772324","0.103291610717773","32.3120002746582","2"
"2","0.747753249015659","0.105057846069336","32.4119987487793","2"
"2","0.757720205001533","0.106795936584473","32.5120010375977","2"
"2","0.767733727116138","0.108989379882813","32.6119995117188","2"
"2","0.777793815359473","0.111112571716309","32.7120018005371","2"
"2","0.787667580880225","0.112488166809082","32.8120002746582","2"
"2","0.797774235252291","0.114430404663086","32.9119987487793","2"
"2","0.807694625109434","0.116663612365723","33.0120010375977","2"
"2","0.81775471335277","0.118644332885742","33.1119995117188","2"
"2","0.827675103209913","0.120720397949219","33.2120018005371","2"
"2","0.837735191453248","0.122682106018066","33.3120002746582","2"
"2","0.847795279696584","0.124315818786621","33.4119987487793","2"
"2","0.857622479088604","0.126137031555176","33.5120010375977","2"
"2","0.867822265718132","0.12825651550293","33.6119995117188","2"
"2","0.877742655575275","0.13034309387207","33.7120018005371","2"
"2","0.887709611561149","0.132194808959961","33.8120002746582","2"
"2","0.897723075468093","0.133948226928711","33.9119987487793","2"
"2","0.907736597582698","0.136078186035156","34.0120010375977","2"
"2","0.917750119697303","0.137891052246094","34.1119995117188","2"
"2","0.927670509554446","0.140093704223633","34.2120018005371","2"
"2","0.937777163926512","0.141785873413086","34.3120002746582","2"
"2","0.947697495575994","0.143649139404297","34.4119987487793","2"
"2","0.957711017690599","0.145856964111328","34.5120010375977","2"
"2","0.967724539805204","0.147363159179688","34.6119995117188","2"
"2","0.977738061919808","0.149557434082031","34.7120018005371","2"
"2","0.987751525826752","0.151579742431641","34.8120002746582","2"
"2","0.997718540020287","0.153918014526367","34.9119987487793","2"
"2","1.00782513618469","0.155619262695313","35.0120010375977","2"
"2","1.01769890170544","0.157856597900391","35.1119995117188","2"
"2","1.02780561428517","0.159782531738281","35.2120018005371","2"
"2","1.03777251206338","0.161271011352539","35.3120002746582","2"
"2","1.04764639399946","0.163560180664062","35.4119987487793","2"
"2","1.05779955629259","0.165460662841797","35.5120010375977","2"
"2","1.06767332181334","0.167589492797852","35.6119995117188","2"
"2","1.07778003439307","0.169498184204102","35.7120018005371","2"
"2","1.08770036604255","0.171505859375","35.8120002746582","2"
"2","1.09780707862228","0.173298065185547","35.9119987487793","2"
"2","1.10772741027176","0.175341217041016","36.0120010375977","2"
"2","1.11769430804998","0.177506713867187","36.1119995117188","2"
"2","1.12775445450097","0.179453125","36.2120018005371","2"
"2","1.13767478615046","0.181306335449219","36.3120002746582","2"
"2","1.14778149873018","0.183383163452148","36.4119987487793","2"
"2","1.15770183037966","0.185239837646484","36.5120010375977","2"
"2","1.16776197683066","0.187517349243164","36.6119995117188","2"
"2","1.17772887460887","0.189092864990234","36.7120018005371","2"
"2","1.18769577238709","0.191423736572266","36.8120002746582","2"
"2","1.19780248496681","0.193292236328125","36.9119987487793","2"
"2","1.20762968435884","0.19531755065918","37.0120010375977","2"
"2","1.21782952919602","0.196983184814453","37.1119995117188","2"
"2","1.22770329471678","0.19893669128418","37.2120018005371","2"
"2","1.23771675862372","0.20097639465332","37.3120002746582","2"
"2","1.24777690507472","0.202939437866211","37.4119987487793","2"
"2","1.25774380285293","0.205217803955078","37.5120010375977","2"
"2","1.26775738317519","0.20699201965332","37.6119995117188","2"
"2","1.27763114869595","0.209162857055664","37.7120018005371","2"
"2","1.28778431098908","0.21083039855957","37.8120002746582","2"
"2","1.29770475905389","0.212673416137695","37.9119987487793","2"
"2","1.30771822296083","0.214768936157227","38.0120010375977","2"
"2","1.3177318032831","0.216985076904297","38.1119995117188","2"
"2","1.32774526719004","0.219045104980469","38.2120018005371","2"
"2","1.33775873109698","0.220817779541016","38.3120002746582","2"
"2","1.34767917916179","0.2232607421875","38.4119987487793","2"
"2","1.35778577532619","0.224666610717773","38.5120010375977","2"
"2","1.367706223391","0.22677392578125","38.6119995117188","2"
"2","1.37776625342667","0.228663787841797","38.7120018005371","2"
"2","1.38777971733361","0.230544906616211","38.8120002746582","2"
"2","1.39770016539842","0.232624908447266","38.9119987487793","2"
"2","1.40780676156282","0.234666442871094","39.0120010375977","2"
"2","1.4176806434989","0.236415939331055","39.1119995117188","2"
"2","1.42774067353457","0.238447143554688","39.2120018005371","2"
"2","1.43770757131279","0.240526458740234","39.3120002746582","2"
"2","1.44776771776378","0.242262878417969","39.4119987487793","2"
"2","1.45778118167073","0.244245910644531","39.5120010375977","2"
"2","1.46770162973553","0.246215469360352","39.6119995117188","2"
"2","1.47780822589993","0.248384948730469","39.7120018005371","2"
"2","1.48768199142069","0.249927017211914","39.8120002746582","2"
"2","1.48060265928507","0.248755142211914","39.9119987487793","2"
"2","1.4704029308632","0.246001327514648","40.0120010375977","2"
"2","1.46020308602601","0.243784255981445","40.1119995117188","2"
"2","1.45028275437653","0.241114562988281","40.2120018005371","2"
"2","1.44012947566807","0.239419219970703","40.3120002746582","2"
"2","1.43016257788986","0.236763046264648","40.4119987487793","2"
"2","1.42019556369632","0.234439025878906","40.5120010375977","2"
"2","1.41013553366065","0.232568695068359","40.6119995117188","2"
"2","1.40016863588244","0.230622528076172","40.7120018005371","2"
"2","1.39015505556017","0.227500137329102","40.8120002746582","2"
"2","1.38018815778196","0.225458145141602","40.9119987487793","2"
"2","1.37008144520223","0.223582595825195","41.0120010375977","2"
"2","1.36016111355275","0.221425262451172","41.1119995117188","2"
"2","1.35014764964581","0.219077835083008","41.2120018005371","2"
"2","1.34008750319481","0.216778793334961","41.3120002746582","2"
"2","1.33016717154533","0.214652923583984","41.4119987487793","2"
"2","1.32010702509433","0.212677841186523","41.5120010375977","2"
"2","1.31018669344485","0.210167739868164","41.6119995117188","2"
"2","1.30007998086512","0.207744049072266","41.7120018005371","2"
"2","1.29015964921564","0.205802978515625","41.8120002746582","2"
"2","1.28009961917996","0.203454528808594","41.9119987487793","2"
"2","1.2700860388577","0.201271789550781","42.0120010375977","2"
"2","1.26021227333695","0.199111434936523","42.1119995117188","2"
"2","1.25010556075722","0.197186096191406","42.2120018005371","2"
"2","1.24013866297901","0.19504296875","42.3120002746582","2"
"2","1.23012519907206","0.19283561706543","42.4119987487793","2"
"2","1.22015818487853","0.190219528198242","42.5120010375977","2"
"2","1.21009815484285","0.188315658569336","42.6119995117188","2"
"2","1.20013114064932","0.185925491333008","42.7120018005371","2"
"2","1.19016424287111","0.183757614135742","42.8120002746582","2"
"2","1.18010421283543","0.181819946289063","42.9119987487793","2"
"2","1.17018376477063","0.179647720336914","43.0120010375977","2"
"2","1.16012373473495","0.177841552734375","43.1119995117188","2"
"2","1.15015672054142","0.17544889831543","43.2120018005371","2"
"2","1.14014325663447","0.173225082397461","43.3120002746582","2"
"2","1.13012979272753","0.171229431152344","43.4119987487793","2"
"2","1.120162778534","0.168878189086914","43.5120010375977","2"
"2","1.11005618236959","0.166811370849609","43.6119995117188","2"
"2","1.10022898297757","0.164775436401367","43.7120018005371","2"
"2","1.09012227039784","0.162551620483398","43.8120002746582","2"
"2","1.0801088064909","0.16056559753418","43.9119987487793","2"
"2","1.07018835842609","0.158588912963867","44.0120010375977","2"
"2","1.06012832839042","0.156352432250977","44.1119995117188","2"
"2","1.05016131419688","0.153739105224609","44.2120018005371","2"
"2","1.04010128416121","0.151840286254883","44.3120002746582","2"
"2","1.03018095251173","0.149701965332031","44.4119987487793","2"
"2","1.020074239932","0.147850402832031","44.5120010375977","2"
"2","1.01015390828252","0.145730163574219","44.6119995117188","2"
"2","1.00014032796025","0.14343293762207","44.7120018005371","2"
"2","0.990126864053309","0.141516342163086","44.8120002746582","2"
"2","0.980159966275096","0.139474319458008","44.9119987487793","2"
"2","0.9700998198241","0.137282135009766","45.0120010375977","2"
"2","0.960179488174617","0.135616439819336","45.1119995117188","2"
"2","0.950119399931282","0.133081604003906","45.2120018005371","2"
"2","0.940152443945408","0.131333755493164","45.3120002746582","2"
"2","0.930138921830803","0.129428192138672","45.4119987487793","2"
"2","0.920078833587468","0.127126838684082","45.5120010375977","2"
"2","0.910205068066716","0.125217582702637","45.6119995117188","2"
"2","0.900051847565919","0.12324210357666","45.7120018005371","2"
"2","0.890178023837507","0.121185119628906","45.8120002746582","2"
"2","0.880164501722902","0.119217124938965","45.9119987487793","2"
"2","0.870150979608297","0.116860557556152","46.0120010375977","2"
"2","0.860137515701354","0.114799591064453","46.1119995117188","2"
"2","0.850123993586749","0.112949882507324","46.2120018005371","2"
"2","0.840157037600875","0.110761299133301","46.3120002746582","2"
"2","0.830050383228809","0.108630828857422","46.4119987487793","2"
"2","0.820176559500396","0.106646980285645","46.5120010375977","2"
"2","0.810116529464722","0.104615814208984","46.6119995117188","2"
"2","0.800149573478848","0.10272061920166","46.7120018005371","2"
"2","0.790136051364243","0.100612152099609","46.8120002746582","2"
"2","0.780122529249638","0.0988536911010742","46.9119987487793","2"
"2","0.770155573263764","0.0967275161743164","47.0120010375977","2"
"2","0.760095485020429","0.0950731658935547","47.1119995117188","2"
"2","0.750221719499677","0.0929176788330078","47.2120018005371","2"
"2","0.740115065127611","0.0907333145141602","47.3120002746582","2"
"2","0.730101543013006","0.0889975738525391","47.4119987487793","2"
"2","0.720181153155863","0.0871900100708008","47.5120010375977","2"
"2","0.710121064912528","0.0851951217651367","47.6119995117188","2"
"2","0.700154167134315","0.0832321701049805","47.7120018005371","2"
"2","0.69014064501971","0.0810053100585938","47.8120002746582","2"
"2","0.680173689033836","0.0793309936523438","47.9119987487793","2"
"2","0.67006703466177","0.0772665023803711","48.0120010375977","2"
"2","0.660146703012288","0.0757731170654297","48.1119995117188","2"
"2","0.650179747026414","0.0735739974975586","48.2120018005371","2"
"2","0.640119658783078","0.0721059341430664","48.3120002746582","2"
"2","0.630199268925935","0.0698670349121094","48.4119987487793","2"
"2","0.620092614553869","0.0682986297607422","48.5120010375977","2"
"2","0.610172282904387","0.0664974670410156","48.6119995117188","2"
"2","0.600112194661051","0.0643453140258789","48.7120018005371","2"
"2","0.590145238675177","0.0624805946350098","48.8120002746582","2"
"2","0.580178282689303","0.0608284721374512","48.9119987487793","2"
"2","0.570071628317237","0.0588208198547363","49.0120010375977","2"
"2","0.560197862796485","0.0571261749267578","49.1119995117188","2"
"2","0.550044584088027","0.0552497444152832","49.2120018005371","2"
"2","0.540170818567276","0.0537994079589844","49.3120002746582","2"
"2","0.530203862581402","0.0517501068115234","49.4119987487793","2"
"2","0.520097208209336","0.0498017311096191","49.5120010375977","2"
"2","0.510130252223462","0.0480052947998047","49.6119995117188","2"
"2","0.500163354445249","0.0462420425415039","49.7120018005371","2"
"2","0.490196398459375","0.0444373512268066","49.8120002746582","2"
"2","0.480043148854747","0.042762508392334","49.9119987487793","2"
"2","0.470169383333996","0.0413225593566895","50.0120010375977","2"
"2","0.460155861219391","0.0396886405944824","50.1119995117188","2"
"2","0.450095772976056","0.0376468696594238","50.2120018005371","2"
"2","0.440128846094012","0.0364041442871094","50.3120002746582","2"
"2","0.430115323979408","0.0345844345092773","50.4119987487793","2"
"2","0.420194963226095","0.0329972229003906","50.5120010375977","2"
"2","0.410088279750198","0.0317659492492676","50.6119995117188","2"
"2","0.400167918996885","0.0300615253448486","50.7120018005371","2"
"2","0.39010783075355","0.0283797569274902","50.8120002746582","2"
"2","0.380094337742776","0.0267235622406006","50.9119987487793","2"
"2","0.370220543118194","0.0251543083190918","51.0120010375977","2"
"2","0.360113888746127","0.0238526363372803","51.1119995117188","2"
"2","0.350146932760254","0.0223841991424561","51.2120018005371","2"
"2","0.340133439749479","0.0210477962493896","51.3120002746582","2"
"2","0.330166483763605","0.0196519508361816","51.4119987487793","2"
"2","0.32010639552027","0.0182299022674561","51.5120010375977","2"
"2","0.310139468638226","0.0170684146881104","51.6119995117188","2"
"2","0.300172512652352","0.0157112512588501","51.7120018005371","2"
"2","0.290112424409017","0.0143372678756714","51.8120002746582","2"
"2","0.280192063655704","0.0131332559585571","51.9119987487793","2"
"2","0.270085409283638","0.0119608325958252","52.0120010375977","2"
"2","0.260165048530325","0.0105291023254395","52.1119995117188","2"
"2","0.25010496028699","0.00947103500366211","52.2120018005371","2"
"2","0.240091438172385","0.0082103328704834","52.3120002746582","2"
"2","0.230171077419072","0.00721743726730347","52.4119987487793","2"
"2","0.220110989175737","0.00591126823425293","52.5120010375977","2"
"3","0.212891944102012","0.00494381666183472","52.6119995117188","3"
"3","0.222439717617817","0.00712418079376221","52.7120018005371","3"
"3","0.232825826969929","0.00851185989379883","52.8120002746582","3"
"3","0.242932481341995","0.010202805519104","52.9119987487793","3"
"3","0.252899422775954","0.011676139831543","53.0120010375977","3"
"3","0.26300607714802","0.0134244832992554","53.1119995117188","3"
"3","0.272926437901333","0.0152527532577515","53.2120018005371","3"
"3","0.282986526144668","0.0169906272888184","53.3120002746582","3"
"3","0.292953482130542","0.0186256790161133","53.4119987487793","3"
"3","0.303013570373878","0.0203570346832275","53.5120010375977","3"
"3","0.312980497255921","0.0217733211517334","53.6119995117188","3"
"3","0.322947453241795","0.0233363761901855","53.7120018005371","3"
"3","0.333054107613862","0.0252855777740479","53.8120002746582","3"
"3","0.342927902238443","0.0270608501434326","53.9119987487793","3"
"3","0.352987990481779","0.0288282661437988","54.0120010375977","3"
"3","0.362954917363822","0.0303108749389648","54.1119995117188","3"
"3","0.373015005607158","0.0317641906738281","54.2120018005371","3"
"3","0.382981961593032","0.0340684814453125","54.3120002746582","3"
"3","0.392948888475075","0.0359569053649902","54.4119987487793","3"
"3","0.403055542847142","0.0377583847045898","54.5120010375977","3"
"3","0.412929337471724","0.0395642242431641","54.6119995117188","3"
"3","0.423082587076351","0.0411441917419434","54.7120018005371","3"
"3","0.432956352597103","0.0434083976745605","54.8120002746582","3"
"3","0.442923308582976","0.0450152168273926","54.9119987487793","3"
"3","0.453029962955043","0.0466019058227539","55.0120010375977","3"
"3","0.462950323708355","0.0485511054992676","55.1119995117188","3"
"3","0.473010411951691","0.0501953392028809","55.2120018005371","3"
"3","0.482930772705004","0.0523345603942871","55.3120002746582","3"
"3","0.4930374561809","0.0541631088256836","55.4119987487793","3"
"3","0.502957787830383","0.0559664878845215","55.5120010375977","3"
"3","0.512971309944987","0.0577535552978516","55.6119995117188","3"
"3","0.523031398188323","0.0598078918457031","55.7120018005371","3"
"3","0.532951788045466","0.0616739158630371","55.8120002746582","3"
"3","0.543011876288801","0.063621768951416","55.9119987487793","3"
"3","0.552932207938284","0.0652931365966797","56.0120010375977","3"
"3","0.563085486646742","0.0671504058837891","56.1119995117188","3"
"3","0.572959252167493","0.0691249389648438","56.2120018005371","3"
"3","0.583019340410829","0.0707700653076172","56.3120002746582","3"
"3","0.593032862525433","0.0727509841918945","56.4119987487793","3"
"3","0.602906628046185","0.0748925018310547","56.5120010375977","3"
"3","0.613059848546982","0.0766641006469727","56.6119995117188","3"
"3","0.622980238404125","0.0784559555053711","56.7120018005371","3"
"3","0.63299376051873","0.0805449523925781","56.8120002746582","3"
"3","0.643007282633334","0.08225390625","56.9119987487793","3"
"3","0.653020804747939","0.0842961349487305","57.0120010375977","3"
"3","0.662987702526152","0.0864507293701172","57.1119995117188","3"
"3","0.672908092383295","0.0882838745117187","57.2120018005371","3"
"3","0.683061312884092","0.0902470245361328","57.3120002746582","3"
"3","0.692935136612505","0.0918749389648437","57.4119987487793","3"
"3","0.70299522485584","0.0937503051757813","57.5120010375977","3"
"3","0.713008688762784","0.0957763671875","57.6119995117188","3"
"3","0.723022210877389","0.0973602752685547","57.7120018005371","3"
"3","0.732989166863263","0.0997197952270508","57.8120002746582","3"
"3","0.742956122849137","0.101330703735352","57.9119987487793","3"
"3","0.753062777221203","0.103706535339355","58.0120010375977","3"
"3","0.762936542741954","0.105334564208984","58.1119995117188","3"
"3","0.773043197114021","0.107106948852539","58.2120018005371","3"
"3","0.782963586971164","0.109366371154785","58.3120002746582","3"
"3","0.792977109085768","0.110765609741211","58.4119987487793","3"
"3","0.803037197329104","0.113029159545898","58.5120010375977","3"
"3","0.812957528978586","0.114991874694824","58.6119995117188","3"
"3","0.823017617221922","0.116968795776367","58.7120018005371","3"
"3","0.832938007079065","0.119033920288086","58.8120002746582","3"
"3","0.843044661451131","0.121147399902344","58.9119987487793","3"
"3","0.852965051308274","0.122972763061523","59.0120010375977","3"
"3","0.862978515215218","0.125098152160645","59.1119995117188","3"
"3","0.873038603458554","0.126788055419922","59.2120018005371","3"
"3","0.882958993315697","0.128859283447266","59.3120002746582","3"
"3","0.893019081559032","0.130862258911133","59.4119987487793","3"
"3","0.902939413208514","0.132744003295898","59.5120010375977","3"
"3","0.913046125788242","0.134515701293945","59.6119995117188","3"
"3","0.922966457437724","0.136773376464844","59.7120018005371","3"
"3","0.932979979552329","0.138559280395508","59.8120002746582","3"
"3","0.943040067795664","0.140711975097656","59.9119987487793","3"
"3","0.952913833316416","0.142899520874023","60.0120010375977","3"
"3","0.963067112024873","0.144655212402344","60.1119995117188","3"
"3","0.972940877545625","0.146504684448242","60.2120018005371","3"
"3","0.98300096578896","0.14819743347168","60.3120002746582","3"
"3","0.993014429695904","0.149988632202148","60.4119987487793","3"
"3","1.00298144388944","0.15240364074707","60.5120010375977","3"
"3","1.01299490779638","0.154674789428711","60.6119995117188","3"
"3","1.02296192198992","0.156452362060547","60.7120018005371","3"
"3","1.03306851815432","0.158433090209961","60.8120002746582","3"
"3","1.04294228367507","0.16053352355957","60.9119987487793","3"
"3","1.05300243012607","0.162666870117188","61.0120010375977","3"
"3","1.06301589403301","0.164390075683594","61.1119995117188","3"
"3","1.07298290822655","0.166777282714844","61.2120018005371","3"
"3","1.08299637213349","0.168288391113281","61.3120002746582","3"
"3","1.09296326991171","0.170438049316406","61.4119987487793","3"
"3","1.10306998249143","0.172272506713867","61.5120010375977","3"
"3","1.11289718188345","0.173945037841797","61.6119995117188","3"
"3","1.12305046059191","0.176089981079102","61.7120018005371","3"
"3","1.13301735837013","0.178282196044922","61.8120002746582","3"
"3","1.14293769001961","0.180218170166016","61.9119987487793","3"
"3","1.15304440259933","0.182038360595703","62.0120010375977","3"
"3","1.16296473424882","0.184626617431641","62.1119995117188","3"
"3","1.17302488069981","0.186298797607422","62.2120018005371","3"
"3","1.1829452123493","0.188125152587891","62.3120002746582","3"
"3","1.19300524238497","0.190348190307617","62.4119987487793","3"
"3","1.20297225657851","0.192228942871094","62.5120010375977","3"
"3","1.21293915435672","0.194326080322266","62.6119995117188","3"
"3","1.22304586693645","0.196361511230469","62.7120018005371","3"
"3","1.23296619858593","0.198334671020508","62.8120002746582","3"
"3","1.24302634503692","0.200483276367187","62.9119987487793","3"
"3","1.25294667668641","0.20196647644043","63.0120010375977","3"
"3","1.26300670672208","0.203926803588867","63.1119995117188","3"
"3","1.27297372091562","0.206287643432617","63.2120018005371","3"
"3","1.28298718482256","0.208260604858398","63.3120002746582","3"
"3","1.29304733127356","0.20993489074707","63.4119987487793","3"
"3","1.30287453066558","0.212265090942383","63.5120010375977","3"
"3","1.31307425908744","0.214706069946289","63.6119995117188","3"
"3","1.32299470715225","0.216336730957031","63.7120018005371","3"
"3","1.33296160493046","0.218559600830078","63.8120002746582","3"
"3","1.34302175138146","0.220112060546875","63.9119987487793","3"
"3","1.35298864915967","0.222142486572266","64.0120010375977","3"
"3","1.36300211306661","0.224339920043945","64.1119995117188","3"
"3","1.37292256113142","0.226457794189453","64.2119979858398","3"
"3","1.38307572342455","0.228019302368164","64.3119964599609","3"
"3","1.39294948894531","0.230378540039062","64.4120025634766","3"
"3","1.4030096353963","0.232589752197266","64.5120010375977","3"
"3","1.41302309930325","0.234358383178711","64.6119995117188","3"
"3","1.42299011349678","0.23614225769043","64.7119979858398","3"
"3","1.43300357740372","0.238510406494141","64.8119964599609","3"
"3","1.44297047518194","0.240617248535156","64.9120025634766","3"
"3","1.45307718776166","0.242476974487305","65.0120010375977","3"
"3","1.46295095328242","0.244163238525391","65.1119995117188","3"
"3","1.47301109973341","0.246350387573242","65.2119979858398","3"
"3","1.48302456364036","0.248047256469727","65.3119964599609","3"
"3","1.49289832916111","0.250046646118164","65.4120025634766","3"
"3","1.48344377521425","0.248309432983398","65.5120010375977","3"
"3","1.47310423199087","0.246041763305664","65.6119995117188","3"
"3","1.46309065166861","0.243122039794922","65.7119979858398","3"
"3","1.45293748937547","0.240872970581055","65.8119964599609","3"
"3","1.44297047518194","0.238710067749023","65.9120025634766","3"
"3","1.43291044514626","0.236623336791992","66.0120010375977","3"
"3","1.42294354736805","0.234499160766602","66.1119995117188","3"
"3","1.41297653317451","0.232324096679688","66.2119979858398","3"
"3","1.40286993701011","0.230013229370117","66.3119964599609","3"
"3","1.39299617148936","0.227504180908203","66.4120025634766","3"
"3","1.38288945890963","0.225442916870117","66.5120010375977","3"
"3","1.37292256113142","0.223027038574219","66.6119995117188","3"
"3","1.36290898080915","0.22036279296875","66.7119979858398","3"
"3","1.35289551690221","0.218406066894531","66.8119964599609","3"
"3","1.3429750688374","0.216118194580078","66.9120025634766","3"
"3","1.332868472673","0.214307830810547","67.0120010375977","3"
"3","1.32299470715225","0.211905914306641","67.1119995117188","3"
"3","1.31284142844379","0.209746047973633","67.2119979858398","3"
"3","1.30292109679431","0.207396148681641","67.3119964599609","3"
"3","1.29295408260077","0.205735000610352","67.4120025634766","3"
"3","1.2828940525651","0.202962951660156","67.5120010375977","3"
"3","1.27292715478688","0.200693481445313","67.6119995117188","3"
"3","1.26291357446462","0.198439682006836","67.7119979858398","3"
"3","1.25294667668641","0.196631576538086","67.8119964599609","3"
"3","1.24283996410668","0.194589889526367","67.9120025634766","3"
"3","1.23296619858593","0.192495819091797","68.0120010375977","3"
"3","1.22290616855025","0.190264877319336","68.1119995117188","3"
"3","1.21289258822799","0.187763076782227","68.2119979858398","3"
"3","1.20292569044977","0.185099685668945","68.3119964599609","3"
"3","1.19291211012751","0.183601699829102","68.4120025634766","3"
"3","1.18299177847803","0.181410171508789","68.5120010375977","3"
"3","1.1728850658983","0.179258026123047","68.6119995117188","3"
"3","1.16296473424882","0.177199417114258","68.7119979858398","3"
"3","1.15290470421314","0.175118759155273","68.8119964599609","3"
"3","1.14289112389088","0.173052871704102","68.9120025634766","3"
"3","1.13297079224139","0.170847320556641","69.0120010375977","3"
"3","1.12286407966167","0.16843684387207","69.1119995117188","3"
"3","1.11294374801219","0.166612869262695","69.2119979858398","3"
"3","1.10293028410524","0.164409286499023","69.3119964599609","3"
"3","1.09291670378298","0.162422927856445","69.4120025634766","3"
"3","1.0828566737473","0.160090087890625","69.5120010375977","3"
"3","1.07293634209782","0.158252548217773","69.6119995117188","3"
"3","1.06296932790428","0.156369918823242","69.7119979858398","3"
"3","1.05281616561115","0.154063720703125","69.8119964599609","3"
"3","1.04298884980381","0.151854217529297","69.9120025634766","3"
"3","1.0328822536394","0.149873291015625","70.0120010375977","3"
"3","1.02291535586119","0.147229843139648","70.1119995117188","3"
"3","1.01290177553892","0.145476501464844","70.2119979858398","3"
"3","1.00293487776071","0.143303268432617","70.3119964599609","3"
"3","0.992967863567173","0.140954391479492","70.4120025634766","3"
"3","0.982814701274037","0.139087753295898","70.5120010375977","3"
"3","0.972987443674356","0.137018966674805","70.6119995117188","3"
"3","0.962880789302289","0.134883453369141","70.7119979858398","3"
"3","0.952913833316416","0.132784515380859","70.8119964599609","3"
"3","0.942946935538203","0.130836471557617","70.9120025634766","3"
"3","0.932886847294867","0.127922760009766","71.0120010375977","3"
"3","0.922919891308993","0.126657905578613","71.1119995117188","3"
"3","0.912906369194388","0.124073059082031","71.2119979858398","3"
"3","0.902939413208514","0.122365188598633","71.3119964599609","3"
"3","0.892879324965179","0.120564750671387","71.4120025634766","3"
"3","0.882958993315697","0.118736877441406","71.5120010375977","3"
"3","0.872945471201092","0.116060691833496","71.6119995117188","3"
"3","0.862885382957757","0.114189430236816","71.7119979858398","3"
"3","0.852965051308274","0.112293342590332","71.8119964599609","3"
"3","0.842858338728547","0.109987403869629","71.9120025634766","3"
"3","0.832938007079065","0.107991813659668","72.0120010375977","3"
"3","0.822877918835729","0.106199630737305","72.1119995117188","3"
"3","0.812957528978586","0.10400569152832","72.2119979858398","3"
"3","0.802944006863981","0.10179362487793","72.3119964599609","3"
"3","0.792883918620646","0.099891357421875","72.4120025634766","3"
"3","0.782963586971164","0.0982032775878906","72.5120010375977","3"
"3","0.772856932599097","0.0961207580566406","72.6119995117188","3"
"3","0.762936542741954","0.0942224197387695","72.7119979858398","3"
"3","0.75292302062735","0.0920625381469727","72.8119964599609","3"
"3","0.742909498512745","0.0900220108032227","72.9120025634766","3"
"3","0.732896034605801","0.0882550048828125","73.0120010375977","3"
"3","0.722929078619927","0.0865554962158203","73.1119995117188","3"
"3","0.712962122634053","0.0843415832519531","73.2119979858398","3"
"3","0.702855468261987","0.0824022216796875","73.3119964599609","3"
"3","0.692981702741235","0.0808697967529297","73.4120025634766","3"
"3","0.6829216144979","0.0788045043945313","73.5120010375977","3"
"3","0.672908092383295","0.0766374664306641","73.6119995117188","3"
"3","0.662941136397421","0.074617431640625","73.7119979858398","3"
"3","0.652927614282817","0.0728594131469727","73.8119964599609","3"
"3","0.642960716504604","0.0711272277832031","73.9120025634766","3"
"3","0.632854003924876","0.0692180023193359","74.0120010375977","3"
"3","0.622980238404125","0.0675768661499023","74.1119995117188","3"
"3","0.612920150160789","0.0649380798339844","74.2119979858398","3"
"3","0.602906628046185","0.0634534797668457","74.3119964599609","3"
"3","0.592939730267972","0.0614429931640625","74.4120025634766","3"
"3","0.582879642024636","0.0598900146484375","74.5120010375977","3"
"3","0.572959252167493","0.0583299674987793","74.6119995117188","3"
"3","0.562899163924158","0.0563555564880371","74.7119979858398","3"
"3","0.552932207938284","0.0544426574707031","74.8119964599609","3"
"3","0.542872119694948","0.0524578437805176","74.9120025634766","3"
"3","0.532951788045466","0.0507544860839844","75.0120010375977","3"
"3","0.522938265930861","0.0492136917114258","75.1119995117188","3"
"3","0.512831611558795","0.0475405769348145","75.2119979858398","3"
"3","0.503004353959113","0.0455453186035156","75.3119964599609","3"
"3","0.492897699587047","0.0439653358459473","75.4120025634766","3"
"3","0.482930772705004","0.0421471328735352","75.5120010375977","3"
"3","0.472870684461668","0.0403322448730469","75.6119995117188","3"
"3","0.462903757579625","0.0388589019775391","75.7119979858398","3"
"3","0.452936801593751","0.0370051803588867","75.8119964599609","3"
"3","0.442876742454246","0.0352678031921387","75.9120025634766","3"
"3","0.433002947829664","0.0339608154296875","76.0120010375977","3"
"3","0.422896264353767","0.032332691192627","76.1119995117188","3"
"3","0.412929337471724","0.0307850875854492","76.2119979858398","3"
"3","0.402915815357119","0.0292033729553223","76.3119964599609","3"
"3","0.392902322346345","0.0277326526641846","76.4120025634766","3"
"3","0.382935366360471","0.0260381011962891","76.5120010375977","3"
"3","0.372921873349696","0.0247796096801758","76.6119995117188","3"
"3","0.362954917363822","0.023418004989624","76.7119979858398","3"
"3","0.352848262991756","0.0219761371612549","76.8119964599609","3"
"3","0.342974468367174","0.0203217716217041","76.9120025634766","3"
"3","0.332914380123839","0.0186923694610596","77.0120010375977","3"
"3","0.322854291880503","0.0175731887817383","77.1119995117188","3"
"3","0.312933931127191","0.0160666007995605","77.2119979858398","3"
"3","0.302920409012586","0.0145186920166016","77.3119964599609","3"
"3","0.292953482130542","0.0132533502578735","77.4120025634766","3"
"3","0.282846827758476","0.011898720741272","77.5120010375977","3"
"3","0.272973033133894","0.0109413232803345","77.6119995117188","3"
"3","0.262959511019289","0.009875563621521","77.7119979858398","3"
"3","0.252852856647223","0.0086135139465332","77.8119964599609","3"
"3","0.242979062022641","0.00732847452163696","77.9120025634766","3"
"3","0.23287239309866","0.00702953481674194","78.0120010375977","3"
"3","0.222905466216616","0.00548369741439819","78.1119995117188","3"
"4","0.223697221372277","0.0055775933265686","78.2119979858398","4"
"4","0.233850456424989","0.00740496492385864","78.3119964599609","4"
"4","0.244189985096455","0.00882977199554443","78.4120025634766","4"
"4","0.254110374953598","0.0104263925552368","78.5120010375977","4"
"4","0.264263595454395","0.0122389469146729","78.6119995117188","4"
"4","0.274230522336438","0.0140324239730835","78.7119979858398","4"
"4","0.284197478322312","0.015421498298645","78.8119964599609","4"
"4","0.294304132694378","0.0173114700317383","78.9120025634766","4"
"4","0.304224493447691","0.0189292888641357","79.0120010375977","4"
"4","0.314284581691027","0.0204666290283203","79.1119995117188","4"
"4","0.324204942444339","0.0225127143859863","79.2119979858398","4"
"4","0.334311625920236","0.0243751487731934","79.3119964599609","4"
"4","0.344231986673549","0.025730504989624","79.4120025634766","4"
"4","0.354245479684323","0.0272564926147461","79.5120010375977","4"
"4","0.364259001798928","0.0290535144805908","79.6119995117188","4"
"4","0.374225957784802","0.0307813854217529","79.7119979858398","4"
"4","0.384286046028137","0.0328075141906738","79.8119964599609","4"
"4","0.39420640678145","0.0345093002319336","79.9120025634766","4"
"4","0.404313061153516","0.0364456901550293","80.0120010375977","4"
"4","0.414233421906829","0.0380249824523926","80.1119995117188","4"
"4","0.424246944021434","0.0398712043762207","80.2119979858398","4"
"4","0.434260437032208","0.0413333549499512","80.3119964599609","4"
"4","0.44413423165679","0.0430813941955566","80.4120025634766","4"
"4","0.454334047390148","0.0452774543762207","80.5120010375977","4"
"4","0.46420784201473","0.047024040222168","80.6119995117188","4"
"4","0.474267930258065","0.0484399261474609","80.7119979858398","4"
"4","0.48428145237267","0.0505336570739746","80.8119964599609","4"
"4","0.494248350150883","0.0523060569763184","80.9120025634766","4"
"4","0.504261872265488","0.0545956573486328","81.0120010375977","4"
"4","0.514182262122631","0.056186695098877","81.1119995117188","4"
"4","0.524335482623428","0.0579722290039063","81.2119979858398","4"
"4","0.53420930635184","0.0598902206420898","81.3119964599609","4"
"4","0.544269394595176","0.0618608436584473","81.4120025634766","4"
"4","0.554236292373389","0.0636184425354004","81.5120010375977","4"
"4","0.564249814487994","0.0655326309204102","81.6119995117188","4"
"4","0.574263336602598","0.0673517456054687","81.7119979858398","4"
"4","0.584183726459742","0.0695028991699219","81.8119964599609","4"
"4","0.594336946960539","0.0711772155761719","81.9120025634766","4"
"4","0.604164146352559","0.073039909362793","82.0120010375977","4"
"4","0.614317366853356","0.07517919921875","82.1119995117188","4"
"4","0.62428432283923","0.0769894104003906","82.2119979858398","4"
"4","0.634204712696373","0.078869873046875","82.3119964599609","4"
"4","0.64431136706844","0.0809261322021484","82.4120025634766","4"
"4","0.654231698717922","0.0828667068481445","82.5120010375977","4"
"4","0.664245220832527","0.0845238800048828","82.6119995117188","4"
"4","0.674212176818401","0.0864403305053711","82.7119979858398","4"
"4","0.684318831190467","0.0886025466918945","82.8119964599609","4"
"4","0.694285787176341","0.0908559494018555","82.9120025634766","4"
"4","0.704206118825823","0.0926381530761719","83.0120010375977","4"
"4","0.714312773197889","0.0943310012817383","83.1119995117188","4"
"4","0.724233163055032","0.0964950714111328","83.2119979858398","4"
"4","0.734293251298368","0.0984013748168945","83.3119964599609","4"
"4","0.744167016819119","0.100081825256348","83.4120025634766","4"
"4","0.754320295527577","0.102235832214355","83.5120010375977","4"
"4","0.76424062717706","0.104326934814453","83.6119995117188","4"
"4","0.774254149291664","0.106238662719727","83.7119979858398","4"
"4","0.784314237535","0.108242309570313","83.8119964599609","4"
"4","0.794188003055751","0.10996004486084","83.9120025634766","4"
"4","0.804341281764209","0.112204048156738","84.0120010375977","4"
"4","0.814215047284961","0.11413484954834","84.1119995117188","4"
"4","0.824228569399565","0.115872062683105","84.2119979858398","4"
"4","0.834288657642901","0.117486930847168","84.3119964599609","4"
"4","0.844209047500044","0.119802726745605","84.4120025634766","4"
"4","0.85426913574338","0.121605613708496","84.5120010375977","4"
"4","0.864189467392862","0.12391822052002","84.6119995117188","4"
"4","0.874342687893659","0.125682586669922","84.7119979858398","4"
"4","0.884216511622071","0.127533195495605","84.8119964599609","4"
"4","0.894230033736676","0.129331497192383","84.9120025634766","4"
"4","0.90424349764362","0.131660461425781","85.0120010375977","4"
"4","0.914257019758224","0.133777328491211","85.1119995117188","4"
"4","0.924270541872829","0.135714721679688","85.2119979858398","4"
"4","0.934190931729972","0.137775375366211","85.3119964599609","4"
"4","0.944344152230769","0.139545501708984","85.4120025634766","4"
"4","0.95417135162279","0.141135528564453","85.5120010375977","4"
"4","0.964278005994856","0.143796096801758","85.6119995117188","4"
"4","0.97424496198073","0.145364288330078","85.7119979858398","4"
"4","0.984211917966604","0.147562408447266","85.8119964599609","4"
"4","0.994365196675062","0.148951324462891","85.9120025634766","4"
"4","1.00423896219581","0.151456741333008","86.0120010375977","4"
"4","1.01429899223149","0.153577728271484","86.1119995117188","4"
"4","1.02421944029629","0.155551513671875","86.2119979858398","4"
"4","1.03427947033197","0.157237945556641","86.3119964599609","4"
"4","1.04424636811018","0.159839614868164","86.4120025634766","4"
"4","1.05421338230371","0.16139680480957","86.5120010375977","4"
"4","1.06431997846812","0.163655731201172","86.6119995117188","4"
"4","1.07419374398887","0.165373077392578","86.7119979858398","4"
"4","1.08425389043987","0.167914001464844","86.8119964599609","4"
"4","1.09422078821808","0.169479187011719","86.9120025634766","4"
"4","1.10428093466908","0.171531509399414","87.0120010375977","4"
"4","1.11424783244729","0.173392486572266","87.1119995117188","4"
"4","1.12421484664083","0.175636291503906","87.2119979858398","4"
"4","1.13432144280523","0.177279724121094","87.3119964599609","4"
"4","1.14414864219725","0.179470367431641","87.4120025634766","4"
"4","1.15430192090571","0.181427520751953","87.5120010375977","4"
"4","1.16422225255519","0.183394927978516","87.6119995117188","4"
"4","1.17423583287746","0.185671798706055","87.7119979858398","4"
"4","1.18429586291313","0.187504119873047","87.8119964599609","4"
"4","1.19421619456261","0.189507217407227","87.9120025634766","4"
"4","1.20427634101361","0.191272476196289","88.0120010375977","4"
"4","1.21419667266309","0.193342864990234","88.1119995117188","4"
"4","1.22430338524282","0.195606491088867","88.2119979858398","4"
"4","1.2342237168923","0.197277053833008","88.3119964599609","4"
"4","1.24423718079925","0.199401779174805","88.4120025634766","4"
"4","1.25429732725024","0.201295700073242","88.5120010375977","4"
"4","1.26421765889972","0.202947036743164","88.6119995117188","4"
"4","1.27427780535072","0.205343002319336","88.7119979858398","4"
"4","1.2841981370002","0.2074033203125","88.8119964599609","4"
"4","1.29430484957993","0.209468826293945","88.9120025634766","4"
"4","1.30417861510068","0.211759475708008","89.0120010375977","4"
"4","1.31428521126509","0.213457244873047","89.1119995117188","4"
"4","1.32429879158735","0.215314025878906","89.2119979858398","4"
"4","1.3341725571081","0.217675567626953","89.3119964599609","4"
"4","1.34432583581656","0.219581741333008","89.4120025634766","4"
"4","1.35419960133731","0.221771591186523","89.5120010375977","4"
"4","1.36425963137299","0.223811141967773","89.6119995117188","4"
"4","1.37422664556652","0.225560302734375","89.7119979858398","4"
"4","1.3842866756022","0.227317779541016","89.8119964599609","4"
"4","1.39425357338041","0.229461685180664","89.9120025634766","4"
"4","1.40417402144521","0.231392730712891","90.0120010375977","4"
"4","1.41432718373835","0.233639114379883","90.1119995117188","4"
"4","1.42420106567442","0.235430252075195","90.2119979858398","4"
"4","1.4342610957101","0.23749267578125","90.3119964599609","4"
"4","1.44422799348831","0.23962890625","90.4120025634766","4"
"4","1.45428813993931","0.242001571655273","90.5120010375977","4"
"4","1.46425503771752","0.243626892089844","90.6119995117188","4"
"4","1.47422205191106","0.245447830200195","90.7119979858398","4"
"4","1.48432864807546","0.247670944213867","90.8119964599609","4"
"4","1.49415584746748","0.249587875366211","90.9120025634766","4"
"4","1.49150111246854","0.248901336669922","91.0120010375977","4"
"4","1.48116156924516","0.246939193725586","91.1119995117188","4"
"4","1.47091527469456","0.244442413330078","91.2119979858398","4"
"4","1.46085512824357","0.242085403442383","91.3119964599609","4"
"4","1.45088823046535","0.239929290771484","91.4120025634766","4"
"4","1.44078151788563","0.237417251586914","91.5120010375977","4"
"4","1.43086118623614","0.235278442382813","91.6119995117188","4"
"4","1.42084760591388","0.232961334228516","91.7119979858398","4"
"4","1.41083414200693","0.230719985961914","91.8119964599609","4"
"4","1.40077399555594","0.228326309204102","91.9120025634766","4"
"4","1.39080709777772","0.226345947265625","92.0120010375977","4"
"4","1.38084019999951","0.223971466064453","92.1119995117188","4"
"4","1.37073348741978","0.222018218994141","92.2119979858398","4"
"4","1.36085972189903","0.219691207885742","92.3119964599609","4"
"4","1.35079969186336","0.217578063964844","92.4120025634766","4"
"4","1.34078611154109","0.215019653320313","92.5120010375977","4"
"4","1.33081921376288","0.213195159912109","92.6119995117188","4"
"4","1.32080563344061","0.210705963134766","92.7119979858398","4"
"4","1.3108387356624","0.208623550415039","92.8119964599609","4"
"4","1.30073202308267","0.205688415527344","92.9120025634766","4"
"4","1.29085825756192","0.203782806396484","93.0120010375977","4"
"4","1.28075166139752","0.20176594543457","93.1119995117188","4"
"4","1.27078464720398","0.199091506958008","93.2119979858398","4"
"4","1.2608643155545","0.197204116821289","93.3119964599609","4"
"4","1.25075760297477","0.194697708129883","93.4120025634766","4"
"4","1.24079070519656","0.193044967651367","93.5120010375977","4"
"4","1.23077724128962","0.190841796875","93.6119995117188","4"
"4","1.22085679322481","0.188436889648437","93.7119979858398","4"
"4","1.21075019706041","0.186598022460938","93.8119964599609","4"
"4","1.20082986541092","0.184481842041016","93.9120025634766","4"
"4","1.19081628508866","0.182175262451172","94.0120010375977","4"
"4","1.18075625505298","0.1799638671875","94.1119995117188","4"
"4","1.17083580698818","0.17788427734375","94.2119979858398","4"
"4","1.16072921082377","0.175358169555664","94.3119964599609","4"
"4","1.15080876275897","0.173623092651367","94.4120025634766","4"
"4","1.1407487327233","0.171373306274414","94.5120010375977","4"
"4","1.13082840107381","0.169266448974609","94.6119995117188","4"
"4","1.12081482075155","0.16702294921875","94.7119979858398","4"
"4","1.11075479071587","0.165094970703125","94.8119964599609","4"
"4","1.10088102519512","0.162720642089844","94.9120025634766","4"
"4","1.09077431261539","0.160496292114258","95.0120010375977","4"
"4","1.08080741483718","0.158507537841797","95.1119995117188","4"
"4","1.07079383451492","0.156413284301758","95.2119979858398","4"
"4","1.06078037060797","0.15408723449707","95.3119964599609","4"
"4","1.05076679028571","0.151900695800781","95.4120025634766","4"
"4","1.04079989250749","0.15010090637207","95.5120010375977","4"
"4","1.03083299472928","0.147839782714844","95.6119995117188","4"
"4","1.02072628214955","0.145853729248047","95.7119979858398","4"
"4","1.01080595050007","0.143818115234375","95.8119964599609","4"
"4","1.00079237017781","0.141856552124023","95.9120025634766","4"
"4","0.990778906270862","0.139548309326172","96.0120010375977","4"
"4","0.980812008492649","0.138065643310547","96.1119995117188","4"
"4","0.970751862041652","0.135605697631836","96.2119979858398","4"
"4","0.96083153039217","0.133702560424805","96.3119964599609","4"
"4","0.950771442148834","0.131497940063477","96.4120025634766","4"
"4","0.940851052291691","0.129131134033203","96.5120010375977","4"
"4","0.930790964048356","0.127388610839844","96.6119995117188","4"
"4","0.920777441933751","0.12524739074707","96.7119979858398","4"
"4","0.910857110284269","0.123162582397461","96.8119964599609","4"
"4","0.900750455912203","0.121026863098145","96.9120025634766","4"
"4","0.890830066055059","0.118955230712891","97.0120010375977","4"
"4","0.880769977811724","0.117264434814453","97.1119995117188","4"
"4","0.87080302182585","0.11510326385498","97.2119979858398","4"
"4","0.860742933582515","0.113369026184082","97.3119964599609","4"
"4","0.850822601933032","0.110945648193359","97.4120025634766","4"
"4","0.840809079818428","0.10919017791748","97.5120010375977","4"
"4","0.830748991575092","0.107207160949707","97.6119995117188","4"
"4","0.82082865992561","0.105080589294434","97.7119979858398","4"
"4","0.810768571682274","0.103107460021973","97.8119964599609","4"
"4","0.800848181825131","0.101141189575195","97.9120025634766","4"
"4","0.790788093581796","0.0990321502685547","98.0120010375977","4"
"4","0.780774571467191","0.0969629211425781","98.1119995117188","4"
"4","0.770807615481317","0.0951056976318359","98.2119979858398","4"
"4","0.760747527237982","0.0929523315429688","98.3119964599609","4"
"4","0.75087376171723","0.090909538269043","98.4120025634766","4"
"4","0.740720541216433","0.0888105773925781","98.5120010375977","4"
"4","0.73080015135929","0.0869542922973633","98.6119995117188","4"
"4","0.720833195373416","0.0849712677001953","98.7119979858398","4"
"4","0.71077310713008","0.0831982040405273","98.8119964599609","4"
"4","0.700806209351867","0.0810043106079102","98.9120025634766","4"
"4","0.690792687237263","0.0790038299560547","99.0120010375977","4"
"4","0.680825731251389","0.0768181991577148","99.1119995117188","4"
"4","0.670719076879323","0.0751423416137695","99.2119979858398","4"
"4","0.660845311358571","0.0732280883789063","99.3119964599609","4"
"4","0.650785223115236","0.0717582626342773","99.4120025634766","4"
"4","0.640771701000631","0.0695494918823242","99.5120010375977","4"
"4","0.630804745014757","0.0674887084960938","99.6119995117188","4"
"4","0.620744656771421","0.0662166976928711","99.7119979858398","4"
"4","0.61087089125067","0.0642886657714844","99.8119964599609","4"
"4","0.600764236878604","0.0623613739013672","99.9120025634766","4"
"4","0.59079728089273","0.0600998153686523","100.012001037598","4"
"4","0.580783758778125","0.0584395751953125","100.111999511719","4"
"4","0.57077023666352","0.0564962043762207","100.21199798584","4"
"4","0.560849905014038","0.0550270652770996","100.311996459961","4"
"4","0.55069662630558","0.0530926818847656","100.412002563477","4"
"4","0.540822860784829","0.0513330192565918","100.512001037598","4"
"4","0.530809338670224","0.0498554496765137","100.611999511719","4"
"4","0.520795816555619","0.0478485679626465","100.71199798584","4"
"4","0.510735728312284","0.0465115165710449","100.811996459961","4"
"4","0.500815396662802","0.0444930648803711","100.912002563477","4"
"4","0.490848440676928","0.0426336402893066","101.012001037598","4"
"4","0.480741786304861","0.0408493690490723","101.111999511719","4"
"4","0.470867991680279","0.0391318550109863","101.21199798584","4"
"4","0.460761337308213","0.0376257514953613","101.311996459961","4"
"4","0.450794381322339","0.0361347351074219","101.412002563477","4"
"4","0.440780888311565","0.0338088607788086","101.512001037598","4"
"4","0.430813932325691","0.0324231185913086","101.611999511719","4"
"4","0.420847005443648","0.0308652973175049","101.71199798584","4"
"4","0.410740351071581","0.0291879291534424","101.811996459961","4"
"4","0.400866556446999","0.028101541519165","101.912002563477","4"
"4","0.390759872971103","0.0263916130065918","102.012001037598","4"
"4","0.380792946089059","0.0249523391723633","102.111999511719","4"
"4","0.370826019207016","0.0233975601196289","102.21199798584","4"
"4","0.36076593096368","0.0220196151733398","102.311996459961","4"
"4","0.350798974977806","0.0209065399169922","102.412002563477","4"
"4","0.340785481967032","0.0192913055419922","102.512001037598","4"
"4","0.330865092109889","0.0181754531860352","102.611999511719","4"
"4","0.320758437737823","0.0160146656036377","102.71199798584","4"
"4","0.31083807698451","0.0151377372741699","102.811996459961","4"
"4","0.300824554869905","0.0138357267379761","102.912002563477","4"
"4","0.29076446662657","0.0126217451095581","103.012001037598","4"
"4","0.280797539744526","0.0109996461868286","103.111999511719","4"
"4","0.270784017629921","0.0101400594711304","103.21199798584","4"
"4","0.260863656876609","0.00921731376647949","103.311996459961","4"
"4","0.250757002504542","0.00790544891357422","103.412002563477","4"
"4","0.240790061070584","0.00743097114562988","103.512001037598","4"
"4","0.230823119636625","0.00580330276489258","103.611999511719","4"
"5","0.220902758883312","0.00468117952346802","103.71199798584","5"
"5","0.228820412303321","0.00573321771621704","103.811996459961","5"
"5","0.239113374846056","0.0071714653968811","103.912002563477","5"
"5","0.249173463089392","0.00922228145599365","104.012001037598","5"
"5","0.259280117461458","0.0107798128128052","104.111999511719","5"
"5","0.269433367066085","0.0123658876419067","104.21199798584","5"
"5","0.279260566458106","0.0140471649169922","104.311996459961","5"
"5","0.289320654701442","0.0156208143234253","104.412002563477","5"
"5","0.299334176816046","0.0175887832641602","104.512001037598","5"
"5","0.309394265059382","0.0193055667877197","104.611999511719","5"
"5","0.319314625812694","0.0209426326751709","104.71199798584","5"
"5","0.329328147927299","0.0223529033660889","104.811996459961","5"
"5","0.339434802299365","0.0241795883178711","104.912002563477","5"
"5","0.349262030795217","0.0256044425964355","105.012001037598","5"
"5","0.359415251296014","0.0274255695343018","105.111999511719","5"
"5","0.369335612049326","0.029303918838501","105.21199798584","5"
"5","0.3793025680352","0.0312289447784424","105.311996459961","5"
"5","0.389409222407266","0.0330291175842285","105.412002563477","5"
"5","0.399329583160579","0.0342757148742676","105.512001037598","5"
"5","0.409389671403915","0.0362457084655762","105.611999511719","5"
"5","0.419310032157227","0.0379035148620605","105.71199798584","5"
"5","0.429370120400563","0.0395644493103027","105.811996459961","5"
"5","0.439290481153876","0.0416043014526367","105.912002563477","5"
"5","0.449350569397211","0.0434260215759277","106.012001037598","5"
"5","0.459364091511816","0.0453303031921387","106.111999511719","5"
"5","0.469331018393859","0.0470363845825195","106.21199798584","5"
"5","0.479391106637195","0.0490136375427246","106.311996459961","5"
"5","0.489311467390507","0.0508103179931641","106.412002563477","5"
"5","0.499418121762574","0.0528059883117676","106.512001037598","5"
"5","0.509291945490986","0.0544952964782715","106.611999511719","5"
"5","0.519352033734322","0.0560836791992188","106.71199798584","5"
"5","0.529412121977657","0.0583648796081543","106.811996459961","5"
"5","0.539285887498409","0.0600559539794922","106.912002563477","5"
"5","0.549439166206867","0.0621156959533691","107.012001037598","5"
"5","0.559312931727618","0.0641960678100586","107.111999511719","5"
"5","0.569373019970953","0.0658856506347656","107.21199798584","5"
"5","0.579339975956827","0.0677045135498047","107.311996459961","5"
"5","0.589353439863771","0.0694438095092774","107.412002563477","5"
"5","0.599366961978376","0.0712365798950195","107.512001037598","5"
"5","0.60933391796425","0.0734779281616211","107.611999511719","5"
"5","0.619394006207585","0.0750223617553711","107.71199798584","5"
"5","0.629267771728337","0.0772370834350586","107.811996459961","5"
"5","0.639374484308064","0.0787891082763672","107.912002563477","5"
"5","0.649341382086277","0.0812497329711914","108.012001037598","5"
"5","0.659354904200882","0.0828559646606445","108.111999511719","5"
"5","0.669321860186756","0.0844848098754883","108.21199798584","5"
"5","0.67933538230136","0.0866057891845703","108.311996459961","5"
"5","0.689442036673427","0.0886775970458984","108.412002563477","5"
"5","0.699269236065447","0.0905183181762695","108.512001037598","5"
"5","0.709422456566244","0.0923651733398437","108.611999511719","5"
"5","0.719342846423388","0.0946427536010742","108.71199798584","5"
"5","0.729309802409261","0.0962981719970703","108.811996459961","5"
"5","0.739369890652597","0.0979814071655273","108.912002563477","5"
"5","0.74933678843081","0.100532913208008","109.012001037598","5"
"5","0.759396876674145","0.1024638671875","109.111999511719","5"
"5","0.769317266531289","0.104022720336914","109.21199798584","5"
"5","0.779423920903355","0.105958465576172","109.311996459961","5"
"5","0.789344310760498","0.107889617919922","109.412002563477","5"
"5","0.799357774667442","0.109835716247559","109.512001037598","5"
"5","0.809371296782047","0.111722732543945","109.611999511719","5"
"5","0.81929168663919","0.113755981445313","109.71199798584","5"
"5","0.829398341011256","0.115984832763672","109.811996459961","5"
"5","0.839318672660738","0.117776741027832","109.912002563477","5"
"5","0.849425385240465","0.119586364746094","110.012001037598","5"
"5","0.859299150761217","0.121413032531738","110.111999511719","5"
"5","0.869359239004552","0.123687492370605","110.21199798584","5"
"5","0.879419327247888","0.12561589050293","110.311996459961","5"
"5","0.889246526639909","0.127726135253906","110.412002563477","5"
"5","0.899399805348366","0.129899536132812","110.512001037598","5"
"5","0.909320136997849","0.131684677124023","110.611999511719","5"
"5","0.919333659112453","0.133632278442383","110.71199798584","5"
"5","0.929347181227058","0.135737533569336","110.811996459961","5"
"5","0.939360703341663","0.137510940551758","110.912002563477","5"
"5","0.949374167248607","0.139591751098633","111.012001037598","5"
"5","0.95929455710575","0.141623504638672","111.111999511719","5"
"5","0.969401211477816","0.143533081054688","111.21199798584","5"
"5","0.979321543127298","0.145570388793945","111.311996459961","5"
"5","0.989381689578295","0.147494400024414","111.412002563477","5"
"5","0.999348587356508","0.149537811279297","111.512001037598","5"
"5","1.00936216767877","0.151667297363281","111.611999511719","5"
"5","1.01942219771445","0.153746276855469","111.71199798584","5"
"5","1.02934252936393","0.155657318115234","111.811996459961","5"
"5","1.03940267581493","0.157407730102539","111.912002563477","5"
"5","1.04927644133568","0.15952897644043","112.012001037598","5"
"5","1.05938315391541","0.161552368164063","112.111999511719","5"
"5","1.06935005169362","0.163741348266602","112.21199798584","5"
"5","1.0792703833431","0.165378234863281","112.311996459961","5"
"5","1.08942366205156","0.16749446105957","112.412002563477","5"
"5","1.09934399370104","0.169354110717773","112.512001037598","5"
"5","1.10940414015204","0.171705139160156","112.611999511719","5"
"5","1.11932447180152","0.173568023681641","112.71199798584","5"
"5","1.12938450183719","0.1757265625","112.811996459961","5"
"5","1.13935151603073","0.177720138549805","112.912002563477","5"
"5","1.14931841380894","0.179455703735352","113.012001037598","5"
"5","1.15942512638867","0.181645599365234","113.111999511719","5"
"5","1.16929889190942","0.184106643676758","113.21199798584","5"
"5","1.1793589219451","0.185836868286133","113.311996459961","5"
"5","1.18932593613863","0.188078033447266","113.412002563477","5"
"5","1.1993859661743","0.189765533447266","113.512001037598","5"
"5","1.20930641423911","0.192021469116211","113.611999511719","5"
"5","1.21936644427478","0.193992584228516","113.71199798584","5"
"5","1.22942659072578","0.195590713500977","113.811996459961","5"
"5","1.2392537901178","0.197767364501953","113.912002563477","5"
"5","1.24945351853967","0.199810607910156","114.012001037598","5"
"5","1.25932740047574","0.201913940429687","114.111999511719","5"
"5","1.26934086438268","0.204044342041016","114.21199798584","5"
"5","1.27935432828963","0.205993667602539","114.311996459961","5"
"5","1.28932134248316","0.2078955078125","114.412002563477","5"
"5","1.29938137251884","0.210093139648438","114.512001037598","5"
"5","1.30930182058364","0.211790954589844","114.611999511719","5"
"5","1.31940841674805","0.213871994018555","114.71199798584","5"
"5","1.32932874839753","0.215602447509766","114.811996459961","5"
"5","1.33938889484853","0.21784700012207","114.912002563477","5"
"5","1.34935579262674","0.219468597412109","115.012001037598","5"
"5","1.35932280682027","0.221907135009766","115.111999511719","5"
"5","1.36942940298468","0.223939346313477","115.21199798584","5"
"5","1.37930316850543","0.226049667358398","115.311996459961","5"
"5","1.38940988108516","0.228341430664063","115.412002563477","5"
"5","1.39933021273464","0.230085815429688","115.512001037598","5"
"5","1.40939035918564","0.232294189453125","115.611999511719","5"
"5","1.41935725696385","0.23409733581543","115.71199798584","5"
"5","1.42927758861333","0.236484832763672","115.811996459961","5"
"5","1.43943086732179","0.23823405456543","115.912002563477","5"
"5","1.44930463284254","0.240106460571289","116.012001037598","5"
"5","1.45936477929354","0.242159088134766","116.111999511719","5"
"5","1.46933167707175","0.243872741699219","116.21199798584","5"
"5","1.47939182352275","0.246173873901367","116.311996459961","5"
"5","1.48935872130096","0.248377334594727","116.412002563477","5"
"5","1.49858044460416","0.250342376708984","116.512001037598","5"
"5","1.48819433525205","0.248132232666016","116.611999511719","5"
"5","1.47780822589993","0.245392684936523","116.71199798584","5"
"5","1.4676550636068","0.243279006958008","116.811996459961","5"
"5","1.45768804941326","0.240744338989258","116.912002563477","5"
"5","1.44762801937759","0.238448760986328","117.012001037598","5"
"5","1.43761443905532","0.23605126953125","117.111999511719","5"
"5","1.42750784289092","0.233790115356445","117.21199798584","5"
"5","1.4176806434989","0.231715270996094","117.311996459961","5"
"5","1.4076204970479","0.229680740356445","117.412002563477","5"
"5","1.39756046701223","0.227832992553711","117.512001037598","5"
"5","1.38764001894742","0.225155502319336","117.611999511719","5"
"5","1.37753342278302","0.222778137207031","117.71199798584","5"
"5","1.36756640858948","0.220679580688477","117.811996459961","5"
"5","1.35755294468254","0.218609725952148","117.912002563477","5"
"5","1.34758604690433","0.21628303527832","118.012001037598","5"
"5","1.33757246658206","0.21424934387207","118.111999511719","5"
"5","1.32755900267512","0.211808059692383","118.21199798584","5"
"5","1.31759198848158","0.209356140136719","118.311996459961","5"
"5","1.30753195844591","0.207361770629883","118.412002563477","5"
"5","1.29761162679642","0.205120544433594","118.512001037598","5"
"5","1.28755148034543","0.202779998779297","118.611999511719","5"
"5","1.27758458256721","0.201006866455078","118.71199798584","5"
"5","1.26757100224495","0.198514465332031","118.811996459961","5"
"5","1.25760410446674","0.196486114501953","118.912002563477","5"
"5","1.24759064055979","0.194131195068359","119.012001037598","5"
"5","1.23748392798007","0.192274353027344","119.111999511719","5"
"5","1.22765672858804","0.190003280639648","119.21199798584","5"
"5","1.21755001600832","0.187539108276367","119.311996459961","5"
"5","1.2075831182301","0.18561637878418","119.412002563477","5"
"5","1.19761622045189","0.183367218017578","119.512001037598","5"
"5","1.1875560740009","0.181276809692383","119.611999511719","5"
"5","1.17758917622268","0.178856842041016","119.71199798584","5"
"5","1.16757559590042","0.17671907043457","119.811996459961","5"
"5","1.1576086981222","0.174403396606445","119.912002563477","5"
"5","1.14750198554248","0.172177719116211","120.012001037598","5"
"5","1.13758165389299","0.170045288085937","120.111999511719","5"
"5","1.12756818998605","0.168335601806641","120.21199798584","5"
"5","1.11755460966378","0.166034851074219","120.311996459961","5"
"5","1.1076342780143","0.163816253662109","120.412002563477","5"
"5","1.09752756543458","0.16165788269043","120.512001037598","5"
"5","1.08760723378509","0.159660537719727","120.611999511719","5"
"5","1.07754720374942","0.157175415039063","120.71199798584","5"
"5","1.06762675568461","0.155104751586914","120.811996459961","5"
"5","1.05756672564894","0.153166961669922","120.912002563477","5"
"5","1.04755314532667","0.15083512878418","121.012001037598","5"
"5","1.03763281367719","0.14881657409668","121.111999511719","5"
"5","1.02752621751279","0.146765487670898","121.21199798584","5"
"5","1.01760576944798","0.144884811401367","121.311996459961","5"
"5","1.00754573941231","0.142660446166992","121.412002563477","5"
"5","0.997578725218773","0.140317520141602","121.512001037598","5"
"5","0.987565261311829","0.138633834838867","121.611999511719","5"
"5","0.977598363533616","0.136210296630859","121.71199798584","5"
"5","0.967631407547742","0.13406494140625","121.811996459961","5"
"5","0.957524753175676","0.132399658203125","121.912002563477","5"
"5","0.947650929447263","0.130246963500977","122.012001037598","5"
"5","0.937544275075197","0.128046432495117","122.111999511719","5"
"5","0.927577319089323","0.126252754211426","122.21199798584","5"
"5","0.917563796974719","0.124085418701172","122.311996459961","5"
"5","0.907550333067775","0.121627754211426","122.412002563477","5"
"5","0.897583377081901","0.119557807922363","122.512001037598","5"
"5","0.887523288838565","0.117688690185547","122.611999511719","5"
"5","0.877649523317814","0.115924110412598","122.71199798584","5"
"5","0.867542810738087","0.113599029541016","122.811996459961","5"
"5","0.857529346831143","0.111775939941406","122.912002563477","5"
"5","0.847608956974","0.109308212280273","123.012001037598","5"
"5","0.837548868730664","0.107397819519043","123.111999511719","5"
"5","0.82758191274479","0.105748886108398","123.21199798584","5"
"5","0.817568390630186","0.103260215759277","123.311996459961","5"
"5","0.807601492851973","0.101553604125977","123.412002563477","5"
"5","0.797541404608637","0.099714111328125","123.512001037598","5"
"5","0.787621014751494","0.0976389236450195","123.611999511719","5"
"5","0.777607492636889","0.0959285736083984","123.71199798584","5"
"5","0.767547404393554","0.0935447387695312","123.811996459961","5"
"5","0.757627072744071","0.0917131423950195","123.912002563477","5"
"5","0.747566984500736","0.0899379425048828","124.012001037598","5"
"5","0.737600028514862","0.087836067199707","124.111999511719","5"
"5","0.727539940271527","0.0857857284545898","124.21199798584","5"
"5","0.717619608622044","0.0840416793823242","124.311996459961","5"
"5","0.70760608650744","0.0820067520141602","124.412002563477","5"
"5","0.697545998264104","0.0801425552368164","124.512001037598","5"
"5","0.687625608406961","0.0783811492919922","124.611999511719","5"
"5","0.677518954034895","0.0762799987792969","124.71199798584","5"
"5","0.667598564177752","0.0746378631591797","124.811996459961","5"
"5","0.657631666399539","0.0722530670166016","124.912002563477","5"
"5","0.647571578156203","0.0703643951416016","125.012001037598","5"
"5","0.637558056041598","0.0683842086791992","125.111999511719","5"
"5","0.627591100055724","0.0667134094238281","125.21199798584","5"
"5","0.617624202277511","0.065235969543457","125.311996459961","5"
"5","0.607517489697784","0.0631065292358398","125.412002563477","5"
"5","0.597643724177033","0.0616305046081543","125.512001037598","5"
"5","0.587583635933697","0.0596034088134766","125.611999511719","5"
"5","0.577570113819093","0.0575927581787109","125.71199798584","5"
"5","0.567603157833219","0.0558569869995117","125.811996459961","5"
"5","0.557543069589883","0.0541176719665527","125.912002563477","5"
"5","0.54757617181167","0.0523421058654785","126.012001037598","5"
"5","0.537516083568335","0.0501072387695312","126.111999511719","5"
"5","0.527642259839922","0.0485180168151855","126.21199798584","5"
"5","0.517535605467856","0.0465954704284668","126.311996459961","5"
"5","0.507522083353251","0.0448076629638672","126.412002563477","5"
"5","0.4976483178325","0.0433117256164551","126.512001037598","5"
"5","0.487541663460433","0.041707576751709","126.611999511719","5"
"5","0.47757470747456","0.0401322135925293","126.71199798584","5"
"5","0.467561214463785","0.0379864768981934","126.811996459961","5"
"5","0.457640824606642","0.0365773124694824","126.912002563477","5"
"5","0.447534170234576","0.0348689651489258","127.012001037598","5"
"5","0.437567243352532","0.0333790817260742","127.111999511719","5"
"5","0.427600287366658","0.0316608695983887","127.21199798584","5"
"5","0.417540199123323","0.0304786262512207","127.311996459961","5"
"5","0.40761983837001","0.028389274597168","127.412002563477","5"
"5","0.397513183997944","0.0268186492919922","127.512001037598","5"
"5","0.387592823244631","0.0255401992797852","127.611999511719","5"
"5","0.377532735001296","0.0238614120483398","127.71199798584","5"
"5","0.367612374247983","0.0222700214385986","127.811996459961","5"
"5","0.357598852133378","0.0208515338897705","127.912002563477","5"
"5","0.347538763890043","0.0194573001861572","128.011993408203","5"
"5","0.33761840313673","0.0183391780853271","128.111999511719","5"
"5","0.327511748764664","0.0171313400268555","128.212005615234","5"
"5","0.317591388011351","0.0155933437347412","128.311996459961","5"
"5","0.307577865896747","0.0145214624404907","128.412002563477","5"
"5","0.297564343782142","0.013040581703186","128.511993408203","5"
"5","0.287597416900098","0.0117409391403198","128.611999511719","5"
"5","0.277583894785494","0.0103619842529297","128.712005615234","5"
"5","0.26761696790345","0.00901669120788574","128.811996459961","5"
"5","0.257510284427553","0.00835555553436279","128.912002563477","5"
"5","0.247636518906802","0.00722614860534668","129.011993408203","5"
"5","0.23752984998282","0.00611233520507813","129.111999511719","5"
"5","0.227562908548862","0.0051633996963501","129.212005615234","5"
"5","0.22593280300498","0.00509645128250122","129.235992431641","5"
